season,team_id,week,slot,starter_name,starter_points,bench_alternative,bench_points,points_left_on_bench,team_name
2024,2,17,QB,Jalen Hurts,0.0,Baker Mayfield,44.56,44.56,Show Me Dem TDs
2023,8,15,QB,Joshua Dobbs,0.0,Baker Mayfield,40.04,40.04,False Shart
2022,5,4,FLEX,Gabe Davis,2.3,T.J. Hockenson,39.900000000000006,37.6,One-cut Heroes
2023,4,16,FLEX,DeAndre Hopkins,4.0,George Pickens,41.5,37.5,Greendale Human Beings
2022,11,15,QB,Justin Herbert,8.719999999999999,Kirk Cousins,45.400000000000006,36.68,Seattle  Ricks 
2025,1,15,FLEX,Cooper Kupp,9.600000000000001,Kyle Pitts Sr.,45.6,36.0,"Two Gibbs, One Kupp"
2023,6,5,FLEX,Jayden Reed,1.7000000000000002,Zack Moss,36.5,34.8,Whos Yurdatty
2022,5,5,FLEX,AJ Dillon,3.4000000000000004,Gabe Davis,38.1,34.7,One-cut Heroes
2024,6,17,WR,Marquez Valdes-Scantling,0.0,Marvin Mims Jr.,33.2,33.2,Whos Yurdatty
2023,4,14,QB,Tua Tagovailoa,9.1,Lamar Jackson,41.64,32.54,Greendale Human Beings
2022,5,5,FLEX,Corey Davis,5.800000000000001,Gabe Davis,38.1,32.3,One-cut Heroes
2025,1,15,TE,Travis Kelce,14.0,Kyle Pitts Sr.,45.6,31.6,"Two Gibbs, One Kupp"
2023,9,12,QB,Brock Purdy,12.459999999999999,Josh Allen,43.660000000000004,31.2,Olivas - Alone
2022,11,11,FLEX,D'Onta Foreman,2.4000000000000004,Joshua Palmer,33.6,31.2,Seattle  Ricks 
2023,11,13,QB,Justin Herbert,7.98,Geno Smith,38.96,30.98,Seattle  Ricks 
2023,4,16,FLEX,Isiah Pacheco,10.6,George Pickens,41.5,30.9,Greendale Human Beings
2022,5,4,FLEX,AJ Dillon,9.4,T.J. Hockenson,39.900000000000006,30.5,One-cut Heroes
2023,9,4,RB,Antonio Gibson,3.6000000000000005,David Montgomery,34.1,30.5,Olivas - Alone
2025,9,4,RB,Jaylen Warren,0.0,Omarion Hampton,30.5,30.5,Cartel Del Taco
2022,1,16,FLEX,Chris Olave,0.0,Tyler Higbee,30.4,30.4,D. Adams Family
2022,5,5,WR,Robert Woods,7.7,Gabe Davis,38.1,30.4,One-cut Heroes
2022,5,4,TE,David Njoku,9.700000000000001,T.J. Hockenson,39.900000000000006,30.2,One-cut Heroes
2024,10,17,QB,Cooper Rush,8.08,Jayden Daniels,37.78,29.7,Team Clucker Fuckers
2023,4,8,WR,George Pickens,9.2,DeAndre Hopkins,38.8,29.6,Greendale Human Beings
2024,7,8,QB,Geno Smith,8.08,Kirk Cousins,37.64,29.56,Cee Dees in the Face
2025,5,8,QB,Baker Mayfield,4.08,Tua Tagovailoa,33.2,29.12,One-cut Heroes
2025,5,3,FLEX,Jauan Jennings,0.0,Hunter Henry,29.0,29.0,One-cut Heroes
2023,4,1,QB,Lamar Jackson,6.5600000000000005,Tua Tagovailoa,35.14,28.58,Greendale Human Beings
2024,5,5,FLEX,Deebo Samuel Sr.,3.0,Darnell Mooney,31.5,28.5,One-cut Heroes
2023,8,10,FLEX,Marquise Brown,3.8000000000000003,Brandin Cooks,32.3,28.5,False Shart
2024,5,4,RB,Cam Akers,5.300000000000001,Kenneth Walker III,33.6,28.3,One-cut Heroes
2024,3,7,FLEX,DeAndre Hopkins,0.8,Rachaad White,29.1,28.3,Kareemin' My Jeans
2025,6,7,QB,C.J. Stroud,15.66,Bo Nix,43.96,28.3,Whos Yurdatty
2024,10,16,QB,Cooper Rush,17.28,Jayden Daniels,45.42,28.14,Team Clucker Fuckers
2022,5,5,WR,CeeDee Lamb,10.3,Gabe Davis,38.1,27.8,One-cut Heroes
2023,6,5,FLEX,Tutu Atwell,8.9,Zack Moss,36.5,27.6,Whos Yurdatty
2023,9,16,QB,Brock Purdy,2.4000000000000004,Josh Allen,29.98,27.58,Olivas - Alone
2023,4,7,QB,Tua Tagovailoa,12.34,Lamar Jackson,39.88,27.54,Greendale Human Beings
2025,10,14,QB,Daniel Jones,0.7999999999999998,Sam Darnold,28.26,27.46,Team Clucker Fuckers
2025,9,9,QB,Drake Maye,20.36,Caleb Williams,47.7,27.34,Cartel Del Taco
2022,3,4,FLEX,Amari Cooper,1.9,Dameon Pierce,28.900000000000002,27.0,Kareemin' My Jeans
2025,9,7,D/ST,Steelers D/ST,-3.0,Browns D/ST,24.0,27.0,Cartel Del Taco
2025,5,11,FLEX,Xavier Worthy,5.5,TreVeyon Henderson,32.3,26.8,One-cut Heroes
2025,3,16,FLEX,Bam Knight,0.0,Parker Washington,26.5,26.5,Shooting Ropes💦
2022,3,17,FLEX,Ja'Marr Chase,0.0,Amari Cooper,26.5,26.5,Kareemin' My Jeans
2023,7,1,FLEX,Darren Waller,6.6,Brandon Aiyuk,32.9,26.3,Put it Justin??
2023,4,8,FLEX,Kendrick Bourne,12.6,DeAndre Hopkins,38.8,26.2,Greendale Human Beings
2023,5,9,FLEX,Josh Downs,2.0,Rachaad White,27.900000000000002,25.9,One-cut Heroes
2022,8,8,FLEX,George Pickens,0.0,Tyler Conklin,25.9,25.9,False Shart
2023,4,8,WR,Mike Evans,12.9,DeAndre Hopkins,38.8,25.9,Greendale Human Beings
2022,9,2,FLEX,Devin Singletary,4.1000000000000005,Garrett Wilson,30.0,25.9,Slim Pickins
2025,12,4,FLEX,Ladd McConkey,2.1,Woody Marks,27.9,25.8,Blunder Bust 2000
2025,3,13,QB,Joe Flacco,0.0,Trevor Lawrence,25.66,25.66,Shooting Ropes💦
2023,8,4,QB,Kenny Pickett,3.460000000000001,Baker Mayfield,28.939999999999998,25.48,False Shart
2024,12,17,TE,Evan Engram,0.0,Zach Ertz,25.2,25.2,El Ultimo Hombre
2024,6,17,FLEX,George Pickens,8.0,Marvin Mims Jr.,33.2,25.2,Whos Yurdatty
2024,3,7,RB,Austin Ekeler,4.0,Rachaad White,29.1,25.1,Kareemin' My Jeans
2025,12,4,FLEX,Kayshon Boutte,2.8,Woody Marks,27.9,25.1,Blunder Bust 2000
2025,1,15,FLEX,Chris Olave,20.5,Kyle Pitts Sr.,45.6,25.1,"Two Gibbs, One Kupp"
2025,1,5,FLEX,Jameson Williams,2.0,Jacory Croskey-Merritt,27.0,25.0,"Two Gibbs, One Kupp"
2025,9,3,FLEX,Xavier Worthy,0.0,Omarion Hampton,24.9,24.9,Cartel Del Taco
2024,8,16,FLEX,Khalil Shakir,4.2,Jameson Williams,29.0,24.8,Here's to you
2023,12,15,FLEX,Nico Collins,0.0,Ty Chandler,24.700000000000003,24.7,El Ultimo Hombre
2023,12,15,RB,Alexander Mattison,0.0,Ty Chandler,24.700000000000003,24.7,El Ultimo Hombre
2022,11,16,QB,Justin Herbert,5.5,Kirk Cousins,30.16,24.66,Seattle  Ricks 
2025,8,6,FLEX,Michael Pittman Jr.,4.0,D'Andre Swift,28.5,24.5,Run CMC
2023,12,16,QB,C.J. Stroud,0.0,Kyler Murray,24.400000000000002,24.4,El Ultimo Hombre
2022,9,12,FLEX,Mike Evans,5.1,Garrett Wilson,29.4,24.3,Slim Pickins
2025,11,5,TE,Zach Ertz,0.0,AJ Barner,24.3,24.3,Seattle  Ricks 
2023,5,9,FLEX,Chris Godwin,3.6,Rachaad White,27.900000000000002,24.3,One-cut Heroes
2023,6,8,QB,Jared Goff,14.68,Sam Howell,38.980000000000004,24.3,Whos Yurdatty
2022,5,1,FLEX,Lance McCutcheon,0.0,Robbie Anderson,24.200000000000003,24.2,One-cut Heroes
2023,5,4,FLEX,Damien Harris,2.9000000000000004,DJ Moore,27.1,24.2,One-cut Heroes
2023,9,4,QB,Brock Purdy,23.32,Josh Allen,47.5,24.18,Olivas - Alone
2024,10,17,FLEX,Isiah Pacheco,1.8,Michael Pittman Jr.,25.9,24.1,Team Clucker Fuckers
2023,3,1,FLEX,Terry McLaurin,5.1,Jakobi Meyers,29.1,24.0,Kareemin' My Jeans
2023,4,8,FLEX,Amari Cooper,14.9,DeAndre Hopkins,38.8,23.9,Greendale Human Beings
2022,3,17,FLEX,Adam Thielen,2.6,Amari Cooper,26.5,23.9,Kareemin' My Jeans
2023,8,16,QB,Joshua Dobbs,0.0,Baker Mayfield,23.82,23.82,False Shart
2024,4,5,QB,Josh Allen,17.64,Lamar Jackson,41.42,23.78,Greendale Human Beings
2023,6,8,FLEX,Jauan Jennings,0.0,Gabe Davis,23.700000000000003,23.7,Whos Yurdatty
2024,1,15,QB,C.J. Stroud,15.64,Aaron Rodgers,39.06,23.42,LaPorta Potty
2022,1,16,WR,Davante Adams,3.5,Tee Higgins,26.8,23.3,D. Adams Family
2023,8,11,FLEX,Marquise Brown,3.2,Jaylen Warren,26.5,23.3,False Shart
2023,4,4,FLEX,Amari Cooper,2.6,Isiah Pacheco,25.8,23.2,Greendale Human Beings
2025,8,4,QB,Geno Smith,13.780000000000001,Dak Prescott,36.96,23.18,Run CMC
2025,5,11,FLEX,Ashton Jeanty,9.4,TreVeyon Henderson,32.3,22.9,One-cut Heroes
2023,10,16,QB,Gardner Minshew,9.14,Derek Carr,31.96,22.82,Team Clucker Fuckers
2025,11,11,FLEX,Zach Charbonnet,6.7,Kenneth Gainwell,29.5,22.8,Seattle  Ricks 
2025,8,7,FLEX,Brian Thomas Jr.,6.1,Keenan Allen,28.9,22.8,Run CMC
2022,9,17,RB,Devin Singletary,0.0,Jamaal Williams,22.7,22.7,Slim Pickins
2024,7,3,TE,Dalton Schultz,3.1,Cole Kmet,25.700000000000003,22.6,Cee Dees in the Face
2025,1,8,RB,Jacory Croskey-Merritt,2.5,RJ Harvey,25.1,22.6,"Two Gibbs, One Kupp"
2022,9,2,WR,DK Metcalf,7.5,Garrett Wilson,30.0,22.5,Slim Pickins
2023,8,10,FLEX,Gus Edwards,9.8,Brandin Cooks,32.3,22.5,False Shart
2022,3,17,WR,Christian Kirk,4.1,Amari Cooper,26.5,22.4,Kareemin' My Jeans
2024,10,11,QB,Jayden Daniels,15.440000000000001,Bo Nix,37.78,22.34,Team Clucker Fuckers
2025,5,3,FLEX,James Conner,6.7,Hunter Henry,29.0,22.3,One-cut Heroes
2022,1,8,WR,Davante Adams,1.2000000000000002,Rondale Moore,23.4,22.2,D. Adams Family
2025,5,3,TE,Tyler Warren,6.800000000000001,Hunter Henry,29.0,22.2,One-cut Heroes
2025,10,9,QB,Daniel Jones,16.08,Sam Darnold,38.2,22.12,Team Clucker Fuckers
2025,4,2,FLEX,Aaron Jones Sr.,2.3000000000000003,Tucker Kraft,24.4,22.1,Flipadelphia Cheesestoinks
2024,9,15,FLEX,Marvin Harrison Jr.,5.2,Tyjae Spears,27.200000000000003,22.0,Cartel Del Taco
2023,5,9,RB,Bijan Robinson,5.9,Rachaad White,27.900000000000002,22.0,One-cut Heroes
2025,6,13,WR,Zay Flowers,0.6000000000000001,Terry McLaurin,22.6,22.0,Whos Yurdatty
2025,11,11,QB,Justin Herbert,3.34,Brock Purdy,25.3,21.96,Seattle  Ricks 
2022,4,3,RB,Javonte Williams,9.0,Khalil Herbert,30.900000000000002,21.9,Greendale Human Beings
2024,10,17,FLEX,Devin Singletary,4.0,Michael Pittman Jr.,25.9,21.9,Team Clucker Fuckers
2024,8,1,FLEX,Chase Brown,5.3,Isaiah Likely,27.1,21.8,Here's to you
2024,5,4,RB,Josh Jacobs,11.8,Kenneth Walker III,33.6,21.8,One-cut Heroes
2023,7,1,WR,Michael Thomas,11.100000000000001,Brandon Aiyuk,32.9,21.8,Put it Justin??
2025,6,11,RB,Kareem Hunt,13.200000000000001,Sean Tucker,35.0,21.8,Whos Yurdatty
2024,2,16,QB,Jalen Hurts,4.540000000000001,Baker Mayfield,26.32,21.78,Show Me Dem TDs
2025,12,16,FLEX,Woody Marks,0.0,Tyjae Spears,21.5,21.5,Blunder Bust 2000
2024,6,3,TE,Trey McBride,5.5,Dallas Goedert,27.0,21.5,Whos Yurdatty
2024,4,15,FLEX,Cooper Kupp,0.0,Jerome Ford,21.4,21.4,Greendale Human Beings
2023,6,9,FLEX,Zack Moss,2.6,Jonnu Smith,24.0,21.4,Whos Yurdatty
2025,11,11,RB,Rachaad White,8.200000000000001,Kenneth Gainwell,29.5,21.3,Seattle  Ricks 
2023,8,17,QB,Joshua Dobbs,0.0,Baker Mayfield,21.259999999999998,21.26,False Shart
2023,3,5,QB,Russell Wilson,22.740000000000002,Justin Fields,43.980000000000004,21.24,Kareemin' My Jeans
2022,10,1,FLEX,Darnell Mooney,1.8,Kareem Hunt,23.0,21.2,Team Clucker Fuckers
2023,7,1,FLEX,J.K. Dobbins,11.7,Brandon Aiyuk,32.9,21.2,Put it Justin??
2024,4,3,FLEX,Ezekiel Elliott,2.2,Rome Odunze,23.4,21.2,Greendale Human Beings
2023,3,2,QB,Justin Fields,16.74,Russell Wilson,37.92,21.18,Kareemin' My Jeans
2022,8,17,QB,Josh Allen,0.0,Geno Smith,21.12,21.12,False Shart
2024,6,3,FLEX,Tony Pollard,5.9,Dallas Goedert,27.0,21.1,Whos Yurdatty
2022,1,4,RB,Cam Akers,1.3,J.K. Dobbins,22.3,21.0,D. Adams Family
2024,1,13,WR,Tank Dell,3.3000000000000003,Keenan Allen,24.3,21.0,LaPorta Potty
2024,9,7,FLEX,Marvin Harrison Jr.,5.1,Javonte Williams,26.1,21.0,Cartel Del Taco
2023,9,4,RB,Brian Robinson Jr.,13.1,David Montgomery,34.1,21.0,Olivas - Alone
2022,9,2,WR,Mike Evans,9.100000000000001,Garrett Wilson,30.0,20.9,Slim Pickins
2024,3,7,FLEX,Dalton Kincaid,8.2,Rachaad White,29.1,20.9,Kareemin' My Jeans
2023,11,1,FLEX,Tyler Lockett,3.0,Michael Pittman Jr.,23.700000000000003,20.7,Seattle  Ricks 
2023,6,5,RB,Raheem Mostert,15.8,Zack Moss,36.5,20.7,Whos Yurdatty
2023,5,15,FLEX,Josh Downs,4.9,Chris Godwin,25.5,20.6,One-cut Heroes
2022,12,3,WR,Jahan Dotson,3.0,Tyler Boyd,23.5,20.5,Shart City Poo Bums
2024,7,6,TE,Tucker Kraft,3.5,Cole Kmet,24.0,20.5,Cee Dees in the Face
2025,11,17,FLEX,Troy Franklin,5.7,Zach Charbonnet,26.2,20.5,Seattle  Ricks 
2022,5,13,RB,James Robinson,1.0,Samaje Perine,21.5,20.5,One-cut Heroes
2025,9,10,FLEX,Rhamondre Stevenson,0.0,Breece Hall,20.5,20.5,Cartel Del Taco
2025,6,11,RB,Bam Knight,14.5,Sean Tucker,35.0,20.5,Whos Yurdatty
2024,6,6,QB,Dak Prescott,3.2199999999999998,Justin Fields,23.7,20.48,Whos Yurdatty
2025,5,12,WR,Josh Downs,3.0,DJ Moore,23.4,20.4,One-cut Heroes
2022,9,12,FLEX,Devin Singletary,9.0,Garrett Wilson,29.4,20.4,Slim Pickins
2025,9,7,WR,Jerry Jeudy,3.7,Travis Hunter,24.1,20.4,Cartel Del Taco
2024,9,13,TE,T.J. Hockenson,5.800000000000001,David Njoku,26.2,20.4,Cartel Del Taco
2022,7,17,FLEX,Joe Mixon,0.0,Cordarrelle Patterson,20.4,20.4,Worst Cook
2024,4,4,QB,Josh Allen,7.300000000000001,Lamar Jackson,27.64,20.34,Greendale Human Beings
2025,6,11,FLEX,Tre Tucker,14.7,Sean Tucker,35.0,20.3,Whos Yurdatty
2022,9,8,FLEX,Courtland Sutton,2.3,Jamaal Williams,22.6,20.3,Slim Pickins
2024,1,4,RB,J.K. Dobbins,9.2,D'Andre Swift,29.5,20.3,LaPorta Potty
2023,3,15,FLEX,Garrett Wilson,5.9,Terry McLaurin,26.1,20.2,Kareemin' My Jeans
2023,11,15,RB,Josh Jacobs,0.0,Kenneth Walker III,20.200000000000003,20.2,Seattle  Ricks 
2022,10,17,QB,Patrick Mahomes,31.520000000000003,Tom Brady,51.68,20.16,Team Clucker Fuckers
2023,3,10,RB,Miles Sanders,3.0,Devin Singletary,23.1,20.1,Kareemin' My Jeans
2025,12,15,RB,Quinshon Judkins,4.699999999999999,Tyrone Tracy Jr.,24.7,20.0,Blunder Bust 2000
2024,2,9,FLEX,Jalen McMillan,0.0,Ray Davis,20.0,20.0,Show Me Dem TDs
2025,6,14,FLEX,Terry McLaurin,7.1000000000000005,Blake Corum,27.1,20.0,Whos Yurdatty
2024,12,15,D/ST,Bills D/ST,-4.0,Packers D/ST,16.0,20.0,El Ultimo Hombre
2024,8,17,FLEX,Khalil Shakir,5.5,Jameson Williams,25.5,20.0,Here's to you
2023,10,9,FLEX,Zay Flowers,2.1,Diontae Johnson,22.0,19.9,Team Clucker Fuckers
2022,12,15,FLEX,DJ Chark,2.8,Juwan Johnson,22.7,19.9,Shart City Poo Bums
2025,1,2,QB,Patrick Mahomes,25.080000000000002,Jared Goff,44.96,19.88,"Two Gibbs, One Kupp"
2023,5,17,QB,Matthew Stafford,14.579999999999998,Jordan Love,34.44,19.86,One-cut Heroes
2025,8,6,RB,James Cook III,8.700000000000001,D'Andre Swift,28.5,19.8,Run CMC
2025,12,17,WR,Marvin Harrison Jr.,0.0,Jayden Higgins,19.8,19.8,Blunder Bust 2000
2023,12,17,WR,Ja'Marr Chase,7.1000000000000005,Jayden Reed,26.9,19.8,El Ultimo Hombre
2023,5,15,FLEX,Saquon Barkley,5.700000000000001,Chris Godwin,25.5,19.8,One-cut Heroes
2025,12,17,FLEX,Taysom Hill,0.0,Jayden Higgins,19.8,19.8,Blunder Bust 2000
2022,12,3,FLEX,Jerry Jeudy,3.7,Tyler Boyd,23.5,19.8,Shart City Poo Bums
2022,11,6,WR,Tyler Lockett,3.7,Chase Claypool,23.400000000000002,19.7,Seattle  Ricks 
2025,6,11,FLEX,Tee Higgins,15.3,Sean Tucker,35.0,19.7,Whos Yurdatty
2024,4,13,TE,George Kittle,1.7000000000000002,Jonnu Smith,21.3,19.6,Greendale Human Beings
2024,5,2,QB,Patrick Mahomes,17.94,Kyler Murray,37.54,19.6,One-cut Heroes
2024,6,12,WR,George Pickens,8.8,Jaylen Waddle,28.4,19.6,Whos Yurdatty
2024,9,16,RB,Brian Robinson Jr.,2.1000000000000005,Tyjae Spears,21.6,19.5,Cartel Del Taco
2022,12,1,QB,Matt Ryan,17.28,Carson Wentz,36.72,19.44,Shart City Poo Bums
2023,8,14,QB,Joshua Dobbs,4.62,Baker Mayfield,24.06,19.44,False Shart
2025,3,15,FLEX,Bam Knight,-0.2,Mike Evans,19.200000000000003,19.4,Shooting Ropes💦
2022,2,11,WR,JuJu Smith-Schuster,0.0,Wan'Dale Robinson,19.4,19.4,Show Me Dem TDs
2025,11,17,RB,Kenneth Gainwell,6.8,Zach Charbonnet,26.2,19.4,Seattle  Ricks 
2022,5,12,RB,James Robinson,0.0,Samaje Perine,19.3,19.3,One-cut Heroes
2022,5,1,WR,CeeDee Lamb,4.9,Robbie Anderson,24.200000000000003,19.3,One-cut Heroes
2024,7,4,FLEX,Quentin Johnston,2.3,Justice Hill,21.6,19.3,Cee Dees in the Face
2024,12,3,FLEX,Calvin Ridley,1.9,Jakobi Meyers,21.2,19.3,El Ultimo Hombre
2023,4,4,RB,James Conner,6.6000000000000005,Isiah Pacheco,25.8,19.2,Greendale Human Beings
2022,6,17,FLEX,Zay Jones,5.4,Dalton Schultz,24.6,19.2,Whos Yurdatty
2025,3,16,FLEX,Adonai Mitchell,7.3,Parker Washington,26.5,19.2,Shooting Ropes💦
2022,12,3,WR,Justin Jefferson,4.4,Tyler Boyd,23.5,19.1,Shart City Poo Bums
2022,7,1,QB,Aaron Rodgers,3.6999999999999993,Russell Wilson,22.799999999999997,19.1,Worst Cook
2025,1,17,RB,Jahmyr Gibbs,6.4,Jacory Croskey-Merritt,25.5,19.1,"Two Gibbs, One Kupp"
2022,9,3,RB,Michael Carter,5.6000000000000005,Jamaal Williams,24.700000000000003,19.1,Slim Pickins
2022,7,4,RB,Dalvin Cook,10.600000000000001,Miles Sanders,29.599999999999998,19.0,Worst Cook
2025,3,17,FLEX,Bam Knight,0.0,Parker Washington,19.0,19.0,Shooting Ropes💦
2022,7,17,TE,Dawson Knox,0.0,Mark Andrews,19.0,19.0,Worst Cook
2025,6,1,FLEX,Matthew Golden,3.6,Deebo Samuel,22.6,19.0,Whos Yurdatty
2023,12,17,FLEX,Calvin Ridley,7.9,Jayden Reed,26.9,19.0,El Ultimo Hombre
2025,9,14,QB,Drake Maye,0.0,Caleb Williams,18.94,18.94,Cartel Del Taco
2023,3,5,FLEX,DeVonta Smith,1.6,Jakobi Meyers,20.5,18.9,Kareemin' My Jeans
2025,7,1,FLEX,Jerome Ford,1.5,Javonte Williams,20.4,18.9,Allen to this!
2025,6,13,FLEX,Oronde Gadsden,3.7,Terry McLaurin,22.6,18.9,Whos Yurdatty
2022,11,16,FLEX,Joshua Palmer,3.6,D'Onta Foreman,22.5,18.9,Seattle  Ricks 
2024,3,7,RB,Nick Chubb,10.2,Rachaad White,29.1,18.9,Kareemin' My Jeans
2022,12,15,RB,Jonathan Taylor,2.3,Latavius Murray,21.2,18.9,Shart City Poo Bums
2025,7,7,TE,Darren Waller,0.0,Dalton Schultz,18.8,18.8,Allen to this!
2025,7,7,FLEX,Mike Evans,0.0,Dalton Schultz,18.8,18.8,Allen to this!
2023,4,4,FLEX,Mike Evans,7.0,Isiah Pacheco,25.8,18.8,Greendale Human Beings
2023,5,14,QB,Jordan Love,10.920000000000002,Matthew Stafford,29.66,18.74,One-cut Heroes
2025,5,10,RB,Ashton Jeanty,15.3,TreVeyon Henderson,34.0,18.7,One-cut Heroes
2022,5,15,RB,Kenneth Gainwell,3.4,AJ Dillon,22.1,18.7,One-cut Heroes
2024,4,16,FLEX,Cooper Kupp,5.4,Jerome Ford,24.1,18.7,Greendale Human Beings
2022,5,15,RB,Samaje Perine,3.4000000000000004,AJ Dillon,22.1,18.7,One-cut Heroes
2024,6,12,WR,Tyreek Hill,9.8,Jaylen Waddle,28.4,18.6,Whos Yurdatty
2025,1,8,RB,Alvin Kamara,6.5,RJ Harvey,25.1,18.6,"Two Gibbs, One Kupp"
2025,7,13,WR,Rome Odunze,2.8,Christian Watson,21.3,18.5,Allen to this!
2025,9,4,FLEX,Kenneth Walker III,12.0,Omarion Hampton,30.5,18.5,Cartel Del Taco
2025,8,13,FLEX,Michael Pittman Jr.,2.3,D'Andre Swift,20.8,18.5,Run CMC
2025,6,15,QB,Lamar Jackson,18.6,Bo Nix,37.08,18.48,Whos Yurdatty
2025,1,15,QB,Patrick Mahomes,13.06,Jared Goff,31.52,18.46,"Two Gibbs, One Kupp"
2024,4,3,WR,Tyler Johnson,5.0,Rome Odunze,23.4,18.4,Greendale Human Beings
2022,11,2,FLEX,Rashaad Penny,1.5,Tony Pollard,19.8,18.3,Seattle  Ricks 
2025,3,17,WR,Jaylen Waddle,0.7000000000000001,Parker Washington,19.0,18.3,Shooting Ropes💦
2025,11,17,FLEX,Brian Thomas Jr.,7.9,Zach Charbonnet,26.2,18.3,Seattle  Ricks 
2025,5,10,RB,Travis Etienne Jr.,15.700000000000001,TreVeyon Henderson,34.0,18.3,One-cut Heroes
2023,6,12,FLEX,Odell Beckham Jr.,6.4,Rashee Rice,24.700000000000003,18.3,Whos Yurdatty
2024,11,1,FLEX,Jaxon Smith-Njigba,3.9000000000000004,Jordan Mason,22.200000000000003,18.3,Seattle  Ricks 
2023,12,14,FLEX,Nico Collins,2.3,Jayden Reed,20.5,18.2,El Ultimo Hombre
2025,7,3,TE,Dalton Schultz,8.9,Mark Andrews,27.1,18.2,Allen to this!
2024,11,15,WR,DK Metcalf,5.800000000000001,Rashod Bateman,24.0,18.2,Seattle  Ricks 
2022,1,13,RB,Kyren Williams,0.9,Cam Akers,19.0,18.1,D. Adams Family
2025,10,10,FLEX,Courtland Sutton,5.4,Emeka Egbuka,23.5,18.1,Team Clucker Fuckers
2023,7,17,FLEX,Gabe Davis,4.1,Justice Hill,22.200000000000003,18.1,Put it Justin??
2022,2,5,FLEX,Russell Gage,6.0,Jakobi Meyers,24.1,18.1,Show Me Dem TDs
2022,12,17,WR,Justin Jefferson,2.5,Richie James,20.6,18.1,Shart City Poo Bums
2025,6,14,RB,Kareem Hunt,9.0,Blake Corum,27.1,18.1,Whos Yurdatty
2022,1,14,D/ST,Seahawks D/ST,1.0,Patriots D/ST,19.0,18.0,D. Adams Family
2023,8,12,D/ST,Commanders D/ST,-5.0,Patriots D/ST,13.0,18.0,False Shart
2023,2,5,D/ST,Bills D/ST,5.0,Saints D/ST,23.0,18.0,Show Me Dem TDs
2022,2,11,FLEX,Jerick McKinnon,1.4000000000000004,Wan'Dale Robinson,19.4,18.0,Show Me Dem TDs
2022,9,17,FLEX,Garrett Wilson,4.8,Jamaal Williams,22.7,17.9,Slim Pickins
2025,6,3,FLEX,Zay Flowers,3.3,Jake Ferguson,21.200000000000003,17.9,Whos Yurdatty
2023,10,15,FLEX,Zay Flowers,1.7000000000000002,Hunter Henry,19.6,17.9,Team Clucker Fuckers
2023,12,8,FLEX,D'Onta Foreman,4.6000000000000005,Taysom Hill,22.46,17.86,El Ultimo Hombre
2022,1,13,RB,Gus Edwards,1.2000000000000002,Cam Akers,19.0,17.8,D. Adams Family
2025,9,7,WR,Tetairoa McMillan,6.300000000000001,Travis Hunter,24.1,17.8,Cartel Del Taco
2023,6,5,RB,Alvin Kamara,18.7,Zack Moss,36.5,17.8,Whos Yurdatty
2022,2,5,WR,JuJu Smith-Schuster,6.300000000000001,Jakobi Meyers,24.1,17.8,Show Me Dem TDs
2022,10,6,RB,Kareem Hunt,1.2000000000000002,Kenneth Walker III,19.000000000000004,17.8,Team Clucker Fuckers
2022,4,3,FLEX,Najee Harris,13.100000000000001,Khalil Herbert,30.900000000000002,17.8,Greendale Human Beings
2024,5,5,WR,Jayden Reed,13.700000000000001,Darnell Mooney,31.5,17.8,One-cut Heroes
2023,10,2,FLEX,Breece Hall,0.9,Drake London,18.7,17.8,Team Clucker Fuckers
2024,7,4,RB,Breece Hall,3.8,Justice Hill,21.6,17.8,Cee Dees in the Face
2024,7,14,QB,Will Levis,7.02,Matthew Stafford,24.8,17.78,Cee Dees in the Face
2025,11,13,TE,Cade Otton,2.9,Zach Ertz,20.6,17.7,Seattle  Ricks 
2025,9,2,FLEX,Omarion Hampton,3.5000000000000004,Rhamondre Stevenson,21.200000000000003,17.7,Cartel Del Taco
2022,5,15,FLEX,Isaiah McKenzie,4.4,AJ Dillon,22.1,17.7,One-cut Heroes
2025,3,10,FLEX,Romeo Doubs,1.5,Juwan Johnson,19.200000000000003,17.7,Shooting Ropes💦
2024,9,8,FLEX,DJ Moore,5.4,Marvin Harrison Jr.,23.1,17.7,Cartel Del Taco
2023,11,3,WR,Tyler Lockett,8.4,Mike Williams,26.1,17.7,Seattle  Ricks 
2023,10,1,WR,Drake London,0.0,Zay Flowers,17.700000000000003,17.7,Team Clucker Fuckers
2025,1,17,QB,Jared Goff,4.08,C.J. Stroud,21.759999999999998,17.68,"Two Gibbs, One Kupp"
2023,8,11,RB,Travis Etienne Jr.,8.899999999999999,Jaylen Warren,26.5,17.6,False Shart
2022,11,11,WR,Brandon Aiyuk,16.0,Joshua Palmer,33.6,17.6,Seattle  Ricks 
2025,6,13,FLEX,Tre Tucker,5.0,Terry McLaurin,22.6,17.6,Whos Yurdatty
2024,7,13,QB,Kirk Cousins,2.1000000000000014,Matthew Stafford,19.62,17.52,Cee Dees in the Face
2024,8,6,FLEX,Alec Pierce,0.0,Alexander Mattison,17.5,17.5,Here's to you
2025,12,4,RB,Kyren Williams,10.399999999999999,Woody Marks,27.9,17.5,Blunder Bust 2000
2024,1,4,FLEX,Tee Higgins,12.0,D'Andre Swift,29.5,17.5,LaPorta Potty
2025,1,5,RB,Alvin Kamara,9.5,Jacory Croskey-Merritt,27.0,17.5,"Two Gibbs, One Kupp"
2024,12,3,WR,Mike Evans,3.7,Jakobi Meyers,21.2,17.5,El Ultimo Hombre
2025,9,7,FLEX,Nico Collins,6.7,Travis Hunter,24.1,17.4,Cartel Del Taco
2025,7,1,FLEX,Rashod Bateman,3.0,Javonte Williams,20.4,17.4,Allen to this!
2023,12,17,RB,Zack Moss,0.0,Jonathan Taylor,17.400000000000002,17.4,El Ultimo Hombre
2025,5,15,WR,Xavier Worthy,5.5,DJ Moore,22.9,17.4,One-cut Heroes
2022,6,5,FLEX,Nyheim Hines,1.8,Raheem Mostert,19.2,17.4,Whos Yurdatty
2023,3,15,WR,Stefon Diggs,8.8,Terry McLaurin,26.1,17.3,Kareemin' My Jeans
2024,3,9,RB,Nick Chubb,4.5,Rico Dowdle,21.7,17.2,Kareemin' My Jeans
2024,7,17,FLEX,Terry McLaurin,1.5,Mike Gesicki,18.6,17.1,Cee Dees in the Face
2022,6,11,FLEX,Kadarius Toney,0.0,Donovan Peoples-Jones,17.1,17.1,Whos Yurdatty
2024,6,3,FLEX,Cam Akers,9.9,Dallas Goedert,27.0,17.1,Whos Yurdatty
2022,12,12,FLEX,Parris Campbell,3.4000000000000004,Brian Robinson Jr.,20.5,17.1,Shart City Poo Bums
2022,7,9,WR,Romeo Doubs,2.8,Mecole Hardman,19.9,17.1,Worst Cook
2025,11,5,FLEX,Jakobi Meyers,7.2,AJ Barner,24.3,17.1,Seattle  Ricks 
2022,9,16,RB,Jamaal Williams,3.4000000000000004,Devin Singletary,20.5,17.1,Slim Pickins
2025,11,11,FLEX,Troy Franklin,12.4,Kenneth Gainwell,29.5,17.1,Seattle  Ricks 
2025,6,4,QB,Lamar Jackson,12.68,Bo Nix,29.740000000000002,17.06,Whos Yurdatty
2022,6,13,QB,Lamar Jackson,1.34,Trevor Lawrence,18.36,17.02,Whos Yurdatty
2022,5,12,RB,Caleb Huntley,2.3000000000000003,Samaje Perine,19.3,17.0,One-cut Heroes
2025,10,10,FLEX,Jordan Addison,6.5,Emeka Egbuka,23.5,17.0,Team Clucker Fuckers
2025,5,10,FLEX,Jauan Jennings,17.1,TreVeyon Henderson,34.0,16.9,One-cut Heroes
2024,9,7,RB,James Cook,9.2,Javonte Williams,26.1,16.9,Cartel Del Taco
2024,4,15,RB,Tyrone Tracy Jr.,4.5,Jerome Ford,21.4,16.9,Greendale Human Beings
2024,11,16,FLEX,Zach Charbonnet,3.3,Gus Edwards,20.1,16.8,Seattle  Ricks 
2025,7,13,FLEX,Darnell Mooney,4.5,Christian Watson,21.3,16.8,Allen to this!
2024,4,13,FLEX,Rome Odunze,4.5,Jonnu Smith,21.3,16.8,Greendale Human Beings
2025,8,7,WR,George Pickens,12.200000000000001,Keenan Allen,28.9,16.7,Run CMC
2024,4,13,FLEX,Cooper Kupp,4.7,Jonnu Smith,21.3,16.6,Greendale Human Beings
2022,3,2,FLEX,Adam Thielen,9.2,Christian Kirk,25.8,16.6,Kareemin' My Jeans
2025,1,9,FLEX,Cooper Kupp,0.0,RJ Harvey,16.6,16.6,"Two Gibbs, One Kupp"
2022,6,17,QB,Trevor Lawrence,4.48,Brock Purdy,21.06,16.58,Whos Yurdatty
2022,1,16,TE,Greg Dulcich,13.9,Tyler Higbee,30.4,16.5,D. Adams Family
2022,3,12,FLEX,Dameon Pierce,4.6,Adam Thielen,21.1,16.5,Kareemin' My Jeans
2023,5,16,WR,Davante Adams,1.4,Romeo Doubs,17.9,16.5,One-cut Heroes
2022,5,3,FLEX,Corey Davis,4.7,Isaiah McKenzie,21.2,16.5,One-cut Heroes
2024,9,1,FLEX,Marvin Harrison Jr.,1.4,Brian Robinson Jr.,17.9,16.5,Cartel Del Taco
2023,8,13,FLEX,Marquise Brown,0.0,Brandin Cooks,16.5,16.5,False Shart
2025,11,13,FLEX,Troy Franklin,4.1,Zach Ertz,20.6,16.5,Seattle  Ricks 
2023,9,10,QB,Josh Allen,16.38,Brock Purdy,32.84,16.46,Olivas - Alone
2023,10,14,WR,Keenan Allen,12.8,Drake London,29.2,16.4,Team Clucker Fuckers
2022,6,8,WR,Rashod Bateman,0.0,Devin Duvernay,16.400000000000002,16.4,Whos Yurdatty
2025,4,2,TE,David Njoku,8.0,Tucker Kraft,24.4,16.4,Flipadelphia Cheesestoinks
2022,4,3,FLEX,Allen Lazard,14.5,Khalil Herbert,30.900000000000002,16.4,Greendale Human Beings
2025,2,1,FLEX,Kaleb Johnson,-0.2,Cedric Tillman,16.2,16.4,Show Me Dem TDs
2025,6,5,FLEX,Elic Ayomanor,3.8,Sam LaPorta,20.200000000000003,16.4,Whos Yurdatty
2022,7,16,QB,Aaron Rodgers,15.32,Jared Goff,31.700000000000003,16.38,Worst Cook
2024,9,4,WR,Davante Adams,0.0,George Pickens,16.3,16.3,Cartel Del Taco
2025,6,3,FLEX,Deebo Samuel,4.9,Jake Ferguson,21.200000000000003,16.3,Whos Yurdatty
2025,8,6,WR,Keenan Allen,6.7,Brian Thomas Jr.,23.0,16.3,Run CMC
2023,5,15,WR,DJ Moore,9.2,Chris Godwin,25.5,16.3,One-cut Heroes
2025,4,4,WR,A.J. Brown,2.7,Khalil Shakir,18.9,16.2,Flipadelphia Cheesestoinks
2023,10,4,RB,Rhamondre Stevenson,6.0,Khalil Herbert,22.2,16.2,Team Clucker Fuckers
2023,9,4,FLEX,D'Andre Swift,17.900000000000002,David Montgomery,34.1,16.2,Olivas - Alone
2022,11,6,FLEX,Tony Pollard,7.2,Chase Claypool,23.400000000000002,16.2,Seattle  Ricks 
2025,11,7,QB,Jayden Daniels,19.740000000000002,Justin Herbert,35.900000000000006,16.16,Seattle  Ricks 
2023,4,4,QB,Tua Tagovailoa,15.979999999999997,Lamar Jackson,32.14,16.16,Greendale Human Beings
2024,6,13,RB,Tony Pollard,8.8,Najee Harris,24.9,16.1,Whos Yurdatty
2023,6,1,FLEX,Skyy Moore,0.4,Zay Jones,16.5,16.1,Whos Yurdatty
2024,10,8,FLEX,Michael Pittman Jr.,2.6,Chris Olave,18.700000000000003,16.1,Team Clucker Fuckers
2023,3,15,WR,DeVonta Smith,10.0,Terry McLaurin,26.1,16.1,Kareemin' My Jeans
2025,5,12,TE,Harold Fannin Jr.,8.4,Hunter Henry,24.5,16.1,One-cut Heroes
2022,6,17,RB,Rhamondre Stevenson,7.1000000000000005,Raheem Mostert,23.099999999999998,16.0,Whos Yurdatty
2023,4,15,FLEX,DeAndre Hopkins,4.1,Clyde Edwards-Helaire,20.1,16.0,Greendale Human Beings
2024,9,11,QB,Russell Wilson,6.299999999999999,Jordan Love,22.24,15.94,Cartel Del Taco
2025,4,13,FLEX,Aaron Jones Sr.,4.5,Chuba Hubbard,20.400000000000002,15.9,Flipadelphia Cheesestoinks
2025,1,17,FLEX,CeeDee Lamb,9.600000000000001,Jacory Croskey-Merritt,25.5,15.9,"Two Gibbs, One Kupp"
2025,1,9,RB,Alvin Kamara,0.7000000000000002,RJ Harvey,16.6,15.9,"Two Gibbs, One Kupp"
2023,11,10,TE,Evan Engram,5.2,Trey McBride,21.1,15.9,Seattle  Ricks 
2023,5,9,QB,Matthew Stafford,0.0,Jordan Love,15.82,15.82,One-cut Heroes
2023,4,3,RB,Derrick Henry,2.0,Jerick McKinnon,17.8,15.8,Greendale Human Beings
2023,12,15,FLEX,Calvin Ridley,8.9,Ty Chandler,24.700000000000003,15.8,El Ultimo Hombre
2023,10,9,FLEX,Puka Nacua,6.2,Diontae Johnson,22.0,15.8,Team Clucker Fuckers
2025,9,3,RB,Breece Hall,9.2,Omarion Hampton,24.9,15.7,Cartel Del Taco
2024,8,11,FLEX,Alexander Mattison,9.9,Jameson Williams,25.6,15.7,Here's to you
2024,9,8,WR,Drake London,7.4,Marvin Harrison Jr.,23.1,15.7,Cartel Del Taco
2024,5,13,WR,Deebo Samuel Sr.,4.0,Jayden Reed,19.700000000000003,15.7,One-cut Heroes
2022,12,2,WR,Jerry Jeudy,2.2,Jahan Dotson,17.9,15.7,Shart City Poo Bums
2022,7,15,TE,Mark Andrews,6.1,Dawson Knox,21.8,15.7,Worst Cook
2023,6,14,WR,Amon-Ra St. Brown,5.1,Odell Beckham Jr.,20.700000000000003,15.6,Whos Yurdatty
2024,4,8,FLEX,Rome Odunze,8.4,Tyrone Tracy Jr.,24.0,15.6,Greendale Human Beings
2024,4,17,FLEX,Rome Odunze,2.5,Wan'Dale Robinson,18.1,15.6,Greendale Human Beings
2024,10,3,FLEX,Rhamondre Stevenson,0.30000000000000027,Christian Kirk,15.9,15.6,Team Clucker Fuckers
2024,7,4,QB,Derek Carr,8.06,Geno Smith,23.6,15.54,Cee Dees in the Face
2024,1,2,TE,Sam LaPorta,3.3,Brock Bowers,18.8,15.5,LaPorta Potty
2022,11,11,WR,DeAndre Hopkins,18.1,Joshua Palmer,33.6,15.5,Seattle  Ricks 
2024,9,15,RB,Brian Robinson Jr.,11.7,Tyjae Spears,27.200000000000003,15.5,Cartel Del Taco
2022,1,14,RB,James Cook,2.5,J.K. Dobbins,18.0,15.5,D. Adams Family
2024,4,15,FLEX,Rome Odunze,5.9,Jerome Ford,21.4,15.5,Greendale Human Beings
2024,8,1,TE,Kyle Pitts,11.6,Isaiah Likely,27.1,15.5,Here's to you
2022,8,11,FLEX,Marquez Valdes-Scantling,2.8,George Pickens,18.3,15.5,False Shart
2022,9,16,FLEX,Garrett Wilson,5.0,Devin Singletary,20.5,15.5,Slim Pickins
2024,12,8,RB,Travis Etienne Jr.,0.0,Bucky Irving,15.4,15.4,El Ultimo Hombre
2022,6,11,FLEX,Devin Duvernay,1.7,Donovan Peoples-Jones,17.1,15.4,Whos Yurdatty
2022,5,3,FLEX,AJ Dillon,5.800000000000001,Isaiah McKenzie,21.2,15.4,One-cut Heroes
2024,9,11,FLEX,T.J. Hockenson,3.3,Javonte Williams,18.7,15.4,Cartel Del Taco
2025,9,2,RB,Breece Hall,5.800000000000001,Rhamondre Stevenson,21.200000000000003,15.4,Cartel Del Taco
2024,8,16,WR,Puka Nacua,13.600000000000001,Jameson Williams,29.0,15.4,Here's to you
2024,11,2,WR,Brandon Aiyuk,8.3,Jaxon Smith-Njigba,23.700000000000003,15.4,Seattle  Ricks 
2022,5,1,QB,Dak Prescott,4.460000000000001,Marcus Mariota,19.799999999999997,15.34,One-cut Heroes
2023,12,15,QB,C.J. Stroud,0.0,Kyler Murray,15.34,15.34,El Ultimo Hombre
2025,5,7,FLEX,TreVeyon Henderson,0.5,Tez Johnson,15.8,15.3,One-cut Heroes
2024,3,16,FLEX,Nick Chubb,0.0,Zay Flowers,15.3,15.3,Kareemin' My Jeans
2022,6,1,FLEX,Hunter Renfrow,5.1,Amon-Ra St. Brown,20.4,15.3,Whos Yurdatty
2024,8,5,FLEX,Alexander Mattison,10.100000000000001,Alec Pierce,25.4,15.3,Here's to you
2025,8,1,WR,Terry McLaurin,4.7,Michael Pittman Jr.,20.0,15.3,Run CMC
2024,6,16,FLEX,Najee Harris,4.2,Ameer Abdullah,19.5,15.3,Whos Yurdatty
2022,7,11,FLEX,Miles Sanders,5.8,Christian Watson,21.1,15.3,Worst Cook
2025,4,2,FLEX,Ricky Pearsall,9.200000000000001,Tucker Kraft,24.4,15.2,Flipadelphia Cheesestoinks
2024,7,13,FLEX,CeeDee Lamb,5.9,Nick Westbrook-Ikhine,21.1,15.2,Cee Dees in the Face
2023,10,14,WR,Puka Nacua,14.0,Drake London,29.2,15.2,Team Clucker Fuckers
2023,10,9,WR,Cooper Kupp,6.800000000000001,Diontae Johnson,22.0,15.2,Team Clucker Fuckers
2024,6,13,FLEX,Taysom Hill,9.7,Najee Harris,24.9,15.2,Whos Yurdatty
2023,8,12,FLEX,Gus Edwards,4.7,Tyler Higbee,19.9,15.2,False Shart
2023,3,15,FLEX,Aaron Jones,10.9,Terry McLaurin,26.1,15.2,Kareemin' My Jeans
2023,11,7,QB,Justin Herbert,12.86,Kirk Cousins,28.020000000000003,15.16,Seattle  Ricks 
2025,1,5,FLEX,Cooper Kupp,11.9,Jacory Croskey-Merritt,27.0,15.1,"Two Gibbs, One Kupp"
2024,8,16,FLEX,Chase Brown,13.9,Jameson Williams,29.0,15.1,Here's to you
2023,4,15,RB,Derrick Henry,5.0,Clyde Edwards-Helaire,20.1,15.1,Greendale Human Beings
2024,6,13,RB,Aaron Jones,9.799999999999999,Najee Harris,24.9,15.1,Whos Yurdatty
2023,11,3,FLEX,Josh Jacobs,11.0,Mike Williams,26.1,15.1,Seattle  Ricks 
2022,12,17,FLEX,Diontae Johnson,5.5,Richie James,20.6,15.1,Shart City Poo Bums
2025,4,10,QB,Jalen Hurts,14.02,Mac Jones,29.060000000000002,15.04,Flipadelphia Cheesestoinks
2025,3,15,WR,Justin Jefferson,4.2,Mike Evans,19.200000000000003,15.0,Shooting Ropes💦
2022,2,11,K,Graham Gano,-2.0,Brandon McManus,13.0,15.0,Show Me Dem TDs
2022,3,2,WR,Ja'Marr Chase,10.8,Christian Kirk,25.8,15.0,Kareemin' My Jeans
2023,12,9,D/ST,Giants D/ST,-1.0,Chiefs D/ST,14.0,15.0,El Ultimo Hombre
2022,10,1,RB,David Montgomery,8.0,Kareem Hunt,23.0,15.0,Team Clucker Fuckers
2025,10,5,QB,Daniel Jones,20.68,Sam Darnold,35.64,14.96,Team Clucker Fuckers
2022,8,4,RB,Alvin Kamara,0.0,Rex Burkhead,14.9,14.9,False Shart
2022,2,5,FLEX,Jerick McKinnon,9.200000000000001,Jakobi Meyers,24.1,14.9,Show Me Dem TDs
2023,10,6,FLEX,Puka Nacua,6.6,Drake London,21.5,14.9,Team Clucker Fuckers
2025,5,2,FLEX,TreVeyon Henderson,6.0,Jauan Jennings,20.9,14.9,One-cut Heroes
2024,1,13,FLEX,D'Andre Swift,9.4,Keenan Allen,24.3,14.9,LaPorta Potty
2024,1,11,QB,C.J. Stroud,10.879999999999999,Derek Carr,25.72,14.84,LaPorta Potty
2024,8,13,TE,Kyle Pitts,0.0,Isaiah Likely,14.8,14.8,Here's to you
2022,6,17,FLEX,Rachaad White,9.8,Dalton Schultz,24.6,14.8,Whos Yurdatty
2024,4,12,FLEX,Rome Odunze,8.9,Jonnu Smith,23.700000000000003,14.8,Greendale Human Beings
2025,8,8,QB,Dak Prescott,6.620000000000001,Jaxson Dart,21.42,14.8,Run CMC
2023,10,8,QB,Gardner Minshew,18.82,Joe Burrow,33.620000000000005,14.8,Team Clucker Fuckers
2023,4,8,QB,Lamar Jackson,13.98,Tua Tagovailoa,28.76,14.78,Greendale Human Beings
2023,12,17,QB,C.J. Stroud,14.92,Kyler Murray,29.68,14.76,El Ultimo Hombre
2022,7,2,FLEX,Josh Jacobs,9.100000000000001,Rashod Bateman,23.8,14.7,Worst Cook
2023,3,8,WR,Jakobi Meyers,2.9000000000000004,Garrett Wilson,17.6,14.7,Kareemin' My Jeans
2024,5,13,FLEX,Darnell Mooney,5.0,Jayden Reed,19.700000000000003,14.7,One-cut Heroes
2025,5,15,FLEX,Ashton Jeanty,8.2,DJ Moore,22.9,14.7,One-cut Heroes
2024,1,12,FLEX,J.K. Dobbins,8.9,Keenan Allen,23.6,14.7,LaPorta Potty
2023,3,1,WR,Garrett Wilson,14.4,Jakobi Meyers,29.1,14.7,Kareemin' My Jeans
2025,3,9,FLEX,Chimere Dike,7.5,Dalton Kincaid,22.1,14.6,Shooting Ropes💦
2025,6,1,WR,Tyreek Hill,8.0,Deebo Samuel,22.6,14.6,Whos Yurdatty
2025,3,15,WR,Jaylen Waddle,4.6,Mike Evans,19.200000000000003,14.6,Shooting Ropes💦
2025,7,5,TE,Mark Andrews,4.2,Darren Waller,18.8,14.6,Allen to this!
2022,9,16,FLEX,Mike Evans,5.9,Devin Singletary,20.5,14.6,Slim Pickins
2023,12,14,WR,Ja'Marr Chase,5.9,Jayden Reed,20.5,14.6,El Ultimo Hombre
2022,12,10,FLEX,Jerry Jeudy,0.0,Brian Robinson Jr.,14.6,14.6,Shart City Poo Bums
2024,2,4,QB,Jalen Hurts,18.32,Baker Mayfield,32.88,14.56,Show Me Dem TDs
2022,12,15,TE,Gerald Everett,8.2,Juwan Johnson,22.7,14.5,Shart City Poo Bums
2024,6,1,FLEX,Raheem Mostert,3.9,Tony Pollard,18.400000000000002,14.5,Whos Yurdatty
2022,5,3,WR,Gabe Davis,6.7,Isaiah McKenzie,21.2,14.5,One-cut Heroes
2024,1,4,FLEX,David Montgomery,15.0,D'Andre Swift,29.5,14.5,LaPorta Potty
2024,9,8,FLEX,Brian Robinson Jr.,8.6,Marvin Harrison Jr.,23.1,14.5,Cartel Del Taco
2024,3,9,FLEX,Dalton Kincaid,7.2,Rico Dowdle,21.7,14.5,Kareemin' My Jeans
2023,10,3,FLEX,Drake London,5.1,DJ Chark Jr.,19.6,14.5,Team Clucker Fuckers
2024,6,16,FLEX,Kendre Miller,5.1,Ameer Abdullah,19.5,14.4,Whos Yurdatty
2025,9,4,RB,Breece Hall,16.1,Omarion Hampton,30.5,14.4,Cartel Del Taco
2025,7,1,RB,Nick Chubb,6.0,Javonte Williams,20.4,14.4,Allen to this!
2024,9,1,FLEX,Drake London,3.5,Brian Robinson Jr.,17.9,14.4,Cartel Del Taco
2025,7,17,WR,Jakobi Meyers,7.9,Christian Watson,22.3,14.4,Allen to this!
2024,4,16,FLEX,Rome Odunze,9.7,Jerome Ford,24.1,14.4,Greendale Human Beings
2022,6,15,QB,Brock Purdy,23.48,Trevor Lawrence,37.82,14.34,Whos Yurdatty
2023,9,12,FLEX,Tee Higgins,0.0,Gerald Everett,14.3,14.3,Olivas - Alone
2025,3,16,WR,Jaylen Waddle,12.2,Parker Washington,26.5,14.3,Shooting Ropes💦
2022,9,13,FLEX,Mike Evans,9.9,Garrett Wilson,24.2,14.3,Slim Pickins
2022,7,17,RB,Miles Sanders,6.1000000000000005,Cordarrelle Patterson,20.4,14.3,Worst Cook
2022,10,17,RB,Kareem Hunt,0.9,Kenneth Walker III,15.200000000000001,14.3,Team Clucker Fuckers
2024,2,1,QB,Jalen Hurts,23.42,Baker Mayfield,37.66,14.24,Show Me Dem TDs
2024,4,17,FLEX,Cooper Kupp,3.9000000000000004,Wan'Dale Robinson,18.1,14.2,Greendale Human Beings
2023,6,17,FLEX,Austin Ekeler,4.000000000000001,Isaiah Likely,18.2,14.2,Whos Yurdatty
2022,1,7,FLEX,Rondale Moore,4.1,Terry McLaurin,18.3,14.2,D. Adams Family
2023,10,4,FLEX,Zay Flowers,8.0,Khalil Herbert,22.2,14.2,Team Clucker Fuckers
2022,5,5,QB,Jared Goff,5.86,Marcus Mariota,19.98,14.12,One-cut Heroes
2022,10,3,RB,David Montgomery,1.1,Breece Hall,15.200000000000001,14.1,Team Clucker Fuckers
2025,1,4,FLEX,Jameson Williams,5.7,RJ Harvey,19.8,14.1,"Two Gibbs, One Kupp"
2024,6,12,FLEX,Ladd McConkey,14.3,Jaylen Waddle,28.4,14.1,Whos Yurdatty
2022,7,11,WR,Michael Gallup,7.1000000000000005,Christian Watson,21.1,14.0,Worst Cook
2024,1,1,FLEX,Tank Dell,8.9,J.K. Dobbins,22.9,14.0,LaPorta Potty
2025,9,8,D/ST,Steelers D/ST,-7.0,Browns D/ST,7.0,14.0,Cartel Del Taco
2022,2,5,D/ST,Dolphins D/ST,-1.0,Colts D/ST,13.0,14.0,Show Me Dem TDs
2025,8,1,FLEX,George Pickens,6.0,Michael Pittman Jr.,20.0,14.0,Run CMC
2022,12,16,D/ST,Broncos D/ST,-3.0,Bills D/ST,11.0,14.0,Shart City Poo Bums
2024,7,17,D/ST,Cowboys D/ST,-3.0,Bears D/ST,11.0,14.0,Cee Dees in the Face
2023,8,17,FLEX,Jordan Addison,5.800000000000001,Jaylen Warren,19.8,14.0,False Shart
2022,7,17,FLEX,Dalvin Cook,6.4,Cordarrelle Patterson,20.4,14.0,Worst Cook
2024,4,13,D/ST,Chiefs D/ST,4.0,Chargers D/ST,18.0,14.0,Greendale Human Beings
2023,5,4,QB,Jordan Love,19.64,Anthony Richardson,33.6,13.96,One-cut Heroes
2023,4,16,WR,Mike Evans,27.6,George Pickens,41.5,13.9,Greendale Human Beings
2025,12,15,FLEX,Woody Marks,10.8,Tyrone Tracy Jr.,24.7,13.9,Blunder Bust 2000
2025,11,5,FLEX,Christian Kirk,10.4,AJ Barner,24.3,13.9,Seattle  Ricks 
2022,10,6,TE,Hayden Hurst,5.1,Robert Tonyan,19.0,13.9,Team Clucker Fuckers
2025,2,13,FLEX,Brock Wright,0.0,Evan Engram,13.9,13.9,Show Me Dem TDs
2025,6,3,TE,Sam LaPorta,7.300000000000001,Jake Ferguson,21.200000000000003,13.9,Whos Yurdatty
2022,7,11,FLEX,Dalvin Cook,7.2,Christian Watson,21.1,13.9,Worst Cook
2023,5,7,FLEX,Chris Godwin,12.600000000000001,Josh Downs,26.5,13.9,One-cut Heroes
2022,3,2,WR,A.J. Brown,11.9,Christian Kirk,25.8,13.9,Kareemin' My Jeans
2025,1,9,QB,Patrick Mahomes,10.5,Jared Goff,24.36,13.86,"Two Gibbs, One Kupp"
2025,8,9,QB,Dak Prescott,17.4,Jaxson Dart,31.240000000000002,13.84,Run CMC
2024,11,15,QB,Brock Purdy,3.9799999999999995,Justin Herbert,17.8,13.82,Seattle  Ricks 
2025,10,2,FLEX,Courtland Sutton,1.6,Bhayshul Tuten,15.399999999999999,13.8,Team Clucker Fuckers
2025,3,17,FLEX,Adonai Mitchell,5.2,Parker Washington,19.0,13.8,Shooting Ropes💦
2023,1,14,RB,Jerome Ford,13.200000000000001,Ezekiel Elliott,27.0,13.8,MaChungus
2025,5,10,FLEX,Tez Johnson,20.2,TreVeyon Henderson,34.0,13.8,One-cut Heroes
2023,5,7,WR,Davante Adams,12.7,Josh Downs,26.5,13.8,One-cut Heroes
2024,6,1,RB,Zamir White,4.6000000000000005,Tony Pollard,18.400000000000002,13.8,Whos Yurdatty
2025,11,2,FLEX,Xavier Legette,0.8,Rachaad White,14.6,13.8,Seattle  Ricks 
2025,8,13,FLEX,Keenan Allen,7.0,D'Andre Swift,20.8,13.8,Run CMC
2025,8,16,FLEX,Audric Estime,6.6000000000000005,Quentin Johnston,20.4,13.8,Run CMC
2023,3,10,RB,Aaron Jones,9.4,Devin Singletary,23.1,13.7,Kareemin' My Jeans
2022,3,4,FLEX,Adam Thielen,15.2,Dameon Pierce,28.900000000000002,13.7,Kareemin' My Jeans
2024,9,16,FLEX,Marvin Harrison Jr.,7.9,Tyjae Spears,21.6,13.7,Cartel Del Taco
2024,9,8,WR,Davante Adams,9.4,Marvin Harrison Jr.,23.1,13.7,Cartel Del Taco
2022,9,6,FLEX,Garrett Wilson,1.8,Chris Godwin,15.5,13.7,Slim Pickins
2024,6,17,FLEX,Tyreek Hill,19.5,Marvin Mims Jr.,33.2,13.7,Whos Yurdatty
2024,2,6,FLEX,Jerry Jeudy,4.5,Ray Davis,18.200000000000003,13.7,Show Me Dem TDs
2025,4,7,RB,David Montgomery,5.8999999999999995,Zach Charbonnet,19.5,13.6,Flipadelphia Cheesestoinks
2022,4,3,RB,Nick Chubb,17.3,Khalil Herbert,30.900000000000002,13.6,Greendale Human Beings
2025,5,11,RB,Chase Brown,18.7,TreVeyon Henderson,32.3,13.6,One-cut Heroes
2025,11,16,FLEX,Brian Thomas Jr.,3.8,Zach Charbonnet,17.4,13.6,Seattle  Ricks 
2023,5,9,RB,Saquon Barkley,14.3,Rachaad White,27.900000000000002,13.6,One-cut Heroes
2022,8,10,FLEX,Chuba Hubbard,1.4000000000000001,Marquez Valdes-Scantling,15.0,13.6,False Shart
2022,11,17,FLEX,Joshua Palmer,0.0,Taysom Hill,13.560000000000002,13.56,Seattle  Ricks 
2022,8,8,TE,Dallas Goedert,12.4,Tyler Conklin,25.9,13.5,False Shart
2022,3,4,RB,Damien Harris,15.4,Dameon Pierce,28.900000000000002,13.5,Kareemin' My Jeans
2025,11,13,WR,Amon-Ra St. Brown,0.0,Kayshon Boutte,13.5,13.5,Seattle  Ricks 
2024,1,16,FLEX,D'Andre Swift,8.3,Tank Dell,21.8,13.5,LaPorta Potty
2023,2,2,WR,A.J. Brown,6.9,Adam Thielen,20.4,13.5,Show Me Dem TDs
2025,3,10,TE,Dalton Kincaid,5.7,Juwan Johnson,19.200000000000003,13.5,Shooting Ropes💦
2023,7,11,RB,De'Von Achane,1.5,Ty Chandler,15.0,13.5,Put it Justin??
2022,11,9,TE,Taysom Hill,1.12,Noah Fant,14.600000000000001,13.48,Seattle  Ricks 
2025,9,4,QB,Caleb Williams,13.780000000000001,Drake Maye,27.22,13.44,Cartel Del Taco
2025,7,2,QB,Josh Allen,11.82,Trevor Lawrence,25.240000000000002,13.42,Allen to this!
2022,7,13,FLEX,Skyy Moore,1.2000000000000002,Curtis Samuel,14.600000000000001,13.4,Worst Cook
2025,9,4,FLEX,Xavier Worthy,17.1,Omarion Hampton,30.5,13.4,Cartel Del Taco
2024,1,12,WR,Tank Dell,10.2,Keenan Allen,23.6,13.4,LaPorta Potty
2025,7,13,RB,Saquon Barkley,5.6000000000000005,Kyle Monangai,19.0,13.4,Allen to this!
2024,4,3,FLEX,Jerome Ford,10.0,Rome Odunze,23.4,13.4,Greendale Human Beings
2024,4,8,RB,Tank Bigsby,10.600000000000001,Tyrone Tracy Jr.,24.0,13.4,Greendale Human Beings
2022,6,5,FLEX,Amon-Ra St. Brown,5.8,Raheem Mostert,19.2,13.4,Whos Yurdatty
2023,11,15,TE,Evan Engram,6.800000000000001,Trey McBride,20.200000000000003,13.4,Seattle  Ricks 
2025,12,14,FLEX,Ladd McConkey,2.2,Woody Marks,15.600000000000001,13.4,Blunder Bust 2000
2023,11,2,QB,Justin Herbert,26.200000000000003,Kirk Cousins,39.56,13.36,Seattle  Ricks 
2025,11,16,FLEX,Colby Parkinson,4.1,Zach Charbonnet,17.4,13.3,Seattle  Ricks 
2025,5,16,FLEX,TreVeyon Henderson,2.2,Hunter Henry,15.5,13.3,One-cut Heroes
2024,7,3,FLEX,Quentin Johnston,12.4,Cole Kmet,25.700000000000003,13.3,Cee Dees in the Face
2022,9,8,RB,Devin Singletary,9.3,Jamaal Williams,22.6,13.3,Slim Pickins
2025,2,5,FLEX,Trey Benson,0.0,Evan Engram,13.3,13.3,Show Me Dem TDs
2025,2,5,TE,Jonnu Smith,0.0,Evan Engram,13.3,13.3,Show Me Dem TDs
2022,6,16,FLEX,Zay Jones,2.1,Rachaad White,15.3,13.2,Whos Yurdatty
2022,5,5,TE,T.J. Hockenson,1.6,David Njoku,14.8,13.2,One-cut Heroes
2022,1,8,FLEX,Chris Olave,10.2,Rondale Moore,23.4,13.2,D. Adams Family
2025,8,16,WR,Michael Pittman Jr.,7.2,Quentin Johnston,20.4,13.2,Run CMC
2025,7,5,FLEX,Chris Godwin Jr.,5.6,Darren Waller,18.8,13.2,Allen to this!
2025,1,4,FLEX,Cooper Kupp,6.6,RJ Harvey,19.8,13.2,"Two Gibbs, One Kupp"
2023,1,13,WR,Tank Dell,0.0,Jaxon Smith-Njigba,13.2,13.2,MaChungus
2025,1,14,TE,Travis Kelce,1.8,Kyle Pitts Sr.,15.0,13.2,"Two Gibbs, One Kupp"
2023,5,11,QB,Matthew Stafford,11.7,Jordan Love,24.880000000000003,13.18,One-cut Heroes
2022,9,13,FLEX,Devin Singletary,11.100000000000001,Garrett Wilson,24.2,13.1,Slim Pickins
2023,2,2,FLEX,AJ Dillon,7.3,Adam Thielen,20.4,13.1,Show Me Dem TDs
2023,5,16,WR,DJ Moore,4.8,Romeo Doubs,17.9,13.1,One-cut Heroes
2023,4,2,FLEX,Jamaal Williams,2.9000000000000004,Amari Cooper,16.0,13.1,Greendale Human Beings
2022,8,8,FLEX,Tyler Boyd,12.8,Tyler Conklin,25.9,13.1,False Shart
2022,4,13,WR,Jaylen Waddle,1.9,Darius Slayton,15.0,13.1,Greendale Human Beings
2023,5,7,WR,DJ Moore,13.4,Josh Downs,26.5,13.1,One-cut Heroes
2023,9,12,TE,Dalton Schultz,1.2,Gerald Everett,14.3,13.1,Olivas - Alone
2024,3,4,RB,Austin Ekeler,0.0,Rico Dowdle,13.100000000000001,13.1,Kareemin' My Jeans
2022,3,15,FLEX,Dameon Pierce,0.0,Adam Thielen,13.100000000000001,13.1,Kareemin' My Jeans
2023,2,14,QB,Jalen Hurts,8.879999999999999,Dak Prescott,21.939999999999998,13.06,Show Me Dem TDs
2025,10,4,D/ST,Bills D/ST,7.0,Lions D/ST,20.0,13.0,Team Clucker Fuckers
2025,6,8,FLEX,Deebo Samuel,4.2,Kareem Hunt,17.2,13.0,Whos Yurdatty
2024,9,7,RB,Brian Robinson Jr.,13.100000000000001,Javonte Williams,26.1,13.0,Cartel Del Taco
2022,3,12,WR,Christian Kirk,8.100000000000001,Adam Thielen,21.1,13.0,Kareemin' My Jeans
2024,8,4,FLEX,Khalil Shakir,10.2,Chase Brown,23.2,13.0,Here's to you
2025,5,11,RB,Travis Etienne Jr.,19.3,TreVeyon Henderson,32.3,13.0,One-cut Heroes
2025,4,12,WR,Stefon Diggs,4.0,Khalil Shakir,17.0,13.0,Flipadelphia Cheesestoinks
2024,1,11,D/ST,Falcons D/ST,-4.0,Steelers D/ST,9.0,13.0,LaPorta Potty
2025,1,7,D/ST,Broncos D/ST,5.0,Texans D/ST,18.0,13.0,"Two Gibbs, One Kupp"
2025,9,9,K,Wil Lutz,3.0,Cam Little,16.0,13.0,Cartel Del Taco
2023,11,1,FLEX,Kenneth Walker III,10.700000000000001,Michael Pittman Jr.,23.700000000000003,13.0,Seattle  Ricks 
2023,4,12,RB,James Conner,7.2,Chuba Hubbard,20.2,13.0,Greendale Human Beings
2022,5,1,FLEX,Kenneth Gainwell,11.2,Robbie Anderson,24.200000000000003,13.0,One-cut Heroes
2025,11,13,FLEX,AJ Barner,7.7,Zach Ertz,20.6,12.9,Seattle  Ricks 
2025,3,1,FLEX,Jaylen Waddle,7.0,Hollywood Brown,19.9,12.9,Shooting Ropes💦
2024,8,7,WR,Jameson Williams,0.6,Khalil Shakir,13.5,12.9,Here's to you
2022,10,1,RB,Breece Hall,10.100000000000001,Kareem Hunt,23.0,12.9,Team Clucker Fuckers
2024,9,15,FLEX,Drake London,14.3,Tyjae Spears,27.200000000000003,12.9,Cartel Del Taco
2024,6,16,QB,Tua Tagovailoa,14.5,Geno Smith,27.36,12.86,Whos Yurdatty
2022,3,1,FLEX,Dameon Pierce,4.9,Christian Kirk,17.700000000000003,12.8,Kareemin' My Jeans
2023,11,16,FLEX,Kenneth Walker III,6.6000000000000005,Rashid Shaheed,19.4,12.8,Seattle  Ricks 
2023,8,16,FLEX,Jordan Addison,1.2,Gus Edwards,14.0,12.8,False Shart
2024,7,9,FLEX,Romeo Doubs,6.800000000000001,Cedric Tillman,19.5,12.7,Cee Dees in the Face
2024,5,5,WR,Nico Collins,18.8,Darnell Mooney,31.5,12.7,One-cut Heroes
2023,1,14,FLEX,Kyren Williams,14.3,Ezekiel Elliott,27.0,12.7,MaChungus
2022,1,2,TE,Taysom Hill,1.4000000000000001,Tyler Higbee,14.100000000000001,12.7,D. Adams Family
2024,7,1,QB,Caleb Williams,7.220000000000001,Geno Smith,19.84,12.62,Cee Dees in the Face
2023,3,1,RB,Miles Sanders,11.799999999999999,Tyler Allgeier,24.4,12.6,Kareemin' My Jeans
2022,8,6,FLEX,Marquez Valdes-Scantling,0.0,Tyler Boyd,12.600000000000001,12.6,False Shart
2023,8,10,RB,Travis Etienne Jr.,6.4,Jaylen Warren,19.0,12.6,False Shart
2024,7,7,QB,Kirk Cousins,9.18,Geno Smith,21.78,12.6,Cee Dees in the Face
2025,4,10,FLEX,A.J. Brown,3.3,Aaron Jones Sr.,15.899999999999999,12.6,Flipadelphia Cheesestoinks
2022,1,14,FLEX,Travis Homer,5.3999999999999995,J.K. Dobbins,18.0,12.6,D. Adams Family
2025,8,3,FLEX,Travis Etienne Jr.,11.600000000000001,Cam Skattebo,24.1,12.5,Run CMC
2025,6,1,WR,Mike Evans,10.100000000000001,Deebo Samuel,22.6,12.5,Whos Yurdatty
2025,9,10,RB,Kenneth Walker III,8.0,Breece Hall,20.5,12.5,Cartel Del Taco
2023,11,15,RB,Tony Pollard,7.7,Kenneth Walker III,20.200000000000003,12.5,Seattle  Ricks 
2022,5,15,FLEX,Gabe Davis,9.600000000000001,AJ Dillon,22.1,12.5,One-cut Heroes
2025,6,16,QB,Lamar Jackson,4.74,Bo Nix,17.18,12.44,Whos Yurdatty
2023,11,1,WR,Deebo Samuel,11.3,Michael Pittman Jr.,23.700000000000003,12.4,Seattle  Ricks 
2024,8,17,FLEX,Chase Brown,13.1,Jameson Williams,25.5,12.4,Here's to you
2023,12,17,RB,Alexander Mattison,5.0,Jonathan Taylor,17.400000000000002,12.4,El Ultimo Hombre
2023,12,15,RB,Zack Moss,12.3,Ty Chandler,24.700000000000003,12.4,El Ultimo Hombre
2022,12,4,FLEX,James Robinson,2.9000000000000004,Jerry Jeudy,15.3,12.4,Shart City Poo Bums
2025,3,13,FLEX,Quentin Johnston,11.3,Kimani Vidal,23.700000000000003,12.4,Shooting Ropes💦
2022,10,14,FLEX,Brandin Cooks,0.0,Van Jefferson,12.4,12.4,Team Clucker Fuckers
2023,11,2,WR,DK Metcalf,13.5,Tyler Lockett,25.9,12.4,Seattle  Ricks 
2023,11,6,QB,Kirk Cousins,10.74,Justin Herbert,23.08,12.34,Seattle  Ricks 
2024,1,1,RB,Derrick Henry,10.600000000000001,J.K. Dobbins,22.9,12.3,LaPorta Potty
2022,1,1,RB,Cam Akers,0.0,Darrell Henderson Jr.,12.299999999999999,12.3,D. Adams Family
2023,4,12,FLEX,DeAndre Hopkins,7.9,Chuba Hubbard,20.2,12.3,Greendale Human Beings
2024,10,16,RB,Alvin Kamara,0.0,Rhamondre Stevenson,12.3,12.3,Team Clucker Fuckers
2022,6,17,TE,George Kittle,12.3,Dalton Schultz,24.6,12.3,Whos Yurdatty
2025,11,2,RB,Derrick Henry,2.3000000000000003,Rachaad White,14.6,12.3,Seattle  Ricks 
2023,11,2,FLEX,Michael Pittman Jr.,13.600000000000001,Tyler Lockett,25.9,12.3,Seattle  Ricks 
2024,1,6,QB,C.J. Stroud,24.38,Caleb Williams,36.64,12.26,LaPorta Potty
2022,11,5,FLEX,Joshua Palmer,5.4,Tony Pollard,17.6,12.2,Seattle  Ricks 
2022,11,5,FLEX,Rashaad Penny,5.4,Tony Pollard,17.6,12.2,Seattle  Ricks 
2022,5,16,FLEX,Isaiah McKenzie,0.6000000000000001,AJ Dillon,12.8,12.2,One-cut Heroes
2024,5,2,FLEX,Jayden Reed,6.6000000000000005,Darnell Mooney,18.8,12.2,One-cut Heroes
2022,8,15,FLEX,Zonovan Knight,2.3000000000000003,Tyler Boyd,14.5,12.2,False Shart
2025,3,2,FLEX,Keon Coleman,5.6,Jaylen Waddle,17.8,12.2,Shooting Ropes💦
2023,12,11,FLEX,Alexander Mattison,7.0,Jayden Reed,19.200000000000003,12.2,El Ultimo Hombre
2024,8,3,FLEX,Jameson Williams,1.2,Alexander Mattison,13.399999999999999,12.2,Here's to you
2022,7,4,RB,Joe Mixon,17.400000000000002,Miles Sanders,29.599999999999998,12.2,Worst Cook
2025,7,3,FLEX,Quentin Johnston,14.9,Mark Andrews,27.1,12.2,Allen to this!
2022,10,5,FLEX,Brandin Cooks,6.0,David Montgomery,18.2,12.2,Team Clucker Fuckers
2024,5,14,RB,Kenneth Walker III,0.0,Braelon Allen,12.100000000000001,12.1,One-cut Heroes
2023,3,5,WR,Garrett Wilson,8.4,Jakobi Meyers,20.5,12.1,Kareemin' My Jeans
2024,5,14,FLEX,Jayden Reed,0.0,Braelon Allen,12.100000000000001,12.1,One-cut Heroes
2023,11,4,FLEX,Deebo Samuel,0.6000000000000001,Jahan Dotson,12.7,12.1,Seattle  Ricks 
2022,4,5,WR,Jaylen Waddle,5.300000000000001,Marvin Jones Jr.,17.4,12.1,Greendale Human Beings
2025,8,14,TE,Tyler Warren,3.7,Dallas Goedert,15.8,12.1,Run CMC
2022,9,6,FLEX,Courtland Sutton,3.4000000000000004,Chris Godwin,15.5,12.1,Slim Pickins
2022,8,11,FLEX,Tyler Boyd,6.2,George Pickens,18.3,12.1,False Shart
2024,11,13,FLEX,Rashod Bateman,0.0,Zach Charbonnet,12.100000000000001,12.1,Seattle  Ricks 
2022,11,6,QB,Justin Herbert,8.42,Kirk Cousins,20.5,12.08,Seattle  Ricks 
2022,2,1,D/ST,Colts D/ST,7.0,Dolphins D/ST,19.0,12.0,Show Me Dem TDs
2025,3,17,WR,Justin Jefferson,7.0,Parker Washington,19.0,12.0,Shooting Ropes💦
2022,6,16,FLEX,Rhamondre Stevenson,3.3,Rachaad White,15.3,12.0,Whos Yurdatty
2023,2,2,FLEX,Jaxon Smith-Njigba,8.4,Adam Thielen,20.4,12.0,Show Me Dem TDs
2023,2,9,D/ST,Bills D/ST,1.0,Saints D/ST,13.0,12.0,Show Me Dem TDs
2024,4,16,K,Nick Folk,0.0,Justin Tucker,12.0,12.0,Greendale Human Beings
2022,10,6,FLEX,Drake London,7.0,Kenneth Walker III,19.000000000000004,12.0,Team Clucker Fuckers
2025,3,16,WR,Justin Jefferson,14.5,Parker Washington,26.5,12.0,Shooting Ropes💦
2022,1,16,RB,J.K. Dobbins,5.9,James Cook,17.799999999999997,11.9,D. Adams Family
2025,7,5,FLEX,Quentin Johnston,6.9,Darren Waller,18.8,11.9,Allen to this!
2025,7,3,FLEX,Rome Odunze,15.2,Mark Andrews,27.1,11.9,Allen to this!
2022,12,17,FLEX,Leonard Fournette,8.700000000000001,Richie James,20.6,11.9,Shart City Poo Bums
2024,1,9,FLEX,David Montgomery,12.600000000000001,J.K. Dobbins,24.5,11.9,LaPorta Potty
2025,12,16,WR,Marvin Harrison Jr.,2.4000000000000004,Ladd McConkey,14.3,11.9,Blunder Bust 2000
2023,8,1,FLEX,Brandin Cooks,4.2,Jordan Addison,16.1,11.9,False Shart
2025,6,13,QB,Lamar Jackson,6.539999999999999,Bo Nix,18.439999999999998,11.9,Whos Yurdatty
2024,9,13,QB,Jordan Love,22.96,Russell Wilson,34.86,11.9,Cartel Del Taco
2023,6,17,FLEX,Jeff Wilson Jr.,6.3999999999999995,Isaiah Likely,18.2,11.8,Whos Yurdatty
2022,10,14,WR,DJ Moore,0.6000000000000001,Van Jefferson,12.4,11.8,Team Clucker Fuckers
2025,12,1,RB,Tyrone Tracy Jr.,5.5,Dylan Sampson,17.3,11.8,Blunder Bust 2000
2025,8,3,WR,Brian Thomas Jr.,7.5,Michael Pittman Jr.,19.3,11.8,Run CMC
2023,10,15,WR,Drake London,4.4,Diontae Johnson,16.2,11.8,Team Clucker Fuckers
2024,9,17,TE,David Njoku,0.0,T.J. Hockenson,11.8,11.8,Cartel Del Taco
2025,11,1,QB,Jayden Daniels,22.12,Justin Herbert,33.92,11.8,Seattle  Ricks 
2024,8,4,RB,Bijan Robinson,11.400000000000002,Chase Brown,23.2,11.8,Here's to you
2025,9,3,RB,Jaylen Warren,13.1,Omarion Hampton,24.9,11.8,Cartel Del Taco
2023,11,1,QB,Geno Smith,11.08,Justin Herbert,22.86,11.78,Seattle  Ricks 
2023,10,13,QB,Derek Carr,10.940000000000001,Gardner Minshew,22.68,11.74,Team Clucker Fuckers
2022,7,5,QB,Russell Wilson,9.16,Aaron Rodgers,20.880000000000003,11.72,Worst Cook
2025,11,2,RB,Brian Robinson Jr.,2.9,Rachaad White,14.6,11.7,Seattle  Ricks 
2022,9,5,RB,Jamaal Williams,5.6000000000000005,Michael Carter,17.3,11.7,Slim Pickins
2025,3,13,FLEX,Romeo Doubs,12.0,Kimani Vidal,23.700000000000003,11.7,Shooting Ropes💦
2023,1,16,RB,Jerome Ford,9.3,Ezekiel Elliott,21.0,11.7,MaChungus
2024,5,4,FLEX,Brian Thomas Jr.,21.9,Kenneth Walker III,33.6,11.7,One-cut Heroes
2022,10,16,FLEX,Mack Hollins,1.7000000000000002,Brandin Cooks,13.4,11.7,Team Clucker Fuckers
2025,12,3,FLEX,Kayshon Boutte,4.800000000000001,Quinshon Judkins,16.5,11.7,Blunder Bust 2000
2022,9,5,FLEX,Garrett Wilson,5.7,Michael Carter,17.3,11.6,Slim Pickins
2024,1,15,TE,Brock Bowers,6.5,Sam LaPorta,18.1,11.6,LaPorta Potty
2022,1,4,RB,James Conner,10.7,J.K. Dobbins,22.3,11.6,D. Adams Family
2022,11,10,FLEX,Joshua Palmer,7.4,D'Onta Foreman,19.0,11.6,Seattle  Ricks 
2023,5,4,WR,Davante Adams,15.5,DJ Moore,27.1,11.6,One-cut Heroes
2022,3,16,FLEX,Adam Thielen,1.6,Amari Cooper,13.2,11.6,Kareemin' My Jeans
2025,3,3,WR,Malik Nabers,3.3,Jaylen Waddle,14.9,11.6,Shooting Ropes💦
2024,10,10,QB,Jayden Daniels,8.58,Bo Nix,20.1,11.52,Team Clucker Fuckers
2025,3,12,QB,Joe Flacco,11.620000000000001,Trevor Lawrence,23.14,11.52,Shooting Ropes💦
2025,6,13,WR,Deebo Samuel,11.100000000000001,Terry McLaurin,22.6,11.5,Whos Yurdatty
2024,7,14,RB,Ameer Abdullah,0.8,Tyler Allgeier,12.3,11.5,Cee Dees in the Face
2024,6,16,RB,Tony Pollard,8.0,Ameer Abdullah,19.5,11.5,Whos Yurdatty
2023,1,9,FLEX,Keaontay Ingram,0.8,Jaxon Smith-Njigba,12.3,11.5,MaChungus
2023,3,5,RB,Aaron Jones,0.0,Samaje Perine,11.5,11.5,Kareemin' My Jeans
2024,8,11,WR,Justin Jefferson,14.1,Jameson Williams,25.6,11.5,Here's to you
2023,8,4,FLEX,Jordan Addison,0.0,Jaylen Warren,11.5,11.5,False Shart
2025,12,16,RB,Quinshon Judkins,10.100000000000001,Tyjae Spears,21.5,11.4,Blunder Bust 2000
2025,6,8,RB,Isiah Pacheco,5.800000000000001,Kareem Hunt,17.2,11.4,Whos Yurdatty
2024,11,1,RB,Jonathan Taylor,10.8,Jordan Mason,22.200000000000003,11.4,Seattle  Ricks 
2023,7,15,RB,D'Onta Foreman,-0.6000000000000001,Keaton Mitchell,10.8,11.4,Put it Justin??
2023,5,2,FLEX,Romeo Doubs,5.0,DJ Moore,16.4,11.4,One-cut Heroes
2022,7,15,FLEX,Joe Mixon,10.4,Dawson Knox,21.8,11.4,Worst Cook
2025,5,7,FLEX,Ashton Jeanty,4.4,Tez Johnson,15.8,11.4,One-cut Heroes
2025,8,16,FLEX,D'Andre Swift,9.0,Quentin Johnston,20.4,11.4,Run CMC
2023,3,1,FLEX,DeVonta Smith,17.7,Jakobi Meyers,29.1,11.4,Kareemin' My Jeans
2025,9,6,QB,Caleb Williams,24.88,Drake Maye,36.24,11.36,Cartel Del Taco
2022,7,4,QB,Aaron Rodgers,20.14,Russell Wilson,31.480000000000004,11.34,Worst Cook
2022,11,2,FLEX,DeAndre Carter,8.5,Tony Pollard,19.8,11.3,Seattle  Ricks 
2024,7,17,TE,Tucker Kraft,7.300000000000001,Mike Gesicki,18.6,11.3,Cee Dees in the Face
2025,10,10,WR,Wan'Dale Robinson,12.2,Emeka Egbuka,23.5,11.3,Team Clucker Fuckers
2023,7,17,FLEX,Justin Jefferson,10.9,Justice Hill,22.200000000000003,11.3,Put it Justin??
2023,12,17,WR,DK Metcalf,15.600000000000001,Jayden Reed,26.9,11.3,El Ultimo Hombre
2025,11,9,FLEX,Kayshon Boutte,0.0,Brian Robinson Jr.,11.3,11.3,Seattle  Ricks 
2022,11,15,FLEX,Brandon Aiyuk,3.9000000000000004,Taysom Hill,15.2,11.3,Seattle  Ricks 
2025,5,2,WR,DJ Moore,9.600000000000001,Jauan Jennings,20.9,11.3,One-cut Heroes
2022,4,1,FLEX,DeVonta Smith,0.0,Khalil Herbert,11.3,11.3,Greendale Human Beings
2023,8,7,FLEX,Jaylen Warren,10.1,Gus Edwards,21.4,11.3,False Shart
2025,12,17,FLEX,Woody Marks,8.500000000000002,Jayden Higgins,19.8,11.3,Blunder Bust 2000
2024,6,4,FLEX,Jaylen Waddle,7.6,Tony Pollard,18.8,11.2,Whos Yurdatty
2022,9,3,RB,Christian McCaffrey,13.5,Jamaal Williams,24.700000000000003,11.2,Slim Pickins
2023,12,14,FLEX,Calvin Ridley,9.3,Jayden Reed,20.5,11.2,El Ultimo Hombre
2023,12,17,FLEX,Nico Collins,15.7,Jayden Reed,26.9,11.2,El Ultimo Hombre
2025,6,2,TE,Sam LaPorta,5.6,Jake Ferguson,16.8,11.2,Whos Yurdatty
2025,4,4,RB,David Montgomery,1.2000000000000002,Zach Charbonnet,12.4,11.2,Flipadelphia Cheesestoinks
2024,1,12,WR,Malik Nabers,12.4,Keenan Allen,23.6,11.2,LaPorta Potty
2023,4,3,QB,Lamar Jackson,28.18,Tua Tagovailoa,39.36,11.18,Greendale Human Beings
2024,3,11,FLEX,Nick Chubb,5.0,Jordan Addison,16.1,11.1,Kareemin' My Jeans
2022,12,1,FLEX,Romeo Doubs,8.8,James Robinson,19.900000000000002,11.1,Shart City Poo Bums
2024,12,17,FLEX,Calvin Ridley,14.100000000000001,Zach Ertz,25.2,11.1,El Ultimo Hombre
2025,7,1,WR,Ja'Marr Chase,4.6,Rome Odunze,15.7,11.1,Allen to this!
2023,8,12,TE,Dalton Kincaid,8.8,Tyler Higbee,19.9,11.1,False Shart
2024,10,16,FLEX,Devin Singletary,1.2000000000000002,Rhamondre Stevenson,12.3,11.1,Team Clucker Fuckers
2022,3,1,FLEX,Adam Thielen,6.6,Christian Kirk,17.700000000000003,11.1,Kareemin' My Jeans
2023,10,12,FLEX,Cooper Kupp,4.8,Najee Harris,15.9,11.1,Team Clucker Fuckers
2022,7,11,WR,A.J. Green,10.0,Christian Watson,21.1,11.1,Worst Cook
2025,9,1,RB,Kenneth Walker III,5.4,Breece Hall,16.5,11.1,Cartel Del Taco
2022,7,3,QB,Russell Wilson,9.06,Aaron Rodgers,20.1,11.04,Worst Cook
2022,10,3,FLEX,Brandin Cooks,4.2,Breece Hall,15.200000000000001,11.0,Team Clucker Fuckers
2024,4,10,FLEX,Rome Odunze,5.300000000000001,Jauan Jennings,16.3,11.0,Greendale Human Beings
2025,6,15,RB,Jaylen Wright,2.1,Blake Corum,13.100000000000001,11.0,Whos Yurdatty
2025,9,1,FLEX,Nico Collins,5.5,Breece Hall,16.5,11.0,Cartel Del Taco
2022,7,2,WR,Marquise Brown,12.8,Rashod Bateman,23.8,11.0,Worst Cook
2025,9,12,FLEX,Jerry Jeudy,2.9000000000000004,Breece Hall,13.9,11.0,Cartel Del Taco
2025,8,1,WR,Brian Thomas Jr.,9.0,Michael Pittman Jr.,20.0,11.0,Run CMC
2023,2,16,D/ST,Saints D/ST,-4.0,Bills D/ST,7.0,11.0,Show Me Dem TDs
2023,7,11,FLEX,Rico Dowdle,4.000000000000001,Ty Chandler,15.0,11.0,Put it Justin??
2025,6,8,RB,Tony Pollard,6.300000000000001,Kareem Hunt,17.2,10.9,Whos Yurdatty
2022,12,8,FLEX,Brian Robinson Jr.,2.0,Latavius Murray,12.900000000000002,10.9,Shart City Poo Bums
2023,10,4,RB,Najee Harris,11.3,Khalil Herbert,22.2,10.9,Team Clucker Fuckers
2023,6,17,TE,Jake Ferguson,7.300000000000001,Isaiah Likely,18.2,10.9,Whos Yurdatty
2023,8,15,FLEX,Brandin Cooks,3.0,Gus Edwards,13.9,10.9,False Shart
2024,10,3,FLEX,Xavier Worthy,5.0,Christian Kirk,15.9,10.9,Team Clucker Fuckers
2024,10,4,FLEX,Rhamondre Stevenson,8.2,Christian Kirk,19.1,10.9,Team Clucker Fuckers
2024,11,4,WR,Brandon Aiyuk,6.800000000000001,Ladd McConkey,17.7,10.9,Seattle  Ricks 
2025,12,3,RB,Tyrone Tracy Jr.,5.6000000000000005,Quinshon Judkins,16.5,10.9,Blunder Bust 2000
2024,8,6,RB,James Conner,6.6000000000000005,Alexander Mattison,17.5,10.9,Here's to you
2023,8,10,WR,Chris Olave,21.4,Brandin Cooks,32.3,10.9,False Shart
2023,8,12,QB,Joshua Dobbs,6.5,Baker Mayfield,17.36,10.86,False Shart
2022,4,5,FLEX,Najee Harris,6.6,Marvin Jones Jr.,17.4,10.8,Greendale Human Beings
2025,9,2,WR,Travis Hunter,5.2,Tetairoa McMillan,16.0,10.8,Cartel Del Taco
2025,1,9,RB,Jahmyr Gibbs,5.8,RJ Harvey,16.6,10.8,"Two Gibbs, One Kupp"
2024,11,6,WR,Brandon Aiyuk,5.7,Tyler Lockett,16.5,10.8,Seattle  Ricks 
2024,9,1,RB,Tyjae Spears,7.199999999999999,Brian Robinson Jr.,17.9,10.7,Cartel Del Taco
2024,9,16,FLEX,Drake London,10.9,Tyjae Spears,21.6,10.7,Cartel Del Taco
2022,2,8,FLEX,Wan'Dale Robinson,3.5,Melvin Gordon III,14.200000000000001,10.7,Show Me Dem TDs
2022,10,5,FLEX,Drake London,7.5,David Montgomery,18.2,10.7,Team Clucker Fuckers
2025,3,14,FLEX,Adonai Mitchell,3.4000000000000004,Dalton Kincaid,14.100000000000001,10.7,Shooting Ropes💦
2025,4,1,WR,A.J. Brown,1.8,Khalil Shakir,12.4,10.6,Flipadelphia Cheesestoinks
2025,10,13,FLEX,Jordan Addison,8.6,Devin Singletary,19.200000000000003,10.6,Team Clucker Fuckers
2022,1,15,TE,Greg Dulcich,2.1,Tyler Higbee,12.7,10.6,D. Adams Family
2023,5,1,FLEX,Rachaad White,6.9,Roschon Johnson,17.5,10.6,One-cut Heroes
2024,8,11,FLEX,Khalil Shakir,15.0,Jameson Williams,25.6,10.6,Here's to you
2023,5,7,FLEX,Rachaad White,15.9,Josh Downs,26.5,10.6,One-cut Heroes
2025,3,12,FLEX,Romeo Doubs,4.300000000000001,Colston Loveland,14.9,10.6,Shooting Ropes💦
2022,8,1,FLEX,J.D. McKissic,7.8,Jarvis Landry,18.4,10.6,False Shart
2022,9,1,FLEX,Chris Godwin,6.5,Michael Carter,17.0,10.5,Slim Pickins
2025,4,7,FLEX,J.K. Dobbins,9.0,Zach Charbonnet,19.5,10.5,Flipadelphia Cheesestoinks
2025,8,7,FLEX,Cam Skattebo,18.4,Keenan Allen,28.9,10.5,Run CMC
2024,9,5,FLEX,George Pickens,5.6,Javonte Williams,16.1,10.5,Cartel Del Taco
2025,4,13,RB,Rico Dowdle,9.9,Chuba Hubbard,20.400000000000002,10.5,Flipadelphia Cheesestoinks
2025,1,8,FLEX,CeeDee Lamb,14.600000000000001,RJ Harvey,25.1,10.5,"Two Gibbs, One Kupp"
2025,7,16,TE,Mark Andrews,4.4,Brenton Strange,14.9,10.5,Allen to this!
2025,5,6,FLEX,Hunter Henry,5.7,Josh Downs,16.2,10.5,One-cut Heroes
2023,1,2,FLEX,Van Jefferson,1.9,K.J. Osborn,12.4,10.5,MaChungus
2025,8,1,FLEX,D'Andre Swift,9.5,Michael Pittman Jr.,20.0,10.5,Run CMC
2024,6,2,QB,Tua Tagovailoa,7.5,Dak Prescott,17.92,10.42,Whos Yurdatty
2023,12,16,RB,Alexander Mattison,-0.1,Jonathan Taylor,10.3,10.4,El Ultimo Hombre
2022,7,14,TE,Mark Andrews,3.7,Dawson Knox,14.100000000000001,10.4,Worst Cook
2023,10,4,FLEX,Drake London,11.8,Khalil Herbert,22.2,10.4,Team Clucker Fuckers
2023,10,8,WR,Cooper Kupp,6.1,Diontae Johnson,16.5,10.4,Team Clucker Fuckers
2022,6,16,RB,Raheem Mostert,4.9,Rachaad White,15.3,10.4,Whos Yurdatty
2022,5,9,RB,Clyde Edwards-Helaire,2.9000000000000004,James Robinson,13.3,10.4,One-cut Heroes
2023,10,1,RB,Najee Harris,5.3,Breece Hall,15.700000000000001,10.4,Team Clucker Fuckers
2022,2,4,FLEX,Jerick McKinnon,1.0,Tyler Allgeier,11.4,10.4,Show Me Dem TDs
2022,4,5,RB,Khalil Herbert,1.1,Mike Boone,11.5,10.4,Greendale Human Beings
2024,9,9,RB,Brian Robinson Jr.,0.0,Javonte Williams,10.4,10.4,Cartel Del Taco
2024,3,10,FLEX,Rico Dowdle,8.600000000000001,Rachaad White,19.0,10.4,Kareemin' My Jeans
2024,11,15,FLEX,Zach Charbonnet,13.600000000000001,Rashod Bateman,24.0,10.4,Seattle  Ricks 
2024,11,14,QB,Justin Herbert,15.719999999999999,Brock Purdy,26.1,10.38,Seattle  Ricks 
2024,10,2,FLEX,Xavier Worthy,4.2,Devin Singletary,14.5,10.3,Team Clucker Fuckers
2023,3,5,RB,Miles Sanders,1.2000000000000002,Samaje Perine,11.5,10.3,Kareemin' My Jeans
2023,11,16,FLEX,Trey McBride,9.1,Rashid Shaheed,19.4,10.3,Seattle  Ricks 
2022,9,2,FLEX,Courtland Sutton,19.700000000000003,Garrett Wilson,30.0,10.3,Slim Pickins
2025,1,5,RB,Jahmyr Gibbs,16.7,Jacory Croskey-Merritt,27.0,10.3,"Two Gibbs, One Kupp"
2023,12,16,RB,Zack Moss,0.0,Jonathan Taylor,10.3,10.3,El Ultimo Hombre
2024,7,17,FLEX,Dontayvion Wicks,8.3,Mike Gesicki,18.6,10.3,Cee Dees in the Face
2024,1,9,FLEX,D'Andre Swift,14.200000000000001,J.K. Dobbins,24.5,10.3,LaPorta Potty
2022,2,11,RB,Tyler Allgeier,7.4,Ezekiel Elliott,17.7,10.3,Show Me Dem TDs
2025,4,4,FLEX,Ricky Pearsall,8.600000000000001,Khalil Shakir,18.9,10.3,Flipadelphia Cheesestoinks
2022,10,7,FLEX,Drake London,1.9,David Montgomery,12.2,10.3,Team Clucker Fuckers
2022,7,15,RB,Miles Sanders,1.9000000000000001,Cordarrelle Patterson,12.2,10.3,Worst Cook
2024,6,3,RB,Zamir White,3.4000000000000004,Najee Harris,13.6,10.2,Whos Yurdatty
2024,9,15,TE,David Njoku,0.0,T.J. Hockenson,10.2,10.2,Cartel Del Taco
2024,3,11,FLEX,DeAndre Hopkins,5.9,Jordan Addison,16.1,10.2,Kareemin' My Jeans
2025,2,2,FLEX,Jayden Reed,0.0,Cedric Tillman,10.2,10.2,Show Me Dem TDs
2025,10,1,QB,Sam Darnold,5.4,Matthew Stafford,15.600000000000001,10.2,Team Clucker Fuckers
2024,8,5,WR,Justin Jefferson,15.200000000000001,Alec Pierce,25.4,10.2,Here's to you
2022,2,11,WR,Jakobi Meyers,9.2,Wan'Dale Robinson,19.4,10.2,Show Me Dem TDs
2024,8,16,TE,Kyle Pitts,1.7000000000000002,Isaiah Likely,11.9,10.2,Here's to you
2025,1,8,FLEX,Kyle Pitts Sr.,14.9,RJ Harvey,25.1,10.2,"Two Gibbs, One Kupp"
2022,8,16,FLEX,Zonovan Knight,2.3,Chuba Hubbard,12.5,10.2,False Shart
2022,6,17,RB,Isiah Pacheco,12.9,Raheem Mostert,23.099999999999998,10.2,Whos Yurdatty
2022,8,4,QB,Josh Allen,25.52,Geno Smith,35.7,10.18,False Shart
2022,5,17,RB,Samaje Perine,0.0,AJ Dillon,10.100000000000001,10.1,One-cut Heroes
2022,5,17,FLEX,Gabe Davis,0.0,AJ Dillon,10.100000000000001,10.1,One-cut Heroes
2024,2,10,FLEX,Ray Davis,0.6000000000000001,Trey Benson,10.7,10.1,Show Me Dem TDs
2025,1,15,WR,DeVonta Smith,7.0,CeeDee Lamb,17.1,10.1,"Two Gibbs, One Kupp"
2022,10,6,WR,Mike Williams,3.7,Darnell Mooney,13.8,10.1,Team Clucker Fuckers
2022,12,4,RB,Jonathan Taylor,3.3000000000000003,Jeff Wilson Jr.,13.4,10.1,Shart City Poo Bums
2023,4,17,WR,Mike Evans,10.0,George Pickens,20.1,10.1,Greendale Human Beings
2022,8,4,WR,Michael Pittman Jr.,6.1,George Pickens,16.200000000000003,10.1,False Shart
2023,4,16,RB,Chuba Hubbard,12.100000000000001,James Conner,22.2,10.1,Greendale Human Beings
2023,7,13,FLEX,Justin Watson,0.0,Dameon Pierce,10.100000000000001,10.1,Put it Justin??
2022,5,17,FLEX,Isaiah McKenzie,0.0,AJ Dillon,10.100000000000001,10.1,One-cut Heroes
2022,10,6,WR,DJ Moore,3.7,Darnell Mooney,13.8,10.1,Team Clucker Fuckers
2023,3,17,WR,DeVonta Smith,6.0,Terry McLaurin,16.1,10.1,Kareemin' My Jeans
2023,6,14,TE,Jake Ferguson,12.2,Isaiah Likely,22.3,10.1,Whos Yurdatty
2022,9,6,WR,DK Metcalf,5.4,Chris Godwin,15.5,10.1,Slim Pickins
2023,1,16,FLEX,Javonte Williams,10.9,Ezekiel Elliott,21.0,10.1,MaChungus
2025,3,4,QB,Kyler Murray,20.1,Justin Fields,30.14,10.04,Shooting Ropes💦
2024,2,6,QB,Jalen Hurts,26.86,Baker Mayfield,36.9,10.04,Show Me Dem TDs
2025,9,13,FLEX,Jerry Jeudy,5.6,Breece Hall,15.600000000000001,10.0,Cartel Del Taco
2025,12,16,RB,Kyren Williams,11.5,Tyjae Spears,21.5,10.0,Blunder Bust 2000
2023,2,5,K,Tyler Bass,2.0,Graham Gano,12.0,10.0,Show Me Dem TDs
2023,12,11,WR,Ja'Marr Chase,9.2,Jayden Reed,19.200000000000003,10.0,El Ultimo Hombre
2025,9,10,K,Wil Lutz,3.0,Cam Little,13.0,10.0,Cartel Del Taco
2025,3,9,TE,Juwan Johnson,12.1,Dalton Kincaid,22.1,10.0,Shooting Ropes💦
2023,11,16,WR,Deebo Samuel,9.4,Rashid Shaheed,19.4,10.0,Seattle  Ricks 
2023,2,6,K,Tyler Bass,0.0,Graham Gano,10.0,10.0,Show Me Dem TDs
2023,8,13,FLEX,Jaylen Warren,6.5,Brandin Cooks,16.5,10.0,False Shart
2023,11,1,WR,DK Metcalf,13.7,Michael Pittman Jr.,23.700000000000003,10.0,Seattle  Ricks 
2023,8,12,FLEX,Jordan Addison,9.9,Tyler Higbee,19.9,10.0,False Shart
2022,8,17,K,Harrison Butker,2.0,Daniel Carlson,12.0,10.0,False Shart
2022,3,14,WR,Christian Kirk,9.5,Adam Thielen,19.5,10.0,Kareemin' My Jeans
2025,7,10,D/ST,Patriots D/ST,2.0,Eagles D/ST,12.0,10.0,Allen to this!
2022,10,6,FLEX,David Montgomery,9.0,Kenneth Walker III,19.000000000000004,10.0,Team Clucker Fuckers
2022,7,12,FLEX,Curtis Samuel,1.3,Michael Gallup,11.3,10.0,Worst Cook
2025,4,15,WR,Stefon Diggs,5.6,Ricky Pearsall,15.600000000000001,10.0,Flipadelphia Cheesestoinks
2022,1,15,D/ST,Seahawks D/ST,1.0,Patriots D/ST,11.0,10.0,D. Adams Family
2022,2,3,K,Brandon McManus,4.0,Graham Gano,14.0,10.0,Show Me Dem TDs
2022,10,13,K,Justin Tucker,4.0,Matt Gay,14.0,10.0,Team Clucker Fuckers
2024,12,4,FLEX,Calvin Ridley,2.5,Bucky Irving,12.5,10.0,El Ultimo Hombre
2025,5,17,D/ST,Chiefs D/ST,3.0,Seahawks D/ST,13.0,10.0,One-cut Heroes
2025,5,14,QB,Baker Mayfield,13.08,Jacoby Brissett,23.04,9.96,One-cut Heroes
2023,10,1,FLEX,Diontae Johnson,7.800000000000001,Zay Flowers,17.700000000000003,9.9,Team Clucker Fuckers
2024,8,3,RB,James Conner,3.5,Alexander Mattison,13.399999999999999,9.9,Here's to you
2022,9,13,WR,Chris Godwin,14.3,Garrett Wilson,24.2,9.9,Slim Pickins
2025,8,17,WR,Alec Pierce,0.0,Tre Tucker,9.9,9.9,Run CMC
2022,5,9,RB,Caleb Huntley,3.4000000000000004,James Robinson,13.3,9.9,One-cut Heroes
2024,3,4,FLEX,Hunter Henry,3.2,Rico Dowdle,13.100000000000001,9.9,Kareemin' My Jeans
2022,5,2,FLEX,Robbie Anderson,4.2,Mike Gesicki,14.100000000000001,9.9,One-cut Heroes
2025,3,3,FLEX,Keon Coleman,5.0,Jaylen Waddle,14.9,9.9,Shooting Ropes💦
2023,12,7,WR,Calvin Ridley,1.5,Jerry Jeudy,11.4,9.9,El Ultimo Hombre
2025,8,1,TE,Mark Andrews,1.5,Dallas Goedert,11.4,9.9,Run CMC
2022,7,10,QB,Jacoby Brissett,18.48,Aaron Rodgers,28.36,9.88,Worst Cook
2024,2,8,QB,Baker Mayfield,28.299999999999997,Jalen Hurts,38.14,9.84,Show Me Dem TDs
2022,7,17,QB,Aaron Rodgers,18.560000000000002,Jared Goff,28.4,9.84,Worst Cook
2023,1,14,RB,Jahmyr Gibbs,17.200000000000003,Ezekiel Elliott,27.0,9.8,MaChungus
2023,11,6,WR,Deebo Samuel,1.1,DK Metcalf,10.9,9.8,Seattle  Ricks 
2022,11,9,FLEX,Julio Jones,4.800000000000001,Noah Fant,14.600000000000001,9.8,Seattle  Ricks 
2025,8,2,FLEX,Michael Pittman Jr.,8.0,George Pickens,17.8,9.8,Run CMC
2022,6,13,FLEX,Zay Jones,3.6,Donovan Peoples-Jones,13.4,9.8,Whos Yurdatty
2023,7,11,FLEX,Tyler Boyd,5.2,Ty Chandler,15.0,9.8,Put it Justin??
2025,2,13,TE,Mason Taylor,4.1,Evan Engram,13.9,9.8,Show Me Dem TDs
2022,12,17,WR,Jerry Jeudy,10.8,Richie James,20.6,9.8,Shart City Poo Bums
2024,8,10,FLEX,Jameson Williams,8.3,Alec Pierce,18.1,9.8,Here's to you
2025,3,2,FLEX,Hollywood Brown,8.0,Jaylen Waddle,17.8,9.8,Shooting Ropes💦
2024,8,3,QB,Anthony Richardson,5.08,Matthew Stafford,14.84,9.76,Here's to you
2023,9,1,QB,Josh Allen,11.04,Brock Purdy,20.8,9.76,Olivas - Alone
2024,11,8,QB,Aaron Rodgers,21.32,Justin Herbert,31.060000000000002,9.74,Seattle  Ricks 
2025,9,13,FLEX,Theo Johnson,5.9,Breece Hall,15.600000000000001,9.7,Cartel Del Taco
2023,5,8,WR,Davante Adams,2.1,Romeo Doubs,11.8,9.7,One-cut Heroes
2024,11,5,FLEX,Xavier Legette,1.8,Tyler Lockett,11.5,9.7,Seattle  Ricks 
2025,9,12,QB,Drake Maye,17.96,Caleb Williams,27.66,9.7,Cartel Del Taco
2022,10,4,FLEX,Drake London,3.7,Darnell Mooney,13.4,9.7,Team Clucker Fuckers
2024,4,15,TE,George Kittle,10.100000000000001,Jonnu Smith,19.8,9.7,Greendale Human Beings
2025,1,6,WR,DeVonta Smith,8.9,Jameson Williams,18.6,9.7,"Two Gibbs, One Kupp"
2025,5,9,FLEX,Xavier Worthy,6.0,Josh Downs,15.7,9.7,One-cut Heroes
2022,12,12,RB,Latavius Murray,10.8,Brian Robinson Jr.,20.5,9.7,Shart City Poo Bums
2024,5,17,RB,Kenneth Walker III,0.0,Jaleel McLaughlin,9.6,9.6,One-cut Heroes
2024,2,15,FLEX,Chuba Hubbard,8.9,Jalen McMillan,18.5,9.6,Show Me Dem TDs
2023,1,16,WR,Dontayvion Wicks,10.9,K.J. Osborn,20.5,9.6,MaChungus
2023,10,8,FLEX,Zay Flowers,6.9,Diontae Johnson,16.5,9.6,Team Clucker Fuckers
2024,11,8,FLEX,Jordan Mason,1.8,Zach Charbonnet,11.4,9.6,Seattle  Ricks 
2024,11,12,WR,Quentin Johnston,0.0,Xavier Legette,9.600000000000001,9.6,Seattle  Ricks 
2022,10,17,RB,David Montgomery,5.6000000000000005,Kenneth Walker III,15.200000000000001,9.6,Team Clucker Fuckers
2023,1,2,QB,Patrick Mahomes,25.200000000000003,Daniel Jones,34.74,9.54,MaChungus
2022,11,14,QB,Justin Herbert,21.48,Kirk Cousins,31.0,9.52,Seattle  Ricks 
2024,11,8,FLEX,Tyler Lockett,1.9,Zach Charbonnet,11.4,9.5,Seattle  Ricks 
2024,2,9,FLEX,DeMario Douglas,10.5,Ray Davis,20.0,9.5,Show Me Dem TDs
2024,7,13,FLEX,Marquez Valdes-Scantling,11.6,Nick Westbrook-Ikhine,21.1,9.5,Cee Dees in the Face
2022,5,12,FLEX,Kendall Hinton,9.8,Samaje Perine,19.3,9.5,One-cut Heroes
2022,4,8,WR,Marvin Jones Jr.,0.0,Alec Pierce,9.5,9.5,Greendale Human Beings
2024,9,10,RB,Brian Robinson Jr.,0.0,Jaylen Warren,9.5,9.5,Cartel Del Taco
2025,2,1,WR,Calvin Ridley,6.7,Cedric Tillman,16.2,9.5,Show Me Dem TDs
2023,8,5,WR,CeeDee Lamb,8.9,Jordan Addison,18.4,9.5,False Shart
2022,1,15,WR,Davante Adams,6.800000000000001,Tee Higgins,16.3,9.5,D. Adams Family
2023,8,3,TE,Zach Ertz,2.6,Tyler Higbee,12.100000000000001,9.5,False Shart
2022,12,15,RB,Brian Robinson Jr.,11.700000000000001,Latavius Murray,21.2,9.5,Shart City Poo Bums
2023,6,7,WR,Gabe Davis,1.6,Jayden Reed,11.1,9.5,Whos Yurdatty
2023,11,7,FLEX,DK Metcalf,0.0,Evan Engram,9.5,9.5,Seattle  Ricks 
2022,4,17,WR,Darius Slayton,1.4000000000000001,Allen Lazard,10.9,9.5,Greendale Human Beings
2023,1,17,WR,Dontayvion Wicks,0.0,Jameson Williams,9.5,9.5,MaChungus
2022,3,7,TE,Zach Ertz,6.1,Pat Freiermuth,15.5,9.4,Kareemin' My Jeans
2025,9,10,RB,Jaylen Warren,11.1,Breece Hall,20.5,9.4,Cartel Del Taco
2023,11,3,WR,Michael Pittman Jr.,16.7,Mike Williams,26.1,9.4,Seattle  Ricks 
2024,3,10,FLEX,DeAndre Hopkins,9.600000000000001,Rachaad White,19.0,9.4,Kareemin' My Jeans
2022,4,10,RB,Khalil Herbert,5.7,Nick Chubb,15.100000000000001,9.4,Greendale Human Beings
2025,6,1,RB,Isiah Pacheco,4.8,Jacory Croskey-Merritt,14.200000000000001,9.4,Whos Yurdatty
2022,10,1,WR,Mike Williams,3.0,Drake London,12.4,9.4,Team Clucker Fuckers
2024,1,17,RB,Joe Mixon,5.8999999999999995,J.K. Dobbins,15.3,9.4,LaPorta Potty
2022,9,12,WR,DK Metcalf,20.0,Garrett Wilson,29.4,9.4,Slim Pickins
2022,2,17,FLEX,Evan Engram,3.9,Aaron Jones,13.3,9.4,Show Me Dem TDs
2025,11,11,RB,Derrick Henry,20.2,Kenneth Gainwell,29.5,9.3,Seattle  Ricks 
2025,12,17,TE,George Kittle,0.0,Pat Freiermuth,9.3,9.3,Blunder Bust 2000
2025,9,1,WR,Xavier Worthy,0.0,Travis Hunter,9.3,9.3,Cartel Del Taco
2023,9,17,RB,Antonio Gibson,5.6000000000000005,Roschon Johnson,14.9,9.3,Olivas - Alone
2025,3,2,RB,Jordan Mason,5.8,Tyler Allgeier,15.000000000000002,9.2,Shooting Ropes💦
2023,8,5,WR,Chris Olave,9.2,Jordan Addison,18.4,9.2,False Shart
2025,12,14,FLEX,Jayden Higgins,6.4,Woody Marks,15.600000000000001,9.2,Blunder Bust 2000
2024,9,13,FLEX,Marvin Harrison Jr.,17.0,David Njoku,26.2,9.2,Cartel Del Taco
2024,3,9,RB,Rachaad White,12.5,Rico Dowdle,21.7,9.2,Kareemin' My Jeans
2024,2,2,FLEX,DeMario Douglas,0.0,Ja'Lynn Polk,9.2,9.2,Show Me Dem TDs
2024,3,15,FLEX,Nick Chubb,2.1000000000000005,Zay Flowers,11.3,9.2,Kareemin' My Jeans
2025,11,13,WR,Jaxon Smith-Njigba,4.300000000000001,Kayshon Boutte,13.5,9.2,Seattle  Ricks 
2024,1,11,WR,Tank Dell,9.8,Christian Watson,19.0,9.2,LaPorta Potty
2023,10,14,FLEX,Zay Flowers,20.0,Drake London,29.2,9.2,Team Clucker Fuckers
2022,8,2,FLEX,Cordarrelle Patterson,4.1000000000000005,J.D. McKissic,13.3,9.2,False Shart
2023,10,8,FLEX,Puka Nacua,7.3,Diontae Johnson,16.5,9.2,Team Clucker Fuckers
2022,5,9,FLEX,Isaiah McKenzie,4.1,James Robinson,13.3,9.2,One-cut Heroes
2024,3,11,WR,DeVonta Smith,6.9,Jordan Addison,16.1,9.2,Kareemin' My Jeans
2025,5,4,QB,Tua Tagovailoa,19.68,Baker Mayfield,28.86,9.18,One-cut Heroes
2023,9,4,FLEX,Mark Andrews,25.0,David Montgomery,34.1,9.1,Olivas - Alone
2025,12,7,FLEX,Kendrick Bourne,3.4000000000000004,Woody Marks,12.5,9.1,Blunder Bust 2000
2022,1,16,WR,Terry McLaurin,17.7,Tee Higgins,26.8,9.1,D. Adams Family
2024,1,14,FLEX,Tee Higgins,4.300000000000001,Christian Watson,13.4,9.1,LaPorta Potty
2024,4,1,RB,Gus Edwards,3.8000000000000003,Ezekiel Elliott,12.9,9.1,Greendale Human Beings
2022,9,8,FLEX,Chris Godwin,13.5,Jamaal Williams,22.6,9.1,Slim Pickins
2023,11,10,FLEX,James Cook,12.0,Trey McBride,21.1,9.1,Seattle  Ricks 
2024,4,11,QB,Lamar Jackson,16.88,Josh Allen,25.98,9.1,Greendale Human Beings
2025,6,5,FLEX,Tre Tucker,11.100000000000001,Sam LaPorta,20.200000000000003,9.1,Whos Yurdatty
2024,5,1,QB,Joe Burrow,8.06,Patrick Mahomes,17.14,9.08,One-cut Heroes
2023,7,10,D/ST,Chargers D/ST,-9.0,Eagles D/ST,0.0,9.0,Put it Justin??
2022,1,16,D/ST,Seahawks D/ST,3.0,Patriots D/ST,12.0,9.0,D. Adams Family
2025,8,11,FLEX,D'Andre Swift,9.0,Ty Johnson,18.0,9.0,Run CMC
2025,11,16,TE,Colston Loveland,6.0,AJ Barner,15.0,9.0,Seattle  Ricks 
2024,2,16,K,Jake Bates,9.0,Jake Elliott,18.0,9.0,Show Me Dem TDs
2023,1,8,FLEX,Ezekiel Elliott,3.6,Jaxon Smith-Njigba,12.6,9.0,MaChungus
2025,8,10,WR,Michael Pittman Jr.,3.9000000000000004,Darius Slayton,12.9,9.0,Run CMC
2025,8,10,WR,Keenan Allen,3.9000000000000004,Darius Slayton,12.9,9.0,Run CMC
2025,10,17,D/ST,Cowboys D/ST,2.0,Lions D/ST,11.0,9.0,Team Clucker Fuckers
2024,12,14,D/ST,Bills D/ST,-7.0,Packers D/ST,2.0,9.0,El Ultimo Hombre
2023,9,14,K,Cameron Dicker,1.0,Evan McPherson,10.0,9.0,Olivas - Alone
2023,3,17,WR,Stefon Diggs,7.1,Terry McLaurin,16.1,9.0,Kareemin' My Jeans
2023,3,8,FLEX,Christian Kirk,8.600000000000001,Garrett Wilson,17.6,9.0,Kareemin' My Jeans
2024,4,17,K,Nick Folk,0.0,Justin Tucker,9.0,9.0,Greendale Human Beings
2024,1,13,WR,Malik Nabers,15.3,Keenan Allen,24.3,9.0,LaPorta Potty
2024,8,5,FLEX,Chase Brown,16.400000000000002,Alec Pierce,25.4,9.0,Here's to you
2023,9,1,K,Evan McPherson,3.0,Cameron Dicker,12.0,9.0,Olivas - Alone
2025,6,12,D/ST,Ravens D/ST,12.0,Rams D/ST,21.0,9.0,Whos Yurdatty
2022,8,16,RB,D'Andre Swift,3.5,Chuba Hubbard,12.5,9.0,False Shart
2024,12,16,WR,Jakobi Meyers,6.1000000000000005,Josh Downs,15.100000000000001,9.0,El Ultimo Hombre
2025,1,14,FLEX,Chris Olave,6.0,Kyle Pitts Sr.,15.0,9.0,"Two Gibbs, One Kupp"
2022,5,13,FLEX,Nico Collins,12.5,Samaje Perine,21.5,9.0,One-cut Heroes
2024,9,13,FLEX,Drake London,17.299999999999997,David Njoku,26.2,8.9,Cartel Del Taco
2024,2,7,FLEX,Jerry Jeudy,2.8,Ray Davis,11.700000000000001,8.9,Show Me Dem TDs
2023,7,3,FLEX,Brandon Aiyuk,0.0,Tyler Boyd,8.9,8.9,Put it Justin??
2024,11,1,WR,Brandon Aiyuk,4.800000000000001,Tyler Lockett,13.7,8.9,Seattle  Ricks 
2022,9,9,WR,Mike Evans,9.0,Garrett Wilson,17.9,8.9,Slim Pickins
2023,1,14,FLEX,Javonte Williams,18.1,Ezekiel Elliott,27.0,8.9,MaChungus
2024,5,11,FLEX,Darnell Mooney,4.7,Brian Thomas Jr.,13.600000000000001,8.9,One-cut Heroes
2025,4,7,RB,Rico Dowdle,10.600000000000001,Zach Charbonnet,19.5,8.9,Flipadelphia Cheesestoinks
2025,7,8,FLEX,Quentin Johnston,0.0,Nick Chubb,8.9,8.9,Allen to this!
2025,9,17,WR,Tetairoa McMillan,1.5,Jerry Jeudy,10.4,8.9,Cartel Del Taco
2023,7,1,WR,Justin Jefferson,24.0,Brandon Aiyuk,32.9,8.9,Put it Justin??
2025,8,2,WR,Brian Thomas Jr.,8.9,George Pickens,17.8,8.9,Run CMC
2023,7,16,TE,Darren Waller,5.2,Dallas Goedert,14.100000000000001,8.9,Put it Justin??
2023,1,12,FLEX,Javonte Williams,10.1,Curtis Samuel,19.0,8.9,MaChungus
2025,11,11,TE,Zach Ertz,8.2,AJ Barner,17.1,8.9,Seattle  Ricks 
2023,3,10,QB,Zach Wilson,13.92,Russell Wilson,22.72,8.8,Kareemin' My Jeans
2023,12,12,WR,DK Metcalf,6.2,Jayden Reed,15.0,8.8,El Ultimo Hombre
2022,2,13,FLEX,Tyler Allgeier,5.2,Jerick McKinnon,14.000000000000002,8.8,Show Me Dem TDs
2023,10,1,FLEX,Cam Akers,8.9,Zay Flowers,17.700000000000003,8.8,Team Clucker Fuckers
2022,7,3,FLEX,Rashod Bateman,5.9,Josh Jacobs,14.700000000000001,8.8,Worst Cook
2024,12,15,FLEX,Calvin Ridley,9.0,Justice Hill,17.8,8.8,El Ultimo Hombre
2022,7,4,FLEX,Marquise Brown,20.8,Miles Sanders,29.599999999999998,8.8,Worst Cook
2022,5,7,FLEX,James Robinson,0.0,T.J. Hockenson,8.8,8.8,One-cut Heroes
2022,6,6,QB,Lamar Jackson,18.1,Trevor Lawrence,26.900000000000002,8.8,Whos Yurdatty
2022,8,13,FLEX,George Pickens,1.2,Tyler Boyd,10.0,8.8,False Shart
2025,9,10,WR,Tetairoa McMillan,11.0,Jerry Jeudy,19.8,8.8,Cartel Del Taco
2024,3,7,WR,DeVonta Smith,0.8,Jordan Addison,9.600000000000001,8.8,Kareemin' My Jeans
2022,9,1,RB,Devin Singletary,8.200000000000001,Michael Carter,17.0,8.8,Slim Pickins
2024,10,16,FLEX,Isiah Pacheco,3.5,Rhamondre Stevenson,12.3,8.8,Team Clucker Fuckers
2023,2,2,WR,Courtland Sutton,11.600000000000001,Adam Thielen,20.4,8.8,Show Me Dem TDs
2023,12,8,FLEX,Kareem Hunt,13.7,Taysom Hill,22.46,8.76,El Ultimo Hombre
2024,11,6,WR,DK Metcalf,7.800000000000001,Tyler Lockett,16.5,8.7,Seattle  Ricks 
2023,10,14,TE,T.J. Hockenson,10.3,Hunter Henry,19.0,8.7,Team Clucker Fuckers
2023,4,10,FLEX,DeAndre Hopkins,5.7,DeMario Douglas,14.4,8.7,Greendale Human Beings
2023,3,10,FLEX,Christian Kirk,14.4,Devin Singletary,23.1,8.7,Kareemin' My Jeans
2023,3,3,FLEX,DeVonta Smith,6.800000000000001,Jakobi Meyers,15.5,8.7,Kareemin' My Jeans
2025,10,17,RB,Bucky Irving,8.3,Devin Singletary,17.0,8.7,Team Clucker Fuckers
2024,8,8,FLEX,Alexander Mattison,9.4,Puka Nacua,18.1,8.7,Here's to you
2022,11,6,FLEX,Joshua Palmer,14.7,Chase Claypool,23.400000000000002,8.7,Seattle  Ricks 
2025,5,2,FLEX,James Conner,12.200000000000001,Jauan Jennings,20.9,8.7,One-cut Heroes
2025,8,11,FLEX,Keenan Allen,9.3,Ty Johnson,18.0,8.7,Run CMC
2022,1,14,RB,Cam Akers,9.299999999999999,J.K. Dobbins,18.0,8.7,D. Adams Family
2023,1,9,WR,K.J. Osborn,3.7,Jaxon Smith-Njigba,12.3,8.6,MaChungus
2024,3,17,FLEX,Nick Chubb,0.0,Hollywood Brown,8.600000000000001,8.6,Kareemin' My Jeans
2023,4,9,WR,George Pickens,1.9,DeMario Douglas,10.5,8.6,Greendale Human Beings
2023,5,4,FLEX,Romeo Doubs,18.5,DJ Moore,27.1,8.6,One-cut Heroes
2022,4,8,FLEX,DeVonta Smith,7.300000000000001,Khalil Herbert,15.9,8.6,Greendale Human Beings
2025,1,4,RB,Alvin Kamara,11.2,RJ Harvey,19.8,8.6,"Two Gibbs, One Kupp"
2025,7,15,WR,Rome Odunze,0.0,Keenan Allen,8.6,8.6,Allen to this!
2024,10,8,QB,Jayden Daniels,27.240000000000002,Bo Nix,35.76,8.52,Team Clucker Fuckers
2024,6,4,RB,Najee Harris,10.3,Tony Pollard,18.8,8.5,Whos Yurdatty
2022,5,2,TE,T.J. Hockenson,5.6,Mike Gesicki,14.100000000000001,8.5,One-cut Heroes
2022,1,8,WR,Tee Higgins,14.9,Rondale Moore,23.4,8.5,D. Adams Family
2022,1,13,FLEX,Chris Olave,10.5,Cam Akers,19.0,8.5,D. Adams Family
2022,1,11,FLEX,Terry McLaurin,9.6,Treylon Burks,18.1,8.5,D. Adams Family
2024,11,15,WR,Quentin Johnston,15.5,Rashod Bateman,24.0,8.5,Seattle  Ricks 
2022,11,16,FLEX,Tony Pollard,14.0,D'Onta Foreman,22.5,8.5,Seattle  Ricks 
2025,8,8,TE,Tyler Warren,9.3,Dallas Goedert,17.8,8.5,Run CMC
2022,3,12,WR,A.J. Brown,12.600000000000001,Adam Thielen,21.1,8.5,Kareemin' My Jeans
2023,3,4,RB,Aaron Jones,2.4,Devin Singletary,10.84,8.44,Kareemin' My Jeans
2025,9,1,QB,Drake Maye,17.78,J.J. McCarthy,26.22,8.44,Cartel Del Taco
2022,11,7,TE,Noah Fant,1.7000000000000002,Taysom Hill,10.120000000000001,8.42,Seattle  Ricks 
2024,3,16,TE,Dalton Kincaid,5.5,Hunter Henry,13.9,8.4,Kareemin' My Jeans
2023,1,16,WR,Jaxon Smith-Njigba,12.100000000000001,K.J. Osborn,20.5,8.4,MaChungus
2023,3,11,FLEX,Garrett Wilson,0.9,Terry McLaurin,9.3,8.4,Kareemin' My Jeans
2023,11,15,FLEX,Michael Pittman Jr.,11.8,Kenneth Walker III,20.200000000000003,8.4,Seattle  Ricks 
2025,12,3,FLEX,Ladd McConkey,8.100000000000001,Quinshon Judkins,16.5,8.4,Blunder Bust 2000
2023,9,13,TE,Dalton Schultz,0.0,Gerald Everett,8.4,8.4,Olivas - Alone
2023,5,15,RB,Bijan Robinson,0.40000000000000013,Trey Sermon,8.8,8.4,One-cut Heroes
2025,9,1,RB,Omarion Hampton,8.100000000000001,Breece Hall,16.5,8.4,Cartel Del Taco
2024,2,15,FLEX,DeMario Douglas,10.1,Jalen McMillan,18.5,8.4,Show Me Dem TDs
2023,3,2,WR,Stefon Diggs,13.600000000000001,Christian Kirk,21.96,8.36,Kareemin' My Jeans
2023,2,13,QB,Jalen Hurts,25.92,Dak Prescott,34.260000000000005,8.34,Show Me Dem TDs
2024,2,7,FLEX,DeMario Douglas,3.4000000000000004,Ray Davis,11.700000000000001,8.3,Show Me Dem TDs
2022,6,12,FLEX,Deebo Samuel,7.3,Isiah Pacheco,15.600000000000001,8.3,Whos Yurdatty
2025,4,12,FLEX,Aaron Jones Sr.,8.700000000000001,Khalil Shakir,17.0,8.3,Flipadelphia Cheesestoinks
2022,11,3,WR,Chase Claypool,7.6,Joshua Palmer,15.9,8.3,Seattle  Ricks 
2024,8,17,WR,Justin Jefferson,17.200000000000003,Jameson Williams,25.5,8.3,Here's to you
2025,11,8,FLEX,Kenneth Gainwell,3.5,Jeremy McNichols,11.8,8.3,Seattle  Ricks 
2025,5,12,WR,Jauan Jennings,15.100000000000001,DJ Moore,23.4,8.3,One-cut Heroes
2023,2,16,WR,Courtland Sutton,0.0,Brandon Powell,8.3,8.3,Show Me Dem TDs
2024,10,3,WR,Michael Pittman Jr.,7.6,Christian Kirk,15.9,8.3,Team Clucker Fuckers
2024,8,10,WR,Justin Jefferson,9.8,Alec Pierce,18.1,8.3,Here's to you
2022,9,15,QB,Daniel Jones,9.9,Andy Dalton,18.14,8.24,Slim Pickins
2023,10,17,FLEX,Cooper Kupp,12.7,Khalil Herbert,20.9,8.2,Team Clucker Fuckers
2023,6,11,WR,Gabe Davis,0.0,Rashee Rice,8.2,8.2,Whos Yurdatty
2025,3,2,TE,Dalton Kincaid,7.7,Juwan Johnson,15.9,8.2,Shooting Ropes💦
2023,5,1,RB,Saquon Barkley,9.3,Roschon Johnson,17.5,8.2,One-cut Heroes
2022,10,17,FLEX,Mack Hollins,7.0,Kenneth Walker III,15.200000000000001,8.2,Team Clucker Fuckers
2022,10,15,RB,Kareem Hunt,3.7,Kenneth Walker III,11.899999999999999,8.2,Team Clucker Fuckers
2024,7,9,WR,Ja'Marr Chase,11.3,Cedric Tillman,19.5,8.2,Cee Dees in the Face
2023,10,16,FLEX,Cooper Kupp,10.9,Khalil Herbert,19.1,8.2,Team Clucker Fuckers
2024,12,14,RB,Bucky Irving,2.8,Travis Etienne Jr.,11.0,8.2,El Ultimo Hombre
2023,11,4,WR,Michael Pittman Jr.,4.5,Jahan Dotson,12.7,8.2,Seattle  Ricks 
2025,1,4,TE,Travis Kelce,9.8,Kyle Pitts Sr.,18.0,8.2,"Two Gibbs, One Kupp"
2023,3,12,QB,Justin Fields,10.58,Russell Wilson,18.76,8.18,Kareemin' My Jeans
2023,9,6,QB,Brock Purdy,9.7,Josh Allen,17.86,8.16,Olivas - Alone
2024,6,15,FLEX,Najee Harris,3.1000000000000005,Pat Freiermuth,11.2,8.1,Whos Yurdatty
2025,11,17,TE,AJ Barner,13.3,Colston Loveland,21.4,8.1,Seattle  Ricks 
2024,5,2,RB,Jaleel McLaughlin,0.6000000000000001,Khalil Herbert,8.700000000000001,8.1,One-cut Heroes
2023,1,1,WR,Marvin Mims Jr.,2.9,Curtis Samuel,11.0,8.1,MaChungus
2023,7,2,FLEX,Dameon Pierce,5.5,Darren Waller,13.600000000000001,8.1,Put it Justin??
2023,12,13,FLEX,Calvin Ridley,7.300000000000001,Taysom Hill,15.4,8.1,El Ultimo Hombre
2025,12,4,TE,Brock Bowers,9.600000000000001,Darren Waller,17.7,8.1,Blunder Bust 2000
2023,5,2,TE,Pat Freiermuth,1.2,Dalton Kincaid,9.3,8.1,One-cut Heroes
2023,7,16,RB,Zach Charbonnet,0.6,Justice Hill,8.7,8.1,Put it Justin??
2023,2,8,RB,Latavius Murray,2.1,AJ Dillon,10.2,8.1,Show Me Dem TDs
2023,6,10,QB,Jared Goff,25.12,Sam Howell,33.18,8.06,Whos Yurdatty
2022,8,13,QB,Josh Allen,20.92,Geno Smith,28.98,8.06,False Shart
2024,11,11,QB,Brock Purdy,20.36,Justin Herbert,28.380000000000003,8.02,Seattle  Ricks 
2022,11,2,RB,Saquon Barkley,11.799999999999999,Tony Pollard,19.8,8.0,Seattle  Ricks 
2024,3,4,FLEX,DeAndre Hopkins,5.1,Rico Dowdle,13.100000000000001,8.0,Kareemin' My Jeans
2025,12,10,RB,Tyrone Tracy Jr.,8.100000000000001,Woody Marks,16.1,8.0,Blunder Bust 2000
2024,3,2,FLEX,DeAndre Hopkins,1.9,Rico Dowdle,9.9,8.0,Kareemin' My Jeans
2023,5,14,D/ST,Lions D/ST,4.0,Bengals D/ST,12.0,8.0,One-cut Heroes
2024,5,17,FLEX,Jayden Reed,1.6,Jaleel McLaughlin,9.6,8.0,One-cut Heroes
2023,2,8,FLEX,Brandon Powell,2.2,AJ Dillon,10.2,8.0,Show Me Dem TDs
2023,1,14,D/ST,Ravens D/ST,5.0,Jets D/ST,13.0,8.0,MaChungus
2023,4,2,WR,DeAndre Hopkins,8.0,Amari Cooper,16.0,8.0,Greendale Human Beings
2023,9,8,WR,Hunter Renfrow,3.9000000000000004,Tee Higgins,11.9,8.0,Olivas - Alone
2022,11,15,D/ST,Commanders D/ST,3.0,Cardinals D/ST,11.0,8.0,Seattle  Ricks 
2024,1,16,WR,Malik Nabers,13.8,Tank Dell,21.8,8.0,LaPorta Potty
2022,6,7,QB,Lamar Jackson,10.7,Trevor Lawrence,18.7,8.0,Whos Yurdatty
2025,5,7,WR,Xavier Worthy,7.8,Tez Johnson,15.8,8.0,One-cut Heroes
2024,1,4,D/ST,Steelers D/ST,2.0,Ravens D/ST,10.0,8.0,LaPorta Potty
2025,2,6,D/ST,Colts D/ST,2.0,Jets D/ST,10.0,8.0,Show Me Dem TDs
2025,5,6,D/ST,Chiefs D/ST,4.0,Seahawks D/ST,12.0,8.0,One-cut Heroes
2025,2,10,K,Chris Boswell,5.0,Tyler Loop,13.0,8.0,Show Me Dem TDs
2024,2,9,D/ST,Texans D/ST,4.0,Vikings D/ST,12.0,8.0,Show Me Dem TDs
2022,1,15,FLEX,Chris Olave,8.3,Tee Higgins,16.3,8.0,D. Adams Family
2025,5,6,WR,DJ Moore,8.2,Josh Downs,16.2,8.0,One-cut Heroes
2022,6,1,FLEX,Diontae Johnson,12.5,Amon-Ra St. Brown,20.4,7.9,Whos Yurdatty
2022,6,7,FLEX,Amon-Ra St. Brown,1.4,Nyheim Hines,9.3,7.9,Whos Yurdatty
2024,4,8,FLEX,Cooper Kupp,16.1,Tyrone Tracy Jr.,24.0,7.9,Greendale Human Beings
2023,7,16,WR,Curtis Samuel,3.0,Tyler Boyd,10.9,7.9,Put it Justin??
2022,11,5,TE,Dalton Schultz,0.0,Noah Fant,7.9,7.9,Seattle  Ricks 
2023,1,4,FLEX,K.J. Osborn,2.6,Christian Watson,10.5,7.9,MaChungus
2024,1,9,RB,Joe Mixon,16.6,J.K. Dobbins,24.5,7.9,LaPorta Potty
2022,12,16,TE,Juwan Johnson,1.9,Darren Waller,9.8,7.9,Shart City Poo Bums
2022,9,3,WR,Nelson Agholor,4.1000000000000005,Garrett Wilson,12.0,7.9,Slim Pickins
2024,12,8,WR,Amari Cooper,1.3,Jalen McMillan,9.2,7.9,El Ultimo Hombre
2023,10,2,FLEX,Zay Flowers,10.8,Drake London,18.7,7.9,Team Clucker Fuckers
2022,7,3,RB,Joe Mixon,6.800000000000001,Josh Jacobs,14.700000000000001,7.9,Worst Cook
2023,8,16,RB,Travis Etienne Jr.,6.1000000000000005,Gus Edwards,14.0,7.9,False Shart
2025,6,11,QB,Lamar Jackson,4.719999999999999,Bo Nix,12.600000000000001,7.88,Whos Yurdatty
2022,4,1,QB,Tua Tagovailoa,17.8,Jameis Winston,25.66,7.86,Greendale Human Beings
2022,11,5,QB,Justin Herbert,16.42,Kirk Cousins,24.240000000000002,7.82,Seattle  Ricks 
2022,6,1,WR,Deebo Samuel,12.6,Amon-Ra St. Brown,20.4,7.8,Whos Yurdatty
2024,8,13,FLEX,Khalil Shakir,7.0,Isaiah Likely,14.8,7.8,Here's to you
2025,10,8,WR,Drake London,0.0,Wan'Dale Robinson,7.800000000000001,7.8,Team Clucker Fuckers
2025,3,1,WR,Malik Nabers,12.100000000000001,Hollywood Brown,19.9,7.8,Shooting Ropes💦
2022,10,1,FLEX,Brandin Cooks,15.200000000000001,Kareem Hunt,23.0,7.8,Team Clucker Fuckers
2023,3,4,FLEX,DeVonta Smith,14.8,Terry McLaurin,22.6,7.8,Kareemin' My Jeans
2025,6,6,WR,Deebo Samuel,5.4,Matthew Golden,13.2,7.8,Whos Yurdatty
2025,8,8,FLEX,Cam Skattebo,10.0,Dallas Goedert,17.8,7.8,Run CMC
2023,4,15,RB,Chuba Hubbard,12.3,Clyde Edwards-Helaire,20.1,7.8,Greendale Human Beings
2025,1,1,WR,DeVonta Smith,4.6,Chris Olave,12.4,7.8,"Two Gibbs, One Kupp"
2023,9,2,TE,Gerald Everett,7.7,Mark Andrews,15.5,7.8,Olivas - Alone
2024,7,6,RB,Zack Moss,0.5,Emanuel Wilson,8.3,7.8,Cee Dees in the Face
2025,11,10,TE,Zach Ertz,9.4,Cade Otton,17.200000000000003,7.8,Seattle  Ricks 
2022,6,6,RB,Jeff Wilson Jr.,0.5,Antonio Gibson,8.3,7.8,Whos Yurdatty
2025,7,7,FLEX,Quentin Johnston,11.0,Dalton Schultz,18.8,7.8,Allen to this!
2024,11,1,WR,DK Metcalf,5.9,Tyler Lockett,13.7,7.8,Seattle  Ricks 
2022,3,14,FLEX,Dameon Pierce,11.8,Adam Thielen,19.5,7.7,Kareemin' My Jeans
2022,6,10,FLEX,Deebo Samuel,7.1000000000000005,Zay Jones,14.8,7.7,Whos Yurdatty
2022,2,10,RB,Tyler Allgeier,3.3,Melvin Gordon III,11.0,7.7,Show Me Dem TDs
2025,3,14,FLEX,Bam Knight,6.3999999999999995,Dalton Kincaid,14.100000000000001,7.7,Shooting Ropes💦
2023,1,5,FLEX,Jameson Williams,2.2,K.J. Osborn,9.9,7.7,MaChungus
2022,3,5,FLEX,Adam Thielen,6.7,Travis Etienne Jr.,14.400000000000002,7.7,Kareemin' My Jeans
2024,7,14,TE,Mike Gesicki,5.4,Tucker Kraft,13.100000000000001,7.7,Cee Dees in the Face
2025,9,15,FLEX,Kenneth Walker III,2.9000000000000004,T.J. Hockenson,10.600000000000001,7.7,Cartel Del Taco
2023,3,6,FLEX,DeVonta Smith,9.4,Jakobi Meyers,17.1,7.7,Kareemin' My Jeans
2023,5,4,WR,Chris Godwin,19.4,DJ Moore,27.1,7.7,One-cut Heroes
2023,6,6,FLEX,Austin Ekeler,10.2,Zack Moss,17.9,7.7,Whos Yurdatty
2023,6,4,FLEX,Tutu Atwell,7.4,Gabe Davis,15.100000000000001,7.7,Whos Yurdatty
2022,1,12,FLEX,Terry McLaurin,9.3,Treylon Burks,17.0,7.7,D. Adams Family
2022,12,4,FLEX,Tyler Boyd,7.62,Jerry Jeudy,15.3,7.68,Shart City Poo Bums
2023,3,4,QB,Russell Wilson,28.22,Justin Fields,35.9,7.68,Kareemin' My Jeans
2025,2,17,QB,Matthew Stafford,16.759999999999998,Joe Burrow,24.4,7.64,Show Me Dem TDs
2025,2,13,QB,Matthew Stafford,15.620000000000001,Joe Burrow,23.240000000000002,7.62,Show Me Dem TDs
2022,7,16,WR,Marquise Brown,8.8,Curtis Samuel,16.4,7.6,Worst Cook
2023,8,3,FLEX,Gus Edwards,5.1000000000000005,Clyde Edwards-Helaire,12.7,7.6,False Shart
2023,6,15,TE,Jake Ferguson,10.4,Isaiah Likely,18.0,7.6,Whos Yurdatty
2022,6,9,RB,Raheem Mostert,8.6,Jeff Wilson Jr.,16.200000000000003,7.6,Whos Yurdatty
2025,4,13,RB,David Montgomery,12.799999999999999,Chuba Hubbard,20.400000000000002,7.6,Flipadelphia Cheesestoinks
2025,5,7,WR,DJ Moore,8.2,Tez Johnson,15.8,7.6,One-cut Heroes
2023,8,15,TE,Dalton Kincaid,0.0,Tyler Higbee,7.6,7.6,False Shart
2022,4,10,FLEX,Allen Lazard,7.5,Nick Chubb,15.100000000000001,7.6,Greendale Human Beings
2024,12,5,FLEX,Bucky Irving,5.6000000000000005,Jakobi Meyers,13.2,7.6,El Ultimo Hombre
2022,6,15,RB,Isiah Pacheco,8.7,Marlon Mack,16.3,7.6,Whos Yurdatty
2022,8,4,FLEX,J.D. McKissic,8.6,George Pickens,16.200000000000003,7.6,False Shart
2024,3,16,FLEX,DeAndre Hopkins,7.7,Zay Flowers,15.3,7.6,Kareemin' My Jeans
2025,11,14,FLEX,Troy Franklin,4.1,Brian Thomas Jr.,11.700000000000001,7.6,Seattle  Ricks 
2024,4,11,RB,D'Ernest Johnson,0.30000000000000004,Jerome Ford,7.9,7.6,Greendale Human Beings
2023,1,9,FLEX,Christian Watson,4.7,Jaxon Smith-Njigba,12.3,7.6,MaChungus
2023,11,17,WR,Tyler Lockett,2.0,Michael Pittman Jr.,9.600000000000001,7.6,Seattle  Ricks 
2022,3,16,WR,Christian Kirk,5.6,Amari Cooper,13.2,7.6,Kareemin' My Jeans
2022,5,11,WR,Nick Westbrook-Ikhine,4.800000000000001,Keenan Allen,12.4,7.6,One-cut Heroes
2023,6,1,FLEX,Dalvin Cook,8.9,Zay Jones,16.5,7.6,Whos Yurdatty
2023,8,6,FLEX,Marquise Brown,7.4,Brandin Cooks,15.0,7.6,False Shart
2024,8,5,RB,Bijan Robinson,10.700000000000001,Trey Sermon,18.3,7.6,Here's to you
2022,5,16,RB,Samaje Perine,5.2,AJ Dillon,12.8,7.6,One-cut Heroes
2024,8,11,TE,Kyle Pitts,1.9,Isaiah Likely,9.5,7.6,Here's to you
2023,3,4,WR,Garrett Wilson,15.0,Terry McLaurin,22.6,7.6,Kareemin' My Jeans
2022,11,17,TE,Noah Fant,6.0,Taysom Hill,13.560000000000002,7.56,Seattle  Ricks 
2023,10,5,WR,Zay Flowers,12.3,Cooper Kupp,19.8,7.5,Team Clucker Fuckers
2024,5,11,WR,Deebo Samuel Sr.,6.1,Brian Thomas Jr.,13.600000000000001,7.5,One-cut Heroes
2023,7,12,RB,Ty Chandler,2.1,Rico Dowdle,9.6,7.5,Put it Justin??
2024,1,15,FLEX,Joe Mixon,10.600000000000001,Sam LaPorta,18.1,7.5,LaPorta Potty
2023,3,14,FLEX,Aaron Jones,0.0,Jakobi Meyers,7.5,7.5,Kareemin' My Jeans
2023,11,2,FLEX,Kenneth Walker III,18.400000000000002,Tyler Lockett,25.9,7.5,Seattle  Ricks 
2025,9,6,FLEX,Rhamondre Stevenson,1.8,Jerry Jeudy,9.3,7.5,Cartel Del Taco
2023,8,5,FLEX,Jaylen Warren,10.9,Jordan Addison,18.4,7.5,False Shart
2025,8,4,FLEX,Cam Skattebo,13.0,Travis Etienne Jr.,20.5,7.5,Run CMC
2024,4,6,QB,Lamar Jackson,20.92,Josh Allen,28.4,7.48,Greendale Human Beings
2024,2,13,QB,Baker Mayfield,12.200000000000003,Jalen Hurts,19.62,7.42,Show Me Dem TDs
2024,12,6,RB,Travis Etienne Jr.,-0.1,Antonio Gibson,7.300000000000001,7.4,El Ultimo Hombre
2023,5,1,FLEX,Chris Godwin,10.100000000000001,Roschon Johnson,17.5,7.4,One-cut Heroes
2024,1,14,WR,Keenan Allen,6.0,Christian Watson,13.4,7.4,LaPorta Potty
2024,5,2,FLEX,Brian Thomas Jr.,11.4,Darnell Mooney,18.8,7.4,One-cut Heroes
2025,4,4,FLEX,J.K. Dobbins,11.500000000000002,Khalil Shakir,18.9,7.4,Flipadelphia Cheesestoinks
2023,4,3,WR,DeAndre Hopkins,7.800000000000001,Michael Gallup,15.200000000000001,7.4,Greendale Human Beings
2023,10,12,WR,Puka Nacua,6.7,Drake London,14.1,7.4,Team Clucker Fuckers
2024,10,5,FLEX,Xavier Worthy,11.8,Rhamondre Stevenson,19.2,7.4,Team Clucker Fuckers
2025,2,1,TE,Evan Engram,5.1,Jonnu Smith,12.5,7.4,Show Me Dem TDs
2023,8,1,FLEX,Marquise Brown,8.700000000000001,Jordan Addison,16.1,7.4,False Shart
2022,4,4,RB,Javonte Williams,3.7,Khalil Herbert,11.1,7.4,Greendale Human Beings
2025,6,16,FLEX,Deebo Samuel,6.5,Chris Rodriguez Jr.,13.9,7.4,Whos Yurdatty
2023,10,3,WR,Puka Nacua,12.2,DJ Chark Jr.,19.6,7.4,Team Clucker Fuckers
2022,2,11,FLEX,Melvin Gordon III,12.0,Wan'Dale Robinson,19.4,7.4,Show Me Dem TDs
2025,4,17,TE,Dalton Schultz,4.9,Oronde Gadsden,12.2,7.3,Flipadelphia Cheesestoinks
2022,7,2,QB,Russell Wilson,13.06,Aaron Rodgers,20.36,7.3,Worst Cook
2022,9,6,WR,Mike Evans,8.2,Chris Godwin,15.5,7.3,Slim Pickins
2022,12,8,RB,Jonathan Taylor,5.6000000000000005,Latavius Murray,12.900000000000002,7.3,Shart City Poo Bums
2025,3,11,RB,Kimani Vidal,3.1999999999999997,Jordan Mason,10.5,7.3,Shooting Ropes💦
2024,11,1,FLEX,Ladd McConkey,14.9,Jordan Mason,22.200000000000003,7.3,Seattle  Ricks 
2024,10,3,TE,Travis Kelce,7.0,Tyler Conklin,14.3,7.3,Team Clucker Fuckers
2023,12,8,WR,Nico Collins,7.0,Calvin Ridley,14.3,7.3,El Ultimo Hombre
2023,12,14,WR,DK Metcalf,13.2,Jayden Reed,20.5,7.3,El Ultimo Hombre
2025,9,7,FLEX,Rhamondre Stevenson,16.8,Travis Hunter,24.1,7.3,Cartel Del Taco
2024,12,6,FLEX,Jakobi Meyers,0.0,Antonio Gibson,7.300000000000001,7.3,El Ultimo Hombre
2023,4,12,WR,Amari Cooper,3.6,DeMario Douglas,10.9,7.3,Greendale Human Beings
2023,9,17,RB,D'Andre Swift,7.6000000000000005,Roschon Johnson,14.9,7.3,Olivas - Alone
2024,9,17,RB,Brian Robinson Jr.,8.9,Jaylen Warren,16.200000000000003,7.3,Cartel Del Taco
2025,1,14,FLEX,DeVonta Smith,7.7,Kyle Pitts Sr.,15.0,7.3,"Two Gibbs, One Kupp"
2025,1,7,FLEX,Alvin Kamara,5.9,Kyle Pitts Sr.,13.2,7.3,"Two Gibbs, One Kupp"
2024,6,7,WR,Tyreek Hill,2.3,Ladd McConkey,9.600000000000001,7.3,Whos Yurdatty
2023,10,15,TE,T.J. Hockenson,12.3,Hunter Henry,19.6,7.3,Team Clucker Fuckers
2024,1,12,FLEX,David Montgomery,16.3,Keenan Allen,23.6,7.3,LaPorta Potty
2022,1,11,RB,Gus Edwards,0.0,Kenyan Drake,7.300000000000001,7.3,D. Adams Family
2022,10,16,RB,Kareem Hunt,5.2,Kenneth Walker III,12.500000000000002,7.3,Team Clucker Fuckers
2024,6,5,FLEX,Tre Tucker,4.6,Raheem Mostert,11.8,7.2,Whos Yurdatty
2022,8,15,FLEX,George Pickens,7.300000000000001,Tyler Boyd,14.5,7.2,False Shart
2022,8,2,RB,Mark Ingram II,6.1000000000000005,J.D. McKissic,13.3,7.2,False Shart
2024,6,14,FLEX,Noah Gray,6.6,Pat Freiermuth,13.8,7.2,Whos Yurdatty
2024,6,16,RB,Aaron Jones,12.299999999999999,Ameer Abdullah,19.5,7.2,Whos Yurdatty
2023,3,15,TE,Kyle Pitts,6.7,Michael Mayer,13.9,7.2,Kareemin' My Jeans
2023,3,12,FLEX,Christian Kirk,12.9,Jakobi Meyers,20.1,7.2,Kareemin' My Jeans
2024,7,11,TE,Tucker Kraft,0.0,Cole Kmet,7.2,7.2,Cee Dees in the Face
2024,4,16,RB,Tyrone Tracy Jr.,16.9,Jerome Ford,24.1,7.2,Greendale Human Beings
2022,9,9,FLEX,Chris Godwin,10.7,Garrett Wilson,17.9,7.2,Slim Pickins
2023,9,17,FLEX,Gerald Everett,7.699999999999999,Roschon Johnson,14.9,7.2,Olivas - Alone
2023,7,13,WR,Noah Brown,0.0,Tyler Boyd,7.199999999999999,7.2,Put it Justin??
2022,6,9,FLEX,Zay Jones,9.0,Jeff Wilson Jr.,16.200000000000003,7.2,Whos Yurdatty
2022,9,17,WR,DK Metcalf,1.3,Courtland Sutton,8.4,7.1,Slim Pickins
2023,1,6,FLEX,Javonte Williams,7.2,Jameson Williams,14.3,7.1,MaChungus
2023,7,15,FLEX,Elijah Moore,3.7,Keaton Mitchell,10.8,7.1,Put it Justin??
2022,11,1,FLEX,Robert Woods,2.3,Chase Claypool,9.4,7.1,Seattle  Ricks 
2025,6,4,WR,Tre Tucker,4.2,Matthew Golden,11.3,7.1,Whos Yurdatty
2022,12,2,WR,Justin Jefferson,10.8,Jahan Dotson,17.9,7.1,Shart City Poo Bums
2025,6,14,QB,Bo Nix,15.98,Lamar Jackson,23.060000000000002,7.08,Whos Yurdatty
2023,4,16,D/ST,Broncos D/ST,6.0,Falcons D/ST,13.0,7.0,Greendale Human Beings
2024,1,10,D/ST,Falcons D/ST,0.0,Steelers D/ST,7.0,7.0,LaPorta Potty
2025,9,2,FLEX,Nico Collins,14.2,Rhamondre Stevenson,21.200000000000003,7.0,Cartel Del Taco
2024,9,9,FLEX,Marvin Harrison Jr.,3.4000000000000004,Javonte Williams,10.4,7.0,Cartel Del Taco
2022,2,4,FLEX,Russell Gage,4.4,Tyler Allgeier,11.4,7.0,Show Me Dem TDs
2023,1,2,RB,Ezekiel Elliott,1.3,Justice Hill,8.3,7.0,MaChungus
2022,9,3,FLEX,Courtland Sutton,17.700000000000003,Jamaal Williams,24.700000000000003,7.0,Slim Pickins
2024,2,1,K,Greg Zuerlein,1.0,Jake Bates,8.0,7.0,Show Me Dem TDs
2022,1,5,FLEX,Tee Higgins,0.0,Darrell Henderson Jr.,7.0,7.0,D. Adams Family
2024,2,15,D/ST,Vikings D/ST,9.0,Texans D/ST,16.0,7.0,Show Me Dem TDs
2023,5,6,RB,Rachaad White,6.8,Saquon Barkley,13.8,7.0,One-cut Heroes
2022,2,6,K,Graham Gano,6.0,Brandon McManus,13.0,7.0,Show Me Dem TDs
2024,2,15,QB,Jalen Hurts,32.1,Baker Mayfield,39.019999999999996,6.92,Show Me Dem TDs
2025,1,17,RB,RJ Harvey,18.6,Jacory Croskey-Merritt,25.5,6.9,"Two Gibbs, One Kupp"
2025,9,2,WR,Jerry Jeudy,9.100000000000001,Tetairoa McMillan,16.0,6.9,Cartel Del Taco
2024,12,3,WR,Garrett Wilson,14.3,Jakobi Meyers,21.2,6.9,El Ultimo Hombre
2022,1,17,WR,Terry McLaurin,5.7,Treylon Burks,12.600000000000001,6.9,D. Adams Family
2023,4,10,WR,George Pickens,7.5,DeMario Douglas,14.4,6.9,Greendale Human Beings
2023,6,8,WR,Amon-Ra St. Brown,16.8,Gabe Davis,23.700000000000003,6.9,Whos Yurdatty
2024,6,7,FLEX,Diontae Johnson,2.7,Ladd McConkey,9.600000000000001,6.9,Whos Yurdatty
2025,3,7,WR,Jaylen Waddle,2.5,Hollywood Brown,9.4,6.9,Shooting Ropes💦
2025,3,13,RB,Bam Knight,16.8,Kimani Vidal,23.700000000000003,6.9,Shooting Ropes💦
2024,10,13,FLEX,Devin Singletary,2.3000000000000003,Michael Pittman Jr.,9.2,6.9,Team Clucker Fuckers
2022,8,4,FLEX,Marquez Valdes-Scantling,9.3,George Pickens,16.200000000000003,6.9,False Shart
2025,9,3,FLEX,Kenneth Walker III,18.0,Omarion Hampton,24.9,6.9,Cartel Del Taco
2022,11,17,FLEX,Jahan Dotson,6.7,Taysom Hill,13.560000000000002,6.86,Seattle  Ricks 
2022,8,2,FLEX,Jarvis Landry,6.5,J.D. McKissic,13.3,6.8,False Shart
2024,12,2,FLEX,Diontae Johnson,4.5,Antonio Gibson,11.3,6.8,El Ultimo Hombre
2022,1,8,FLEX,Terry McLaurin,16.6,Rondale Moore,23.4,6.8,D. Adams Family
2022,9,4,FLEX,Garrett Wilson,6.1000000000000005,Chris Godwin,12.9,6.8,Slim Pickins
2023,1,13,RB,Jahmyr Gibbs,6.4,Ezekiel Elliott,13.2,6.8,MaChungus
2022,4,12,WR,Allen Lazard,4.4,Marvin Jones Jr.,11.2,6.8,Greendale Human Beings
2023,6,14,WR,Jaylen Waddle,13.9,Odell Beckham Jr.,20.700000000000003,6.8,Whos Yurdatty
2023,12,15,WR,Ja'Marr Chase,10.4,Jayden Reed,17.2,6.8,El Ultimo Hombre
2023,7,5,FLEX,Brandon Aiyuk,9.8,Darren Waller,16.6,6.8,Put it Justin??
2024,4,15,RB,De'Von Achane,14.600000000000001,Jerome Ford,21.4,6.8,Greendale Human Beings
2022,8,6,FLEX,George Pickens,5.800000000000001,Tyler Boyd,12.600000000000001,6.8,False Shart
2022,1,12,QB,Joe Burrow,20.0,Derek Carr,26.8,6.8,D. Adams Family
2022,6,17,WR,Amon-Ra St. Brown,10.2,Jakobi Meyers,16.9,6.7,Whos Yurdatty
2025,5,5,FLEX,TreVeyon Henderson,4.7,Josh Downs,11.4,6.7,One-cut Heroes
2022,9,16,RB,Christian McCaffrey,13.8,Devin Singletary,20.5,6.7,Slim Pickins
2025,7,1,TE,Colston Loveland,3.2,Brenton Strange,9.9,6.7,Allen to this!
2025,1,2,WR,DeVonta Smith,9.3,Cooper Kupp,16.0,6.7,"Two Gibbs, One Kupp"
2022,3,10,WR,A.J. Brown,1.7000000000000002,Allen Robinson II,8.4,6.7,Kareemin' My Jeans
2022,12,9,WR,Parris Campbell,3.6,DeAndre Carter,10.3,6.7,Shart City Poo Bums
2022,6,9,FLEX,Amon-Ra St. Brown,9.5,Jeff Wilson Jr.,16.200000000000003,6.7,Whos Yurdatty
2022,6,1,RB,Rhamondre Stevenson,4.7,Nyheim Hines,11.4,6.7,Whos Yurdatty
2025,3,1,QB,Kyler Murray,22.32,Michael Penix Jr.,29.02,6.7,Shooting Ropes💦
2024,8,8,FLEX,Chase Brown,11.399999999999999,Puka Nacua,18.1,6.7,Here's to you
2025,7,12,WR,Rome Odunze,8.3,Jakobi Meyers,15.0,6.7,Allen to this!
2023,7,5,FLEX,Tyler Boyd,9.9,Darren Waller,16.6,6.7,Put it Justin??
2022,9,15,RB,Jamaal Williams,3.3000000000000003,Devin Singletary,10.0,6.7,Slim Pickins
2023,8,17,RB,Christian McCaffrey,13.100000000000001,Jaylen Warren,19.8,6.7,False Shart
2025,3,3,FLEX,Hollywood Brown,8.2,Jaylen Waddle,14.9,6.7,Shooting Ropes💦
2025,3,2,WR,Justin Jefferson,11.1,Jaylen Waddle,17.8,6.7,Shooting Ropes💦
2022,1,5,QB,Joe Burrow,19.28,Derek Carr,25.94,6.66,D. Adams Family
2022,7,1,FLEX,Darren Waller,11.9,Miles Sanders,18.5,6.6,Worst Cook
2022,12,1,FLEX,Tyler Boyd,13.3,James Robinson,19.900000000000002,6.6,Shart City Poo Bums
2025,1,6,FLEX,Cooper Kupp,12.0,Jameson Williams,18.6,6.6,"Two Gibbs, One Kupp"
2023,10,3,FLEX,Zay Flowers,13.0,DJ Chark Jr.,19.6,6.6,Team Clucker Fuckers
2023,11,5,FLEX,Michael Wilson,2.8,Luke Musgrave,9.4,6.6,Seattle  Ricks 
2022,4,16,FLEX,Marvin Jones Jr.,4.5,Allen Lazard,11.100000000000001,6.6,Greendale Human Beings
2023,1,6,FLEX,D'Onta Foreman,7.7,Jameson Williams,14.3,6.6,MaChungus
2024,10,5,RB,Alvin Kamara,12.6,Rhamondre Stevenson,19.2,6.6,Team Clucker Fuckers
2023,12,5,FLEX,Jonathan Taylor,4.4,Jerry Jeudy,11.0,6.6,El Ultimo Hombre
2023,1,4,WR,Tank Dell,3.9,Christian Watson,10.5,6.6,MaChungus
2022,1,2,FLEX,Mecole Hardman,7.5,Tyler Higbee,14.100000000000001,6.6,D. Adams Family
2025,10,14,FLEX,Bhayshul Tuten,-1.5,Michael Carter,5.1,6.6,Team Clucker Fuckers
2022,12,9,FLEX,Mack Hollins,3.7,DeAndre Carter,10.3,6.6,Shart City Poo Bums
2022,7,9,RB,Josh Jacobs,11.7,Cordarrelle Patterson,18.299999999999997,6.6,Worst Cook
2024,3,2,RB,Rachaad White,3.3,Rico Dowdle,9.9,6.6,Kareemin' My Jeans
2024,1,1,FLEX,David Montgomery,16.3,J.K. Dobbins,22.9,6.6,LaPorta Potty
2025,4,10,RB,J.K. Dobbins,9.399999999999999,Aaron Jones Sr.,15.899999999999999,6.5,Flipadelphia Cheesestoinks
2024,6,12,FLEX,Tony Pollard,21.9,Jaylen Waddle,28.4,6.5,Whos Yurdatty
2022,5,10,WR,Robert Woods,3.0,Isaiah McKenzie,9.5,6.5,One-cut Heroes
2025,5,10,TE,Hunter Henry,1.9,Harold Fannin Jr.,8.4,6.5,One-cut Heroes
2022,3,6,FLEX,Christian Kirk,10.8,Allen Robinson II,17.3,6.5,Kareemin' My Jeans
2025,4,1,RB,David Montgomery,8.3,J.K. Dobbins,14.8,6.5,Flipadelphia Cheesestoinks
2025,11,7,FLEX,Jakobi Meyers,0.0,Jeremy McNichols,6.5,6.5,Seattle  Ricks 
2023,1,8,WR,Tank Dell,6.1,Jaxon Smith-Njigba,12.6,6.5,MaChungus
2024,10,15,FLEX,Isiah Pacheco,5.7,Courtland Sutton,12.2,6.5,Team Clucker Fuckers
2023,5,13,FLEX,Trey Sermon,0.0,Tyler Conklin,6.5,6.5,One-cut Heroes
2023,6,4,WR,Jaylen Waddle,8.600000000000001,Gabe Davis,15.100000000000001,6.5,Whos Yurdatty
2025,2,14,FLEX,Evan Engram,2.8,Jayden Reed,9.3,6.5,Show Me Dem TDs
2024,5,4,FLEX,Jayden Reed,27.1,Kenneth Walker III,33.6,6.5,One-cut Heroes
2025,3,11,FLEX,Parker Washington,4.0,Jordan Mason,10.5,6.5,Shooting Ropes💦
2022,3,3,WR,Ja'Marr Chase,12.700000000000001,Christian Kirk,19.2,6.5,Kareemin' My Jeans
2023,2,12,WR,Adam Thielen,1.2,Brandon Powell,7.7,6.5,Show Me Dem TDs
2024,1,13,FLEX,Tee Higgins,17.9,Keenan Allen,24.3,6.4,LaPorta Potty
2025,12,4,RB,Quinshon Judkins,21.500000000000004,Woody Marks,27.9,6.4,Blunder Bust 2000
2022,5,17,RB,Kenneth Gainwell,3.7,AJ Dillon,10.100000000000001,6.4,One-cut Heroes
2022,5,2,FLEX,AJ Dillon,7.700000000000001,Mike Gesicki,14.100000000000001,6.4,One-cut Heroes
2023,12,3,FLEX,Nico Collins,5.4,Elijah Moore,11.8,6.4,El Ultimo Hombre
2023,8,2,RB,Travis Etienne Jr.,6.2,Jaylen Warren,12.600000000000001,6.4,False Shart
2022,2,15,FLEX,Evan Engram,14.2,Aaron Jones,20.6,6.4,Show Me Dem TDs
2023,5,11,FLEX,Chris Godwin,9.9,Romeo Doubs,16.3,6.4,One-cut Heroes
2022,8,13,WR,Michael Pittman Jr.,3.6,Tyler Boyd,10.0,6.4,False Shart
2024,10,5,FLEX,Christian Kirk,12.8,Rhamondre Stevenson,19.2,6.4,Team Clucker Fuckers
2025,1,10,FLEX,Jacory Croskey-Merritt,3.0,Cooper Kupp,9.4,6.4,"Two Gibbs, One Kupp"
2024,7,3,QB,Derek Carr,9.98,Geno Smith,16.36,6.38,Cee Dees in the Face
2023,4,11,QB,Tua Tagovailoa,21.6,Lamar Jackson,27.96,6.36,Greendale Human Beings
2025,12,13,WR,Michael Wilson,6.6,Marvin Harrison Jr.,12.9,6.3,Blunder Bust 2000
2025,4,10,WR,DK Metcalf,6.5,Khalil Shakir,12.8,6.3,Flipadelphia Cheesestoinks
2024,1,17,FLEX,D'Andre Swift,12.100000000000001,Sam LaPorta,18.4,6.3,LaPorta Potty
2023,3,8,RB,Miles Sanders,0.0,Devin Singletary,6.3,6.3,Kareemin' My Jeans
2023,10,9,WR,Keenan Allen,15.7,Diontae Johnson,22.0,6.3,Team Clucker Fuckers
2022,7,9,FLEX,Dalvin Cook,13.6,Mecole Hardman,19.9,6.3,Worst Cook
2022,5,4,WR,Isaiah McKenzie,12.1,Corey Davis,18.4,6.3,One-cut Heroes
2022,5,12,QB,Ryan Tannehill,12.540000000000001,Dak Prescott,18.84,6.3,One-cut Heroes
2025,3,14,TE,Juwan Johnson,7.800000000000001,Dalton Kincaid,14.100000000000001,6.3,Shooting Ropes💦
2025,9,7,TE,T.J. Hockenson,10.3,Theo Johnson,16.6,6.3,Cartel Del Taco
2024,11,2,FLEX,Jordan Mason,17.4,Jaxon Smith-Njigba,23.700000000000003,6.3,Seattle  Ricks 
2023,5,12,RB,Saquon Barkley,6.200000000000001,Roschon Johnson,12.5,6.3,One-cut Heroes
2023,1,8,FLEX,Christian Watson,6.300000000000001,Jaxon Smith-Njigba,12.6,6.3,MaChungus
2023,1,1,WR,Treylon Burks,4.7,Curtis Samuel,11.0,6.3,MaChungus
2025,6,1,RB,Tony Pollard,7.9,Jacory Croskey-Merritt,14.200000000000001,6.3,Whos Yurdatty
2022,11,9,QB,Justin Herbert,14.100000000000001,Kirk Cousins,20.4,6.3,Seattle  Ricks 
2025,5,13,FLEX,Travis Etienne Jr.,5.1000000000000005,Xavier Worthy,11.4,6.3,One-cut Heroes
2025,8,3,FLEX,George Pickens,17.8,Cam Skattebo,24.1,6.3,Run CMC
2023,7,2,FLEX,Brandon Aiyuk,7.3,Darren Waller,13.600000000000001,6.3,Put it Justin??
2025,1,1,FLEX,Jameson Williams,6.6,Kyle Pitts Sr.,12.9,6.3,"Two Gibbs, One Kupp"
2023,3,14,QB,Russell Wilson,20.46,Justin Fields,26.72,6.26,Kareemin' My Jeans
2022,7,15,QB,Aaron Rodgers,12.86,Jared Goff,19.08,6.22,Worst Cook
2023,3,17,FLEX,Garrett Wilson,9.9,Terry McLaurin,16.1,6.2,Kareemin' My Jeans
2024,8,7,FLEX,Chase Brown,7.300000000000001,Khalil Shakir,13.5,6.2,Here's to you
2023,6,12,WR,Amon-Ra St. Brown,18.5,Rashee Rice,24.700000000000003,6.2,Whos Yurdatty
2024,4,10,WR,Wan'Dale Robinson,10.100000000000001,Jauan Jennings,16.3,6.2,Greendale Human Beings
2024,11,6,FLEX,Jaxon Smith-Njigba,10.3,Tyler Lockett,16.5,6.2,Seattle  Ricks 
2025,7,10,FLEX,Garrett Wilson,0.0,Nick Chubb,6.2,6.2,Allen to this!
2023,12,4,FLEX,Elijah Moore,2.0,Jerry Jeudy,8.2,6.2,El Ultimo Hombre
2023,1,2,WR,Curtis Samuel,6.2,K.J. Osborn,12.4,6.2,MaChungus
2023,4,13,WR,Amari Cooper,6.4,George Pickens,12.6,6.2,Greendale Human Beings
2023,1,17,RB,Jahmyr Gibbs,5.3,Ezekiel Elliott,11.5,6.2,MaChungus
2024,10,7,FLEX,Rhamondre Stevenson,4.5,Tyler Conklin,10.7,6.2,Team Clucker Fuckers
2023,3,4,FLEX,Christian Kirk,16.4,Terry McLaurin,22.6,6.2,Kareemin' My Jeans
2024,6,11,FLEX,Tony Pollard,4.9,Dallas Goedert,11.100000000000001,6.2,Whos Yurdatty
2025,12,14,RB,Quinshon Judkins,9.4,Woody Marks,15.600000000000001,6.2,Blunder Bust 2000
2022,10,3,RB,Kareem Hunt,9.1,Breece Hall,15.200000000000001,6.1,Team Clucker Fuckers
2024,11,13,WR,Quentin Johnston,3.2,Xavier Legette,9.3,6.1,Seattle  Ricks 
2024,9,4,RB,James Cook,5.800000000000001,Tyjae Spears,11.9,6.1,Cartel Del Taco
2025,3,6,TE,Dalton Kincaid,0.0,Taysom Hill,6.1,6.1,Shooting Ropes💦
2023,1,5,RB,Latavius Murray,1.7000000000000002,Ezekiel Elliott,7.8,6.1,MaChungus
2022,5,14,QB,Dak Prescott,15.66,Ryan Tannehill,21.759999999999998,6.1,One-cut Heroes
2025,2,17,TE,Mason Taylor,0.0,Evan Engram,6.1,6.1,Show Me Dem TDs
2023,3,7,FLEX,DeVonta Smith,8.9,Terry McLaurin,15.0,6.1,Kareemin' My Jeans
2023,3,5,FLEX,Christian Kirk,14.4,Jakobi Meyers,20.5,6.1,Kareemin' My Jeans
2024,2,6,RB,Jahmyr Gibbs,12.100000000000001,Ray Davis,18.200000000000003,6.1,Show Me Dem TDs
2023,5,1,QB,Anthony Richardson,22.92,Jordan Love,29.0,6.08,One-cut Heroes
2024,1,15,D/ST,Steelers D/ST,5.0,Colts D/ST,11.0,6.0,LaPorta Potty
2023,7,8,FLEX,Dallas Goedert,7.6,Tyler Boyd,13.6,6.0,Put it Justin??
2024,2,11,D/ST,Vikings D/ST,12.0,Texans D/ST,18.0,6.0,Show Me Dem TDs
2022,12,4,D/ST,Broncos D/ST,2.0,Bills D/ST,8.0,6.0,Shart City Poo Bums
2025,1,6,FLEX,Alvin Kamara,12.6,Jameson Williams,18.6,6.0,"Two Gibbs, One Kupp"
2022,8,4,WR,Stefon Diggs,10.2,George Pickens,16.200000000000003,6.0,False Shart
2023,10,7,WR,Cooper Kupp,6.9,Diontae Johnson,12.9,6.0,Team Clucker Fuckers
2025,9,10,FLEX,Theo Johnson,14.5,Breece Hall,20.5,6.0,Cartel Del Taco
2022,4,6,FLEX,Mike Boone,1.4000000000000001,Khalil Herbert,7.4,6.0,Greendale Human Beings
2025,4,17,K,Cameron Dicker,2.0,Jake Elliott,8.0,6.0,Flipadelphia Cheesestoinks
2022,6,14,WR,Amon-Ra St. Brown,13.4,Donovan Peoples-Jones,19.4,6.0,Whos Yurdatty
2022,2,17,D/ST,Raiders D/ST,-5.0,Colts D/ST,1.0,6.0,Show Me Dem TDs
2025,7,16,RB,Javonte Williams,6.300000000000001,Kyle Monangai,12.3,6.0,Allen to this!
2023,6,16,RB,Alvin Kamara,8.5,Zamir White,14.5,6.0,Whos Yurdatty
2024,1,8,TE,Brock Bowers,10.8,Sam LaPorta,16.8,6.0,LaPorta Potty
2022,4,7,FLEX,Marvin Jones Jr.,9.7,Khalil Herbert,15.7,6.0,Greendale Human Beings
2023,2,17,D/ST,Saints D/ST,13.0,Bills D/ST,19.0,6.0,Show Me Dem TDs
2023,9,13,K,Cameron Dicker,6.0,Evan McPherson,12.0,6.0,Olivas - Alone
2022,8,12,FLEX,Tyler Boyd,3.6,Marquez Valdes-Scantling,9.600000000000001,6.0,False Shart
2023,4,14,K,Chris Boswell,6.0,Justin Tucker,12.0,6.0,Greendale Human Beings
2023,1,7,D/ST,Steelers D/ST,5.0,Ravens D/ST,11.0,6.0,MaChungus
2024,12,12,RB,Kyren Williams,11.2,Justice Hill,17.2,6.0,El Ultimo Hombre
2023,9,15,K,Cameron Dicker,3.0,Evan McPherson,9.0,6.0,Olivas - Alone
2025,3,9,FLEX,Romeo Doubs,16.1,Dalton Kincaid,22.1,6.0,Shooting Ropes💦
2022,5,14,FLEX,Isaiah McKenzie,5.800000000000001,Austin Hooper,11.8,6.0,One-cut Heroes
2022,2,3,FLEX,Jakobi Meyers,0.0,Cole Kmet,6.0,6.0,Show Me Dem TDs
2023,8,9,QB,Baker Mayfield,23.0,Joshua Dobbs,28.92,5.92,False Shart
2024,9,16,QB,Jordan Love,13.48,Russell Wilson,19.38,5.9,Cartel Del Taco
2023,5,3,FLEX,Rachaad White,7.200000000000001,DJ Moore,13.100000000000001,5.9,One-cut Heroes
2024,3,17,FLEX,DeAndre Hopkins,2.7,Hollywood Brown,8.600000000000001,5.9,Kareemin' My Jeans
2023,10,15,WR,Puka Nacua,10.3,Diontae Johnson,16.2,5.9,Team Clucker Fuckers
2024,6,5,FLEX,Diontae Johnson,5.9,Raheem Mostert,11.8,5.9,Whos Yurdatty
2023,12,10,FLEX,Alexander Mattison,4.300000000000001,Zach Charbonnet,10.200000000000001,5.9,El Ultimo Hombre
2023,12,10,FLEX,Taysom Hill,4.300000000000001,Zach Charbonnet,10.200000000000001,5.9,El Ultimo Hombre
2024,1,11,RB,Derrick Henry,10.5,D'Andre Swift,16.400000000000002,5.9,LaPorta Potty
2023,1,3,WR,Treylon Burks,1.5,Curtis Samuel,7.4,5.9,MaChungus
2022,6,4,FLEX,Diontae Johnson,4.2,Raheem Mostert,10.100000000000001,5.9,Whos Yurdatty
2024,7,15,WR,Nick Westbrook-Ikhine,2.9,Marquez Valdes-Scantling,8.8,5.9,Cee Dees in the Face
2023,4,17,WR,DeAndre Hopkins,14.2,George Pickens,20.1,5.9,Greendale Human Beings
2022,6,6,FLEX,Devin Duvernay,2.4000000000000004,Antonio Gibson,8.3,5.9,Whos Yurdatty
2022,1,1,WR,Tee Higgins,4.7,Mecole Hardman,10.6,5.9,D. Adams Family
2022,6,12,QB,Lamar Jackson,25.060000000000002,Trevor Lawrence,30.939999999999998,5.88,Whos Yurdatty
2022,1,12,FLEX,Chris Olave,11.2,Treylon Burks,17.0,5.8,D. Adams Family
2023,7,7,FLEX,Rashee Rice,17.0,Darren Waller,22.8,5.8,Put it Justin??
2022,2,2,FLEX,Kadarius Toney,2.0,Russell Gage,7.800000000000001,5.8,Show Me Dem TDs
2022,9,1,FLEX,Courtland Sutton,11.2,Michael Carter,17.0,5.8,Slim Pickins
2024,6,11,RB,Aaron Jones,5.300000000000001,Roschon Johnson,11.100000000000001,5.8,Whos Yurdatty
2025,6,15,FLEX,Deebo Samuel,7.3,Blake Corum,13.100000000000001,5.8,Whos Yurdatty
2024,11,2,FLEX,Zach Charbonnet,17.900000000000002,Jaxon Smith-Njigba,23.700000000000003,5.8,Seattle  Ricks 
2025,4,10,RB,David Montgomery,10.100000000000001,Aaron Jones Sr.,15.899999999999999,5.8,Flipadelphia Cheesestoinks
2024,8,5,WR,Rashid Shaheed,19.6,Alec Pierce,25.4,5.8,Here's to you
2025,1,15,RB,Jahmyr Gibbs,9.8,Jacory Croskey-Merritt,15.600000000000001,5.8,"Two Gibbs, One Kupp"
2023,5,8,RB,Bijan Robinson,12.2,Rachaad White,17.9,5.7,One-cut Heroes
2024,12,1,FLEX,Diontae Johnson,3.9000000000000004,Bucky Irving,9.6,5.7,El Ultimo Hombre
2023,3,3,WR,Garrett Wilson,9.8,Jakobi Meyers,15.5,5.7,Kareemin' My Jeans
2025,5,17,FLEX,TreVeyon Henderson,8.200000000000001,Hunter Henry,13.9,5.7,One-cut Heroes
2024,7,16,WR,Romeo Doubs,4.0,Nick Westbrook-Ikhine,9.7,5.7,Cee Dees in the Face
2023,8,8,WR,Chris Olave,9.600000000000001,Marquise Brown,15.3,5.7,False Shart
2022,12,17,TE,Gerald Everett,10.5,Darren Waller,16.2,5.7,Shart City Poo Bums
2022,7,4,WR,Rashod Bateman,4.7,Michael Gallup,10.4,5.7,Worst Cook
2025,10,4,QB,Daniel Jones,12.380000000000003,Sam Darnold,18.08,5.7,Team Clucker Fuckers
2022,7,16,FLEX,Dalvin Cook,10.700000000000001,Curtis Samuel,16.4,5.7,Worst Cook
2025,8,7,WR,Rashee Rice,23.2,Keenan Allen,28.9,5.7,Run CMC
2024,10,4,RB,Devin Singletary,4.800000000000001,Kareem Hunt,10.5,5.7,Team Clucker Fuckers
2024,3,3,FLEX,Hunter Henry,2.9,Rico Dowdle,8.600000000000001,5.7,Kareemin' My Jeans
2023,12,11,FLEX,Nico Collins,13.5,Jayden Reed,19.200000000000003,5.7,El Ultimo Hombre
2024,11,15,FLEX,Jaxon Smith-Njigba,18.3,Rashod Bateman,24.0,5.7,Seattle  Ricks 
2022,5,14,FLEX,Gabe Davis,6.1,Austin Hooper,11.8,5.7,One-cut Heroes
2022,11,10,RB,Austin Ekeler,13.3,D'Onta Foreman,19.0,5.7,Seattle  Ricks 
2023,11,14,RB,Josh Jacobs,7.0,Jerick McKinnon,12.700000000000001,5.7,Seattle  Ricks 
2024,7,3,FLEX,Terry McLaurin,20.0,Cole Kmet,25.700000000000003,5.7,Cee Dees in the Face
2022,1,6,WR,Terry McLaurin,8.2,Alec Pierce,13.9,5.7,D. Adams Family
2023,7,8,QB,Trevor Lawrence,19.68,Derek Carr,25.3,5.62,Put it Justin??
2023,5,2,WR,Chris Godwin,10.8,DJ Moore,16.4,5.6,One-cut Heroes
2024,3,7,WR,Zay Flowers,4.0,Jordan Addison,9.600000000000001,5.6,Kareemin' My Jeans
2025,4,7,FLEX,Stefon Diggs,13.9,Zach Charbonnet,19.5,5.6,Flipadelphia Cheesestoinks
2022,1,4,FLEX,Chris Olave,16.7,J.K. Dobbins,22.3,5.6,D. Adams Family
2022,12,16,FLEX,Diontae Johnson,11.4,Richie James,17.0,5.6,Shart City Poo Bums
2022,12,2,FLEX,Jeff Wilson Jr.,12.3,Jahan Dotson,17.9,5.6,Shart City Poo Bums
2025,5,6,FLEX,Xavier Worthy,10.6,Josh Downs,16.2,5.6,One-cut Heroes
2023,10,9,RB,Breece Hall,10.0,Najee Harris,15.6,5.6,Team Clucker Fuckers
2022,12,13,FLEX,Parris Campbell,8.5,Leonard Fournette,14.100000000000001,5.6,Shart City Poo Bums
2025,12,10,FLEX,Quinshon Judkins,10.5,Woody Marks,16.1,5.6,Blunder Bust 2000
2025,2,16,TE,Mason Taylor,0.0,Evan Engram,5.6,5.6,Show Me Dem TDs
2023,1,15,FLEX,Javonte Williams,4.0,Ezekiel Elliott,9.6,5.6,MaChungus
2023,2,6,FLEX,Chigoziem Okonkwo,3.8,Kadarius Toney,9.4,5.6,Show Me Dem TDs
2023,3,2,FLEX,Terry McLaurin,16.4,Christian Kirk,21.96,5.56,Kareemin' My Jeans
2024,12,4,RB,Travis Etienne Jr.,7.0,Bucky Irving,12.5,5.5,El Ultimo Hombre
2024,4,17,WR,A.J. Brown,12.6,Wan'Dale Robinson,18.1,5.5,Greendale Human Beings
2022,3,3,RB,Damien Harris,12.600000000000001,Dameon Pierce,18.1,5.5,Kareemin' My Jeans
2022,10,17,FLEX,Drake London,9.7,Kenneth Walker III,15.200000000000001,5.5,Team Clucker Fuckers
2023,1,6,WR,K.J. Osborn,8.8,Jameson Williams,14.3,5.5,MaChungus
2025,7,16,FLEX,Keenan Allen,9.4,Brenton Strange,14.9,5.5,Allen to this!
2022,3,17,RB,Derrick Henry,0.0,Alexander Mattison,5.500000000000001,5.5,Kareemin' My Jeans
2022,2,15,RB,Ezekiel Elliott,15.100000000000001,Aaron Jones,20.6,5.5,Show Me Dem TDs
2022,7,16,WR,Christian Watson,10.9,Curtis Samuel,16.4,5.5,Worst Cook
2023,8,11,FLEX,Gus Edwards,21.0,Jaylen Warren,26.5,5.5,False Shart
2024,11,7,WR,Brandon Aiyuk,4.300000000000001,Allen Lazard,9.8,5.5,Seattle  Ricks 
2023,6,7,FLEX,Austin Ekeler,5.6,Jayden Reed,11.1,5.5,Whos Yurdatty
2022,7,14,FLEX,Dalvin Cook,8.600000000000001,Dawson Knox,14.100000000000001,5.5,Worst Cook
2024,10,10,FLEX,Michael Pittman Jr.,0.0,Devin Singletary,5.5,5.5,Team Clucker Fuckers
2023,4,4,WR,George Pickens,5.5,Michael Gallup,11.0,5.5,Greendale Human Beings
2024,6,5,RB,Aaron Jones,6.300000000000001,Raheem Mostert,11.8,5.5,Whos Yurdatty
2022,4,17,FLEX,Marvin Jones Jr.,12.100000000000001,JaMycal Hasty,17.6,5.5,Greendale Human Beings
2025,12,6,RB,Quinshon Judkins,3.6,Tyjae Spears,9.0,5.4,Blunder Bust 2000
2025,4,15,FLEX,Devin Neal,10.200000000000001,Ricky Pearsall,15.600000000000001,5.4,Flipadelphia Cheesestoinks
2022,3,10,TE,Zach Ertz,2.2,Pat Freiermuth,7.6,5.4,Kareemin' My Jeans
2022,5,1,WR,Gabe Davis,18.8,Robbie Anderson,24.200000000000003,5.4,One-cut Heroes
2023,5,3,RB,Damien Harris,1.5,Roschon Johnson,6.9,5.4,One-cut Heroes
2024,12,12,FLEX,Mike Evans,11.8,Justice Hill,17.2,5.4,El Ultimo Hombre
2024,2,9,RB,Jahmyr Gibbs,14.6,Ray Davis,20.0,5.4,Show Me Dem TDs
2024,11,6,TE,Jake Ferguson,4.1,Cade Otton,9.5,5.4,Seattle  Ricks 
2023,7,2,TE,Dallas Goedert,8.2,Darren Waller,13.600000000000001,5.4,Put it Justin??
2022,1,16,FLEX,James Conner,25.0,Tyler Higbee,30.4,5.4,D. Adams Family
2022,5,8,WR,Robert Woods,2.6,Isaiah McKenzie,8.0,5.4,One-cut Heroes
2025,1,13,FLEX,DeVonta Smith,9.8,Kyle Pitts Sr.,15.200000000000001,5.4,"Two Gibbs, One Kupp"
2025,8,4,FLEX,Michael Pittman Jr.,15.100000000000001,Travis Etienne Jr.,20.5,5.4,Run CMC
2023,1,11,FLEX,Jaxon Smith-Njigba,7.0,Jameson Williams,12.4,5.4,MaChungus
2023,2,5,WR,Courtland Sutton,2.3,Kadarius Toney,7.699999999999999,5.4,Show Me Dem TDs
2022,11,3,FLEX,Tony Pollard,10.5,Joshua Palmer,15.9,5.4,Seattle  Ricks 
2023,6,12,WR,Jaylen Waddle,19.4,Rashee Rice,24.700000000000003,5.3,Whos Yurdatty
2023,6,9,WR,Gabe Davis,0.0,Tutu Atwell,5.3,5.3,Whos Yurdatty
2023,7,3,QB,Trevor Lawrence,16.36,Jimmy Garoppolo,21.66,5.3,Put it Justin??
2023,8,4,WR,Chris Olave,1.4,Brandin Cooks,6.7,5.3,False Shart
2025,8,8,RB,Christian McCaffrey,9.8,D'Andre Swift,15.1,5.3,Run CMC
2022,7,16,TE,Mark Andrews,7.5,Dawson Knox,12.8,5.3,Worst Cook
2022,6,16,RB,Isiah Pacheco,10.0,Rachaad White,15.3,5.3,Whos Yurdatty
2024,7,13,RB,Kimani Vidal,2.0,Ameer Abdullah,7.300000000000001,5.3,Cee Dees in the Face
2023,11,15,WR,Tyler Lockett,5.1,Jerry Jeudy,10.4,5.3,Seattle  Ricks 
2022,7,2,WR,Michael Thomas,18.5,Rashod Bateman,23.8,5.3,Worst Cook
2023,10,16,RB,Najee Harris,13.8,Khalil Herbert,19.1,5.3,Team Clucker Fuckers
2025,5,2,WR,Tee Higgins,15.600000000000001,Jauan Jennings,20.9,5.3,One-cut Heroes
2024,5,5,FLEX,Brian Thomas Jr.,26.200000000000003,Darnell Mooney,31.5,5.3,One-cut Heroes
2025,10,15,RB,Bucky Irving,8.1,Michael Carter,13.400000000000002,5.3,Team Clucker Fuckers
2024,1,16,QB,Aaron Rodgers,14.84,C.J. Stroud,20.060000000000002,5.22,LaPorta Potty
2025,12,11,WR,Ladd McConkey,4.3,Jayden Higgins,9.5,5.2,Blunder Bust 2000
2023,11,10,FLEX,Deebo Samuel,15.9,Trey McBride,21.1,5.2,Seattle  Ricks 
2022,3,4,RB,Derrick Henry,23.7,Dameon Pierce,28.900000000000002,5.2,Kareemin' My Jeans
2023,10,5,RB,Rhamondre Stevenson,2.4000000000000004,Khalil Herbert,7.6000000000000005,5.2,Team Clucker Fuckers
2025,9,13,RB,Kenneth Walker III,10.400000000000002,Breece Hall,15.600000000000001,5.2,Cartel Del Taco
2023,8,11,RB,Christian McCaffrey,21.3,Jaylen Warren,26.5,5.2,False Shart
2022,6,8,RB,Raheem Mostert,7.7,Nyheim Hines,12.9,5.2,Whos Yurdatty
2023,8,2,FLEX,Gus Edwards,12.2,Marquise Brown,17.4,5.2,False Shart
2025,3,11,QB,Joe Flacco,11.86,Trevor Lawrence,17.02,5.16,Shooting Ropes💦
2023,10,5,FLEX,Drake London,14.68,Cooper Kupp,19.8,5.12,Team Clucker Fuckers
2022,2,8,FLEX,Cole Kmet,9.1,Melvin Gordon III,14.200000000000001,5.1,Show Me Dem TDs
2025,9,5,RB,Kenneth Walker III,9.6,Rhamondre Stevenson,14.700000000000001,5.1,Cartel Del Taco
2025,3,1,WR,Justin Jefferson,14.8,Hollywood Brown,19.9,5.1,Shooting Ropes💦
2025,7,12,WR,Christian Watson,9.9,Jakobi Meyers,15.0,5.1,Allen to this!
2023,4,14,WR,Mike Evans,1.8,George Pickens,6.9,5.1,Greendale Human Beings
2023,1,11,FLEX,Javonte Williams,7.300000000000001,Jameson Williams,12.4,5.1,MaChungus
2022,8,4,RB,Cordarrelle Patterson,9.8,Rex Burkhead,14.9,5.1,False Shart
2025,1,15,RB,RJ Harvey,10.5,Jacory Croskey-Merritt,15.600000000000001,5.1,"Two Gibbs, One Kupp"
2025,6,4,RB,Jacory Croskey-Merritt,7.7,Isiah Pacheco,12.8,5.1,Whos Yurdatty
2024,9,4,FLEX,DJ Moore,11.2,George Pickens,16.3,5.1,Cartel Del Taco
2025,1,3,WR,CeeDee Lamb,0.0,Cooper Kupp,5.1,5.1,"Two Gibbs, One Kupp"
2022,6,15,D/ST,Chiefs D/ST,5.0,Eagles D/ST,10.0,5.0,Whos Yurdatty
2025,1,17,TE,Kyle Pitts Sr.,3.6,Travis Kelce,8.6,5.0,"Two Gibbs, One Kupp"
2022,2,2,K,Brandon McManus,12.0,Graham Gano,17.0,5.0,Show Me Dem TDs
2022,4,17,RB,Nick Chubb,12.600000000000001,JaMycal Hasty,17.6,5.0,Greendale Human Beings
2024,8,1,WR,Puka Nacua,8.2,Khalil Shakir,13.2,5.0,Here's to you
2022,6,14,FLEX,Deebo Samuel,14.399999999999999,Donovan Peoples-Jones,19.4,5.0,Whos Yurdatty
2024,7,12,FLEX,Romeo Doubs,8.4,Cole Kmet,13.4,5.0,Cee Dees in the Face
2025,10,16,D/ST,Cowboys D/ST,-5.0,Lions D/ST,0.0,5.0,Team Clucker Fuckers
2025,5,6,WR,Tee Higgins,11.2,Josh Downs,16.2,5.0,One-cut Heroes
2025,1,1,FLEX,RJ Harvey,7.9,Kyle Pitts Sr.,12.9,5.0,"Two Gibbs, One Kupp"
2023,2,1,D/ST,Bills D/ST,7.0,Saints D/ST,12.0,5.0,Show Me Dem TDs
2025,7,6,D/ST,Eagles D/ST,1.0,Patriots D/ST,6.0,5.0,Allen to this!
2022,10,12,FLEX,Darnell Mooney,0.0,Robert Tonyan,5.0,5.0,Team Clucker Fuckers
2024,9,11,FLEX,DJ Moore,13.7,Javonte Williams,18.7,5.0,Cartel Del Taco
2022,4,4,D/ST,Browns D/ST,3.0,Bengals D/ST,8.0,5.0,Greendale Human Beings
2024,12,4,FLEX,Amari Cooper,7.5,Bucky Irving,12.5,5.0,El Ultimo Hombre
2023,4,17,D/ST,Falcons D/ST,-2.0,Cowboys D/ST,3.0,5.0,Greendale Human Beings
2022,6,3,WR,Tyreek Hill,5.300000000000001,Devin Duvernay,10.3,5.0,Whos Yurdatty
2022,4,8,D/ST,Bengals D/ST,5.0,Vikings D/ST,10.0,5.0,Greendale Human Beings
2025,12,7,D/ST,Raiders D/ST,-2.0,Vikings D/ST,3.0,5.0,Blunder Bust 2000
2024,10,7,TE,Travis Kelce,5.7,Tyler Conklin,10.7,5.0,Team Clucker Fuckers
2024,2,15,K,Jake Bates,5.0,Jake Elliott,10.0,5.0,Show Me Dem TDs
2024,2,12,K,Jake Bates,8.0,Jake Elliott,13.0,5.0,Show Me Dem TDs
2024,1,3,FLEX,D'Andre Swift,6.2,Tank Dell,11.2,5.0,LaPorta Potty
2023,5,12,FLEX,Chris Godwin,7.5,Roschon Johnson,12.5,5.0,One-cut Heroes
2022,8,7,K,Harrison Butker,5.0,Daniel Carlson,10.0,5.0,False Shart
2022,2,13,K,Graham Gano,8.0,Brandon McManus,13.0,5.0,Show Me Dem TDs
2025,5,13,WR,Josh Downs,6.4,Xavier Worthy,11.4,5.0,One-cut Heroes
2024,10,8,WR,Xavier Worthy,13.7,Chris Olave,18.700000000000003,5.0,Team Clucker Fuckers
2023,6,2,FLEX,Zay Jones,0.0,Hayden Hurst,5.0,5.0,Whos Yurdatty
2024,8,9,WR,Puka Nacua,2.1,Alec Pierce,7.1000000000000005,5.0,Here's to you
2022,8,13,K,Harrison Butker,5.0,Daniel Carlson,10.0,5.0,False Shart
2022,8,15,K,Harrison Butker,2.0,Daniel Carlson,7.0,5.0,False Shart
2024,12,13,D/ST,Packers D/ST,8.0,Bills D/ST,13.0,5.0,El Ultimo Hombre
2023,2,6,QB,Jalen Hurts,21.9,Dak Prescott,26.880000000000003,4.98,Show Me Dem TDs
2023,12,6,RB,Alexander Mattison,11.200000000000001,Kareem Hunt,16.1,4.9,El Ultimo Hombre
2023,7,8,RB,Dameon Pierce,4.6000000000000005,Justice Hill,9.5,4.9,Put it Justin??
2023,7,14,FLEX,Justin Jefferson,4.7,Cade Otton,9.6,4.9,Put it Justin??
2024,9,17,RB,James Cook,11.3,Jaylen Warren,16.200000000000003,4.9,Cartel Del Taco
2024,1,4,WR,Rashee Rice,0.0,Keenan Allen,4.9,4.9,LaPorta Potty
2025,6,7,FLEX,Sam LaPorta,4.5,Bam Knight,9.399999999999999,4.9,Whos Yurdatty
2023,5,3,WR,Chris Godwin,8.2,DJ Moore,13.100000000000001,4.9,One-cut Heroes
2022,9,5,FLEX,Courtland Sutton,12.4,Michael Carter,17.3,4.9,Slim Pickins
2025,4,9,RB,J.K. Dobbins,6.9,Aaron Jones Sr.,11.8,4.9,Flipadelphia Cheesestoinks
2022,10,8,FLEX,Drake London,7.1,Darnell Mooney,12.0,4.9,Team Clucker Fuckers
2024,8,4,RB,James Conner,18.299999999999997,Chase Brown,23.2,4.9,Here's to you
2024,11,17,QB,Justin Herbert,31.44,Brock Purdy,36.28,4.84,Seattle  Ricks 
2025,5,5,FLEX,Hunter Henry,6.6000000000000005,Josh Downs,11.4,4.8,One-cut Heroes
2022,12,6,TE,Gerald Everett,7.9,Dawson Knox,12.7,4.8,Shart City Poo Bums
2025,12,9,TE,George Kittle,6.9,Pat Freiermuth,11.7,4.8,Blunder Bust 2000
2025,7,13,TE,Mark Andrews,8.7,Brenton Strange,13.5,4.8,Allen to this!
2023,3,10,FLEX,Garrett Wilson,18.3,Devin Singletary,23.1,4.8,Kareemin' My Jeans
2023,12,3,WR,Calvin Ridley,7.0,Elijah Moore,11.8,4.8,El Ultimo Hombre
2025,10,15,FLEX,Jordan Addison,8.600000000000001,Michael Carter,13.400000000000002,4.8,Team Clucker Fuckers
2025,12,1,FLEX,George Kittle,12.5,Dylan Sampson,17.3,4.8,Blunder Bust 2000
2022,7,17,WR,Christian Watson,2.1,Michael Gallup,6.9,4.8,Worst Cook
2025,10,3,FLEX,Wan'Dale Robinson,3.6,Darnell Mooney,8.4,4.8,Team Clucker Fuckers
2025,1,7,TE,Travis Kelce,8.4,Kyle Pitts Sr.,13.2,4.8,"Two Gibbs, One Kupp"
2022,4,13,FLEX,Najee Harris,10.2,Darius Slayton,15.0,4.8,Greendale Human Beings
2022,8,11,WR,Michael Pittman Jr.,13.5,George Pickens,18.3,4.8,False Shart
2025,2,17,FLEX,Josh Jacobs,1.3,Evan Engram,6.1,4.8,Show Me Dem TDs
2024,9,6,RB,Brian Robinson Jr.,0.0,Jaylen Warren,4.800000000000001,4.8,Cartel Del Taco
2024,9,6,RB,James Cook,0.0,Jaylen Warren,4.800000000000001,4.8,Cartel Del Taco
2025,12,5,FLEX,Woody Marks,2.4000000000000004,Jayden Higgins,7.2,4.8,Blunder Bust 2000
2022,8,17,WR,Stefon Diggs,0.0,Marquez Valdes-Scantling,4.800000000000001,4.8,False Shart
2022,8,7,RB,J.D. McKissic,0.4,Mark Ingram II,5.2,4.8,False Shart
2025,11,13,RB,Kenneth Gainwell,6.5,Zach Charbonnet,11.2,4.7,Seattle  Ricks 
2022,7,1,RB,Dalvin Cook,13.8,Miles Sanders,18.5,4.7,Worst Cook
2022,3,12,FLEX,Amari Cooper,16.4,Adam Thielen,21.1,4.7,Kareemin' My Jeans
2025,7,2,TE,Colston Loveland,0.0,Brenton Strange,4.7,4.7,Allen to this!
2024,10,1,WR,Chris Olave,3.1,Courtland Sutton,7.800000000000001,4.7,Team Clucker Fuckers
2025,9,1,FLEX,Tetairoa McMillan,11.8,Breece Hall,16.5,4.7,Cartel Del Taco
2022,11,2,WR,Chase Claypool,6.6,Brandon Aiyuk,11.3,4.7,Seattle  Ricks 
2022,1,6,FLEX,AJ Dillon,9.200000000000001,Alec Pierce,13.9,4.7,D. Adams Family
2022,4,7,RB,Najee Harris,11.0,Khalil Herbert,15.7,4.7,Greendale Human Beings
2023,12,10,RB,Tony Pollard,5.5,Zach Charbonnet,10.200000000000001,4.7,El Ultimo Hombre
2022,8,6,RB,J.D. McKissic,2.0,Mark Ingram II,6.700000000000001,4.7,False Shart
2023,6,1,WR,Jaylen Waddle,11.8,Zay Jones,16.5,4.7,Whos Yurdatty
2024,3,1,FLEX,DeAndre Hopkins,1.8,Jordan Addison,6.5,4.7,Kareemin' My Jeans
2023,3,4,RB,Miles Sanders,6.2,Devin Singletary,10.84,4.64,Kareemin' My Jeans
2025,6,6,WR,Zay Flowers,8.600000000000001,Matthew Golden,13.2,4.6,Whos Yurdatty
2022,10,7,TE,Robert Tonyan,6.2,Hayden Hurst,10.8,4.6,Team Clucker Fuckers
2024,12,13,FLEX,Calvin Ridley,6.5,Evan Engram,11.100000000000001,4.6,El Ultimo Hombre
2024,6,9,FLEX,Ladd McConkey,11.4,Taysom Hill,16.0,4.6,Whos Yurdatty
2025,8,10,FLEX,Dallas Goedert,8.3,Darius Slayton,12.9,4.6,Run CMC
2023,12,6,FLEX,Jonathan Taylor,11.5,Kareem Hunt,16.1,4.6,El Ultimo Hombre
2023,5,10,FLEX,Chris Godwin,9.4,Tyler Conklin,14.0,4.6,One-cut Heroes
2024,11,4,FLEX,Jaxon Smith-Njigba,13.100000000000001,Ladd McConkey,17.7,4.6,Seattle  Ricks 
2024,12,15,RB,Kyren Williams,13.200000000000001,Justice Hill,17.8,4.6,El Ultimo Hombre
2025,7,11,FLEX,Rome Odunze,6.1000000000000005,Kyle Monangai,10.700000000000001,4.6,Allen to this!
2023,1,16,FLEX,Kyren Williams,16.4,Ezekiel Elliott,21.0,4.6,MaChungus
2023,4,6,WR,DeAndre Hopkins,3.0,Robert Woods,7.6,4.6,Greendale Human Beings
2023,1,1,FLEX,Van Jefferson,6.4,Curtis Samuel,11.0,4.6,MaChungus
2022,7,9,FLEX,Miles Sanders,15.3,Mecole Hardman,19.9,4.6,Worst Cook
2025,1,2,FLEX,Chris Olave,11.4,Cooper Kupp,16.0,4.6,"Two Gibbs, One Kupp"
2022,8,17,FLEX,George Pickens,4.9,Chuba Hubbard,9.5,4.6,False Shart
2023,7,16,RB,De'Von Achane,4.1000000000000005,Justice Hill,8.7,4.6,Put it Justin??
2025,1,11,FLEX,Kyle Pitts Sr.,3.4000000000000004,RJ Harvey,8.0,4.6,"Two Gibbs, One Kupp"
2025,9,6,FLEX,Kenneth Walker III,4.7,Jerry Jeudy,9.3,4.6,Cartel Del Taco
2024,9,1,RB,James Cook,13.3,Brian Robinson Jr.,17.9,4.6,Cartel Del Taco
2025,5,17,FLEX,Ashton Jeanty,9.3,Hunter Henry,13.9,4.6,One-cut Heroes
2022,9,11,QB,Daniel Jones,26.64,Andy Dalton,31.200000000000003,4.56,Slim Pickins
2024,3,3,QB,Trevor Lawrence,11.42,Gardner Minshew,15.96,4.54,Kareemin' My Jeans
2025,2,2,TE,Evan Engram,2.2,Jonnu Smith,6.7,4.5,Show Me Dem TDs
2025,1,12,FLEX,Jameson Williams,0.0,Kyle Pitts Sr.,4.5,4.5,"Two Gibbs, One Kupp"
2024,7,6,FLEX,Josh Downs,19.5,Cole Kmet,24.0,4.5,Cee Dees in the Face
2024,12,15,TE,Evan Engram,0.0,Zach Ertz,4.5,4.5,El Ultimo Hombre
2024,4,5,FLEX,Jerome Ford,7.9,Brenton Strange,12.4,4.5,Greendale Human Beings
2024,9,11,RB,Brian Robinson Jr.,14.200000000000001,Javonte Williams,18.7,4.5,Cartel Del Taco
2024,12,3,QB,Kirk Cousins,13.100000000000001,Will Levis,17.6,4.5,El Ultimo Hombre
2022,12,9,FLEX,Brian Robinson Jr.,5.800000000000001,DeAndre Carter,10.3,4.5,Shart City Poo Bums
2024,11,7,FLEX,Jaxon Smith-Njigba,5.300000000000001,Allen Lazard,9.8,4.5,Seattle  Ricks 
2023,7,7,FLEX,Joshua Palmer,18.3,Darren Waller,22.8,4.5,Put it Justin??
2024,12,15,RB,Bucky Irving,13.3,Justice Hill,17.8,4.5,El Ultimo Hombre
2023,2,9,QB,Jalen Hurts,29.88,Dak Prescott,34.36,4.48,Show Me Dem TDs
2022,1,2,QB,Joe Burrow,18.560000000000002,Derek Carr,22.98,4.42,D. Adams Family
2025,11,15,TE,AJ Barner,5.7,Colston Loveland,10.100000000000001,4.4,Seattle  Ricks 
2023,10,6,FLEX,Zay Flowers,17.1,Drake London,21.5,4.4,Team Clucker Fuckers
2022,10,7,RB,Kareem Hunt,7.800000000000001,David Montgomery,12.2,4.4,Team Clucker Fuckers
2023,7,16,FLEX,Joshua Palmer,9.7,Dallas Goedert,14.100000000000001,4.4,Put it Justin??
2024,10,9,FLEX,Michael Pittman Jr.,2.4000000000000004,Chig Okonkwo,6.800000000000001,4.4,Team Clucker Fuckers
2024,4,17,WR,Jauan Jennings,13.7,Wan'Dale Robinson,18.1,4.4,Greendale Human Beings
2022,8,1,RB,Alvin Kamara,7.6000000000000005,Rex Burkhead,12.0,4.4,False Shart
2022,10,1,WR,DJ Moore,8.0,Drake London,12.4,4.4,Team Clucker Fuckers
2025,8,6,RB,Christian McCaffrey,24.099999999999998,D'Andre Swift,28.5,4.4,Run CMC
2025,11,12,FLEX,AJ Barner,3.8,Ty Johnson,8.2,4.4,Seattle  Ricks 
2023,2,11,FLEX,A.J. Brown,1.8,Brandon Powell,6.2,4.4,Show Me Dem TDs
2023,8,1,WR,CeeDee Lamb,11.7,Jordan Addison,16.1,4.4,False Shart
2022,1,17,FLEX,Chris Olave,8.2,Treylon Burks,12.600000000000001,4.4,D. Adams Family
2023,1,1,FLEX,Allen Lazard,6.6000000000000005,Curtis Samuel,11.0,4.4,MaChungus
2025,3,8,FLEX,Jordan Mason,1.6,Keon Coleman,6.0,4.4,Shooting Ropes💦
2023,9,1,RB,Antonio Gibson,0.9,Tank Bigsby,5.3,4.4,Olivas - Alone
2025,10,11,FLEX,Emeka Egbuka,9.0,Bhayshul Tuten,13.4,4.4,Team Clucker Fuckers
2023,12,15,WR,DK Metcalf,12.8,Jayden Reed,17.2,4.4,El Ultimo Hombre
2022,11,8,TE,Noah Fant,3.9000000000000004,Taysom Hill,8.280000000000001,4.38,Seattle  Ricks 
2023,12,11,QB,C.J. Stroud,20.34,Kyler Murray,24.660000000000004,4.32,El Ultimo Hombre
2025,4,8,FLEX,Chuba Hubbard,9.4,David Njoku,13.7,4.3,Flipadelphia Cheesestoinks
2023,8,16,TE,Dalton Kincaid,1.7000000000000002,Tyler Higbee,6.0,4.3,False Shart
2023,9,1,TE,Mark Andrews,0.0,Gerald Everett,4.300000000000001,4.3,Olivas - Alone
2023,4,10,RB,Derrick Henry,3.0000000000000004,James Conner,7.300000000000001,4.3,Greendale Human Beings
2025,3,12,TE,Juwan Johnson,10.600000000000001,Colston Loveland,14.9,4.3,Shooting Ropes💦
2022,12,6,FLEX,Jerry Jeudy,8.4,Dawson Knox,12.7,4.3,Shart City Poo Bums
2022,6,8,FLEX,Donovan Peoples-Jones,12.1,Devin Duvernay,16.400000000000002,4.3,Whos Yurdatty
2024,7,3,WR,CeeDee Lamb,8.7,Adam Thielen,13.0,4.3,Cee Dees in the Face
2023,9,6,RB,David Montgomery,4.300000000000001,Antonio Gibson,8.6,4.3,Olivas - Alone
2023,7,12,FLEX,Tyler Boyd,5.300000000000001,Rico Dowdle,9.6,4.3,Put it Justin??
2025,9,14,FLEX,Theo Johnson,0.0,Breece Hall,4.3,4.3,Cartel Del Taco
2025,2,4,TE,Jonnu Smith,2.6,Evan Engram,6.9,4.3,Show Me Dem TDs
2023,7,14,WR,Noah Brown,0.0,Tyler Boyd,4.300000000000001,4.3,Put it Justin??
2024,8,5,RB,James Conner,14.0,Trey Sermon,18.3,4.3,Here's to you
2022,1,9,FLEX,Terry McLaurin,10.600000000000001,Rondale Moore,14.9,4.3,D. Adams Family
2024,5,7,QB,Joe Burrow,18.94,Kyler Murray,23.2,4.26,One-cut Heroes
2022,9,7,WR,DK Metcalf,2.2,Garrett Wilson,6.4,4.2,Slim Pickins
2022,5,10,FLEX,Terrace Marshall Jr.,5.3,Isaiah McKenzie,9.5,4.2,One-cut Heroes
2024,8,4,FLEX,Jameson Williams,19.0,Chase Brown,23.2,4.2,Here's to you
2023,2,9,RB,Latavius Murray,2.0,Tyjae Spears,6.2,4.2,Show Me Dem TDs
2023,7,12,FLEX,Elijah Moore,5.4,Rico Dowdle,9.6,4.2,Put it Justin??
2024,7,7,FLEX,Josh Downs,1.3,Tyler Allgeier,5.5,4.2,Cee Dees in the Face
2025,5,15,WR,Jauan Jennings,18.7,DJ Moore,22.9,4.2,One-cut Heroes
2022,12,1,RB,Leonard Fournette,15.700000000000001,James Robinson,19.900000000000002,4.2,Shart City Poo Bums
2022,4,7,FLEX,Allen Lazard,11.5,Khalil Herbert,15.7,4.2,Greendale Human Beings
2024,5,11,WR,Nico Collins,9.4,Brian Thomas Jr.,13.600000000000001,4.2,One-cut Heroes
2024,3,11,WR,Zay Flowers,11.9,Jordan Addison,16.1,4.2,Kareemin' My Jeans
2023,6,17,RB,Alvin Kamara,6.9,Jamaal Williams,11.100000000000001,4.2,Whos Yurdatty
2024,3,16,WR,DeVonta Smith,11.100000000000001,Zay Flowers,15.3,4.2,Kareemin' My Jeans
2022,10,14,FLEX,Mack Hollins,8.2,Van Jefferson,12.4,4.2,Team Clucker Fuckers
2024,3,1,RB,Christian McCaffrey,0.0,Rico Dowdle,4.2,4.2,Kareemin' My Jeans
2024,6,13,FLEX,Ladd McConkey,20.700000000000003,Najee Harris,24.9,4.2,Whos Yurdatty
2025,4,17,FLEX,Rico Dowdle,9.3,Ricky Pearsall,13.5,4.2,Flipadelphia Cheesestoinks
2025,8,7,QB,Dak Prescott,32.26,Jaxson Dart,36.42,4.16,Run CMC
2023,12,5,FLEX,Nico Collins,6.9,Jerry Jeudy,11.0,4.1,El Ultimo Hombre
2022,1,17,TE,Greg Dulcich,0.0,Tyler Higbee,4.1,4.1,D. Adams Family
2022,9,7,FLEX,Courtland Sutton,5.300000000000001,Michael Carter,9.4,4.1,Slim Pickins
2024,5,8,RB,Kenneth Walker III,8.5,Jaleel McLaughlin,12.6,4.1,One-cut Heroes
2023,4,9,RB,Isiah Pacheco,6.6000000000000005,Chuba Hubbard,10.700000000000001,4.1,Greendale Human Beings
2024,4,16,WR,Jauan Jennings,9.100000000000001,Wan'Dale Robinson,13.2,4.1,Greendale Human Beings
2023,7,7,TE,Dallas Goedert,18.7,Darren Waller,22.8,4.1,Put it Justin??
2023,12,6,FLEX,Nico Collins,12.0,Kareem Hunt,16.1,4.1,El Ultimo Hombre
2023,6,14,FLEX,Rashee Rice,18.2,Isaiah Likely,22.3,4.1,Whos Yurdatty
2025,1,12,QB,Patrick Mahomes,17.08,Jared Goff,21.16,4.08,"Two Gibbs, One Kupp"
2023,9,2,K,Evan McPherson,6.0,Cameron Dicker,10.0,4.0,Olivas - Alone
2022,4,14,TE,Foster Moreau,0.0,Will Dissly,4.0,4.0,Greendale Human Beings
2024,7,14,FLEX,Marquez Valdes-Scantling,9.100000000000001,Tucker Kraft,13.100000000000001,4.0,Cee Dees in the Face
2025,9,17,FLEX,Jaylen Warren,6.4,Jerry Jeudy,10.4,4.0,Cartel Del Taco
2022,2,4,D/ST,Dolphins D/ST,1.0,Colts D/ST,5.0,4.0,Show Me Dem TDs
2025,4,17,WR,Khalil Shakir,9.5,Ricky Pearsall,13.5,4.0,Flipadelphia Cheesestoinks
2022,6,5,WR,Deebo Samuel,11.2,Josh Reynolds,15.200000000000001,4.0,Whos Yurdatty
2025,9,10,D/ST,Steelers D/ST,5.0,Browns D/ST,9.0,4.0,Cartel Del Taco
2022,1,7,WR,Tee Higgins,14.3,Terry McLaurin,18.3,4.0,D. Adams Family
2025,10,13,K,Cairo Santos,6.0,Nick Folk,10.0,4.0,Team Clucker Fuckers
2023,7,7,D/ST,Jaguars D/ST,7.0,Eagles D/ST,11.0,4.0,Put it Justin??
2023,9,1,FLEX,D'Andre Swift,1.3,Tank Bigsby,5.3,4.0,Olivas - Alone
2023,9,2,D/ST,49ers D/ST,5.0,Browns D/ST,9.0,4.0,Olivas - Alone
2024,9,7,FLEX,George Pickens,22.1,Javonte Williams,26.1,4.0,Cartel Del Taco
2024,5,8,QB,Patrick Mahomes,22.18,Kyler Murray,26.18,4.0,One-cut Heroes
2022,2,12,FLEX,Evan Engram,1.4,Tyler Allgeier,5.4,4.0,Show Me Dem TDs
2025,10,3,D/ST,Bills D/ST,4.0,Lions D/ST,8.0,4.0,Team Clucker Fuckers
2023,8,15,RB,Travis Etienne Jr.,9.9,Gus Edwards,13.9,4.0,False Shart
2024,7,7,D/ST,Jets D/ST,-4.0,Bears D/ST,0.0,4.0,Cee Dees in the Face
2023,7,8,WR,Rashee Rice,9.600000000000001,Tyler Boyd,13.6,4.0,Put it Justin??
2023,9,4,D/ST,49ers D/ST,2.0,Browns D/ST,6.0,4.0,Olivas - Alone
2022,2,13,RB,Aaron Jones,10.0,Jerick McKinnon,14.000000000000002,4.0,Show Me Dem TDs
2022,8,9,K,Harrison Butker,4.0,Daniel Carlson,8.0,4.0,False Shart
2024,11,5,WR,DK Metcalf,7.5,Tyler Lockett,11.5,4.0,Seattle  Ricks 
2024,2,2,K,Greg Zuerlein,6.0,Jake Bates,10.0,4.0,Show Me Dem TDs
2023,5,16,FLEX,Chris Godwin,13.9,Romeo Doubs,17.9,4.0,One-cut Heroes
2025,12,7,RB,Kyren Williams,8.5,Woody Marks,12.5,4.0,Blunder Bust 2000
2025,3,4,TE,Juwan Johnson,5.800000000000001,Dalton Kincaid,9.8,4.0,Shooting Ropes💦
2023,9,3,D/ST,49ers D/ST,11.0,Browns D/ST,15.0,4.0,Olivas - Alone
2025,3,16,D/ST,Bills D/ST,9.0,Titans D/ST,13.0,4.0,Shooting Ropes💦
2023,10,12,RB,Breece Hall,11.9,Najee Harris,15.9,4.0,Team Clucker Fuckers
2025,10,15,K,Cairo Santos,7.0,Nick Folk,11.0,4.0,Team Clucker Fuckers
2023,6,15,K,Cairo Santos,6.0,Harrison Butker,10.0,4.0,Whos Yurdatty
2022,7,2,RB,Dalvin Cook,7.6000000000000005,Miles Sanders,11.6,4.0,Worst Cook
2023,10,11,FLEX,Cooper Kupp,2.1,Khalil Herbert,6.1,4.0,Team Clucker Fuckers
2022,3,13,RB,Derrick Henry,5.8,Alexander Mattison,9.8,4.0,Kareemin' My Jeans
2022,8,14,QB,Josh Allen,22.58,Geno Smith,26.560000000000002,3.98,False Shart
2022,4,8,RB,Najee Harris,11.959999999999999,Khalil Herbert,15.9,3.94,Greendale Human Beings
2023,10,10,WR,Diontae Johnson,2.7,Drake London,6.6,3.9,Team Clucker Fuckers
2022,4,5,FLEX,Allen Lazard,13.5,Marvin Jones Jr.,17.4,3.9,Greendale Human Beings
2025,12,1,FLEX,Ladd McConkey,13.4,Dylan Sampson,17.3,3.9,Blunder Bust 2000
2025,6,5,RB,Tony Pollard,14.799999999999999,Kareem Hunt,18.7,3.9,Whos Yurdatty
2025,11,9,RB,Kenneth Gainwell,7.4,Brian Robinson Jr.,11.3,3.9,Seattle  Ricks 
2022,8,5,RB,Rex Burkhead,4.8,J.D. McKissic,8.7,3.9,False Shart
2025,8,5,RB,James Cook III,4.9,Travis Etienne Jr.,8.8,3.9,Run CMC
2024,9,4,FLEX,Drake London,12.4,George Pickens,16.3,3.9,Cartel Del Taco
2025,5,12,FLEX,Travis Etienne Jr.,20.6,Hunter Henry,24.5,3.9,One-cut Heroes
2022,2,9,RB,Aaron Jones,6.5,Jerick McKinnon,10.4,3.9,Show Me Dem TDs
2025,6,17,RB,Blake Corum,1.8,Dylan Sampson,5.7,3.9,Whos Yurdatty
2023,11,11,RB,Kenneth Walker III,2.5999999999999996,Jaleel McLaughlin,6.5,3.9,Seattle  Ricks 
2023,7,10,QB,Trevor Lawrence,2.1000000000000005,Will Levis,5.96,3.86,Put it Justin??
2025,10,12,QB,Daniel Jones,20.84,Sam Darnold,24.66,3.82,Team Clucker Fuckers
2022,9,10,RB,Jamaal Williams,11.9,Devin Singletary,15.7,3.8,Slim Pickins
2025,9,6,WR,Travis Hunter,5.5,Jerry Jeudy,9.3,3.8,Cartel Del Taco
2025,6,14,WR,Deebo Samuel,6.7,Chris Godwin Jr.,10.5,3.8,Whos Yurdatty
2024,12,9,RB,Travis Etienne Jr.,5.0,Justice Hill,8.8,3.8,El Ultimo Hombre
2023,8,10,QB,Baker Mayfield,23.32,Joshua Dobbs,27.12,3.8,False Shart
2025,2,13,FLEX,Josh Jacobs,10.100000000000001,Evan Engram,13.9,3.8,Show Me Dem TDs
2023,6,8,RB,Raheem Mostert,10.600000000000001,Zack Moss,14.400000000000002,3.8,Whos Yurdatty
2022,3,17,WR,A.J. Brown,22.700000000000003,Amari Cooper,26.5,3.8,Kareemin' My Jeans
2025,7,14,TE,Mark Andrews,1.9,Brenton Strange,5.7,3.8,Allen to this!
2023,11,6,FLEX,James Cook,7.1000000000000005,DK Metcalf,10.9,3.8,Seattle  Ricks 
2024,5,11,FLEX,Jayden Reed,9.8,Brian Thomas Jr.,13.600000000000001,3.8,One-cut Heroes
2022,8,15,WR,Stefon Diggs,10.7,Tyler Boyd,14.5,3.8,False Shart
2023,11,2,WR,Deebo Samuel,22.1,Tyler Lockett,25.9,3.8,Seattle  Ricks 
2022,12,10,RB,Leonard Fournette,10.799999999999999,Brian Robinson Jr.,14.6,3.8,Shart City Poo Bums
2025,9,2,RB,Jaylen Warren,17.4,Rhamondre Stevenson,21.200000000000003,3.8,Cartel Del Taco
2022,4,4,WR,DeVonta Smith,4.7,Elijah Moore,8.5,3.8,Greendale Human Beings
2024,7,4,RB,Zack Moss,17.8,Justice Hill,21.6,3.8,Cee Dees in the Face
2023,7,6,RB,Emari Demercado,2.7,Justice Hill,6.5,3.8,Put it Justin??
2022,2,2,WR,JuJu Smith-Schuster,4.0,Russell Gage,7.800000000000001,3.8,Show Me Dem TDs
2024,9,10,FLEX,DJ Moore,5.7,Jaylen Warren,9.5,3.8,Cartel Del Taco
2025,11,8,FLEX,Cade Otton,8.0,Jeremy McNichols,11.8,3.8,Seattle  Ricks 
2025,6,7,FLEX,Michael Carter,5.6,Bam Knight,9.399999999999999,3.8,Whos Yurdatty
2024,4,4,RB,Carson Steele,-0.3999999999999999,Ezekiel Elliott,3.4000000000000004,3.8,Greendale Human Beings
2022,1,1,FLEX,Treylon Burks,8.5,Darrell Henderson Jr.,12.299999999999999,3.8,D. Adams Family
2024,1,17,TE,Brock Bowers,14.600000000000001,Sam LaPorta,18.4,3.8,LaPorta Potty
2025,1,11,RB,Jacory Croskey-Merritt,4.300000000000001,RJ Harvey,8.0,3.7,"Two Gibbs, One Kupp"
2023,8,16,FLEX,Brandin Cooks,10.3,Gus Edwards,14.0,3.7,False Shart
2025,6,16,RB,Tony Pollard,10.200000000000001,Chris Rodriguez Jr.,13.9,3.7,Whos Yurdatty
2023,5,8,FLEX,Josh Downs,14.2,Rachaad White,17.9,3.7,One-cut Heroes
2022,2,11,RB,Aaron Jones,14.0,Ezekiel Elliott,17.7,3.7,Show Me Dem TDs
2025,5,17,WR,DJ Moore,1.7000000000000002,Josh Downs,5.4,3.7,One-cut Heroes
2023,4,3,WR,George Pickens,11.5,Michael Gallup,15.200000000000001,3.7,Greendale Human Beings
2024,12,16,WR,Garrett Wilson,11.4,Josh Downs,15.100000000000001,3.7,El Ultimo Hombre
2024,4,12,FLEX,Cooper Kupp,20.0,Jonnu Smith,23.700000000000003,3.7,Greendale Human Beings
2022,4,4,FLEX,Najee Harris,7.4,Khalil Herbert,11.1,3.7,Greendale Human Beings
2025,11,8,RB,Rachaad White,8.1,Jeremy McNichols,11.8,3.7,Seattle  Ricks 
2023,10,14,FLEX,Cooper Kupp,25.5,Drake London,29.2,3.7,Team Clucker Fuckers
2022,1,10,FLEX,Chris Olave,7.0,Jaylen Warren,10.7,3.7,D. Adams Family
2024,3,12,FLEX,Rico Dowdle,10.8,DeAndre Hopkins,14.5,3.7,Kareemin' My Jeans
2024,3,13,WR,Jordan Addison,9.4,DeAndre Hopkins,13.0,3.6,Kareemin' My Jeans
2025,9,5,FLEX,Xavier Worthy,11.100000000000001,Rhamondre Stevenson,14.700000000000001,3.6,Cartel Del Taco
2024,10,15,RB,Kareem Hunt,5.9,Rhamondre Stevenson,9.5,3.6,Team Clucker Fuckers
2024,11,12,RB,Jonathan Taylor,3.5,Gus Edwards,7.1,3.6,Seattle  Ricks 
2024,11,16,WR,Quentin Johnston,4.8,Rashod Bateman,8.4,3.6,Seattle  Ricks 
2022,10,2,FLEX,Brandin Cooks,9.4,Breece Hall,13.0,3.6,Team Clucker Fuckers
2022,10,2,RB,Kareem Hunt,9.4,Breece Hall,13.0,3.6,Team Clucker Fuckers
2025,11,14,TE,Zach Ertz,2.1,AJ Barner,5.7,3.6,Seattle  Ricks 
2022,11,1,WR,Tyler Lockett,5.800000000000001,Chase Claypool,9.4,3.6,Seattle  Ricks 
2025,11,4,FLEX,Christian Kirk,5.0,Rachaad White,8.600000000000001,3.6,Seattle  Ricks 
2024,8,3,WR,Rashid Shaheed,0.0,Brandin Cooks,3.6,3.6,Here's to you
2023,9,3,RB,Antonio Gibson,3.4000000000000004,Tank Bigsby,7.0,3.6,Olivas - Alone
2023,10,13,FLEX,Najee Harris,9.700000000000001,Diontae Johnson,13.3,3.6,Team Clucker Fuckers
2024,7,9,FLEX,Terry McLaurin,15.9,Cedric Tillman,19.5,3.6,Cee Dees in the Face
2025,6,15,TE,Isaiah Likely,0.0,Jake Ferguson,3.6,3.6,Whos Yurdatty
2022,2,17,RB,Ezekiel Elliott,9.7,Aaron Jones,13.3,3.6,Show Me Dem TDs
2025,12,11,FLEX,Quinshon Judkins,5.9,Jayden Higgins,9.5,3.6,Blunder Bust 2000
2024,8,4,TE,Kyle Pitts,0.0,Isaiah Likely,3.6,3.6,Here's to you
2024,4,2,FLEX,Tyler Johnson,4.0,Tyler Allgeier,7.500000000000001,3.5,Greendale Human Beings
2022,8,11,WR,Stefon Diggs,14.8,George Pickens,18.3,3.5,False Shart
2025,8,12,FLEX,D'Andre Swift,1.9000000000000001,Brian Robinson Jr.,5.4,3.5,Run CMC
2025,1,11,WR,DeVonta Smith,1.8,Cooper Kupp,5.300000000000001,3.5,"Two Gibbs, One Kupp"
2024,9,1,WR,DJ Moore,10.0,George Pickens,13.5,3.5,Cartel Del Taco
2025,4,15,FLEX,A.J. Brown,12.100000000000001,Ricky Pearsall,15.600000000000001,3.5,Flipadelphia Cheesestoinks
2023,3,11,RB,Aaron Jones,2.7,Miles Sanders,6.2,3.5,Kareemin' My Jeans
2025,3,4,WR,Malik Nabers,4.0,Keon Coleman,7.5,3.5,Shooting Ropes💦
2023,10,8,RB,Rhamondre Stevenson,7.0,Najee Harris,10.5,3.5,Team Clucker Fuckers
2023,10,1,WR,Keenan Allen,14.2,Zay Flowers,17.700000000000003,3.5,Team Clucker Fuckers
2024,4,12,TE,George Kittle,20.200000000000003,Jonnu Smith,23.700000000000003,3.5,Greendale Human Beings
2022,11,4,FLEX,Chase Claypool,0.0,Joshua Palmer,3.5,3.5,Seattle  Ricks 
2023,4,13,FLEX,DeAndre Hopkins,18.9,Chuba Hubbard,22.4,3.5,Greendale Human Beings
2025,7,3,WR,Ja'Marr Chase,8.9,Calvin Austin III,12.4,3.5,Allen to this!
2022,10,5,RB,Kareem Hunt,14.7,David Montgomery,18.2,3.5,Team Clucker Fuckers
2024,9,14,QB,Jordan Love,16.54,Russell Wilson,20.02,3.48,Cartel Del Taco
2022,11,10,QB,Justin Herbert,14.04,Kirk Cousins,17.48,3.44,Seattle  Ricks 
2024,4,5,FLEX,Rome Odunze,9.0,Brenton Strange,12.4,3.4,Greendale Human Beings
2025,10,11,FLEX,Jordan Addison,10.0,Bhayshul Tuten,13.4,3.4,Team Clucker Fuckers
2024,10,7,WR,Courtland Sutton,0.0,Christian Kirk,3.4000000000000004,3.4,Team Clucker Fuckers
2025,12,1,RB,Kyren Williams,13.900000000000002,Dylan Sampson,17.3,3.4,Blunder Bust 2000
2023,10,7,WR,Keenan Allen,9.5,Diontae Johnson,12.9,3.4,Team Clucker Fuckers
2024,7,4,FLEX,Terry McLaurin,18.2,Justice Hill,21.6,3.4,Cee Dees in the Face
2023,7,17,RB,Tyler Allgeier,18.8,Justice Hill,22.200000000000003,3.4,Put it Justin??
2023,12,14,RB,Alexander Mattison,6.6000000000000005,Kareem Hunt,10.0,3.4,El Ultimo Hombre
2025,8,13,RB,Christian McCaffrey,17.400000000000002,D'Andre Swift,20.8,3.4,Run CMC
2022,6,12,RB,Jeff Wilson Jr.,12.200000000000001,Isiah Pacheco,15.600000000000001,3.4,Whos Yurdatty
2023,1,7,FLEX,Christian Watson,5.7,Ezekiel Elliott,9.1,3.4,MaChungus
2025,5,15,QB,Baker Mayfield,23.18,Jacoby Brissett,26.560000000000002,3.38,One-cut Heroes
2024,2,5,QB,Daniel Jones,26.08,Baker Mayfield,29.4,3.32,Show Me Dem TDs
2025,3,4,FLEX,Jaylen Waddle,7.800000000000001,Tyler Allgeier,11.100000000000001,3.3,Shooting Ropes💦
2024,7,9,WR,CeeDee Lamb,16.2,Cedric Tillman,19.5,3.3,Cee Dees in the Face
2025,9,11,FLEX,Jerry Jeudy,5.1,Breece Hall,8.4,3.3,Cartel Del Taco
2024,6,10,FLEX,Ladd McConkey,7.2,Dallas Goedert,10.5,3.3,Whos Yurdatty
2023,8,14,FLEX,Jordan Addison,4.7,Jaylen Warren,8.0,3.3,False Shart
2023,11,16,WR,Tyler Lockett,16.1,Rashid Shaheed,19.4,3.3,Seattle  Ricks 
2024,6,9,TE,Trey McBride,12.7,Taysom Hill,16.0,3.3,Whos Yurdatty
2022,4,13,WR,Allen Lazard,11.7,Darius Slayton,15.0,3.3,Greendale Human Beings
2023,11,4,WR,Tyler Lockett,9.4,Jahan Dotson,12.7,3.3,Seattle  Ricks 
2023,6,12,FLEX,Raheem Mostert,21.4,Rashee Rice,24.700000000000003,3.3,Whos Yurdatty
2024,1,1,TE,Sam LaPorta,8.5,Brock Bowers,11.8,3.3,LaPorta Potty
2024,10,9,WR,Xavier Worthy,-1.0,Chris Olave,2.3,3.3,Team Clucker Fuckers
2024,3,12,WR,Zay Flowers,11.2,DeAndre Hopkins,14.5,3.3,Kareemin' My Jeans
2025,7,13,WR,Ja'Marr Chase,18.0,Christian Watson,21.3,3.3,Allen to this!
2025,8,3,RB,James Cook III,20.8,Cam Skattebo,24.1,3.3,Run CMC
2022,1,15,WR,Terry McLaurin,13.0,Tee Higgins,16.3,3.3,D. Adams Family
2023,5,7,QB,Matthew Stafford,16.04,Jordan Love,19.3,3.26,One-cut Heroes
2023,8,6,QB,Baker Mayfield,6.84,Joshua Dobbs,10.100000000000001,3.26,False Shart
2022,12,5,QB,Kenny Pickett,12.08,Matthew Stafford,15.32,3.24,Shart City Poo Bums
2023,5,16,QB,Matthew Stafford,24.72,Jordan Love,27.96,3.24,One-cut Heroes
2022,11,12,FLEX,Tony Pollard,8.1,D'Onta Foreman,11.3,3.2,Seattle  Ricks 
2025,9,13,RB,Jaylen Warren,12.4,Breece Hall,15.600000000000001,3.2,Cartel Del Taco
2025,4,15,RB,David Montgomery,9.2,Rico Dowdle,12.4,3.2,Flipadelphia Cheesestoinks
2023,1,13,FLEX,Javonte Williams,10.0,Ezekiel Elliott,13.2,3.2,MaChungus
2022,1,6,WR,Tee Higgins,10.7,Alec Pierce,13.9,3.2,D. Adams Family
2025,4,1,TE,David Njoku,6.7,Tucker Kraft,9.9,3.2,Flipadelphia Cheesestoinks
2023,8,6,FLEX,Jordan Addison,11.8,Brandin Cooks,15.0,3.2,False Shart
2023,3,6,FLEX,Christian Kirk,13.9,Jakobi Meyers,17.1,3.2,Kareemin' My Jeans
2024,12,16,FLEX,Mike Evans,11.9,Josh Downs,15.100000000000001,3.2,El Ultimo Hombre
2024,12,5,FLEX,Amari Cooper,10.0,Jakobi Meyers,13.2,3.2,El Ultimo Hombre
2023,3,10,WR,Jakobi Meyers,4.1,Terry McLaurin,7.300000000000001,3.2,Kareemin' My Jeans
2025,9,12,FLEX,Theo Johnson,10.7,Breece Hall,13.9,3.2,Cartel Del Taco
2024,1,15,RB,Derrick Henry,6.7,D'Andre Swift,9.9,3.2,LaPorta Potty
2022,9,9,WR,DK Metcalf,14.7,Garrett Wilson,17.9,3.2,Slim Pickins
2024,11,2,QB,Brock Purdy,15.96,Aaron Rodgers,19.14,3.18,Seattle  Ricks 
2023,5,8,QB,Matthew Stafford,13.38,Jordan Love,16.560000000000002,3.18,One-cut Heroes
2022,4,3,QB,Tua Tagovailoa,13.440000000000001,Jameis Winston,16.62,3.18,Greendale Human Beings
2025,4,3,TE,Tucker Kraft,5.9,David Njoku,9.0,3.1,Flipadelphia Cheesestoinks
2022,8,17,FLEX,Zonovan Knight,6.4,Chuba Hubbard,9.5,3.1,False Shart
2024,1,7,FLEX,David Montgomery,8.0,Tutu Atwell,11.100000000000001,3.1,LaPorta Potty
2022,9,10,FLEX,Courtland Sutton,12.600000000000001,Devin Singletary,15.7,3.1,Slim Pickins
2023,4,11,RB,Derrick Henry,5.4,Chuba Hubbard,8.5,3.1,Greendale Human Beings
2025,11,14,FLEX,Zach Charbonnet,8.600000000000001,Brian Thomas Jr.,11.700000000000001,3.1,Seattle  Ricks 
2024,10,1,TE,Travis Kelce,6.4,Chig Okonkwo,9.5,3.1,Team Clucker Fuckers
2023,7,6,RB,Dameon Pierce,3.4000000000000004,Justice Hill,6.5,3.1,Put it Justin??
2025,10,13,RB,Bucky Irving,16.1,Devin Singletary,19.200000000000003,3.1,Team Clucker Fuckers
2023,6,11,FLEX,Keaton Mitchell,5.1000000000000005,Rashee Rice,8.2,3.1,Whos Yurdatty
2025,5,4,FLEX,Troy Franklin,9.5,TreVeyon Henderson,12.6,3.1,One-cut Heroes
2025,12,8,FLEX,Pat Freiermuth,4.3,Kendrick Bourne,7.4,3.1,Blunder Bust 2000
2024,8,6,FLEX,Chase Brown,14.4,Alexander Mattison,17.5,3.1,Here's to you
2023,11,12,TE,Evan Engram,9.9,Trey McBride,13.0,3.1,Seattle  Ricks 
2024,4,13,QB,Lamar Jackson,29.380000000000003,Josh Allen,32.42,3.04,Greendale Human Beings
2023,6,9,FLEX,Austin Ekeler,21.0,Jonnu Smith,24.0,3.0,Whos Yurdatty
2023,6,7,D/ST,Seahawks D/ST,9.0,Dolphins D/ST,12.0,3.0,Whos Yurdatty
2022,5,16,RB,Kenneth Gainwell,9.8,AJ Dillon,12.8,3.0,One-cut Heroes
2024,11,17,D/ST,Lions D/ST,1.0,Broncos D/ST,4.0,3.0,Seattle  Ricks 
2022,10,11,K,Justin Tucker,7.0,Matt Gay,10.0,3.0,Team Clucker Fuckers
2022,2,16,D/ST,Raiders D/ST,5.0,Colts D/ST,8.0,3.0,Show Me Dem TDs
2025,5,15,D/ST,Seahawks D/ST,6.0,Chiefs D/ST,9.0,3.0,One-cut Heroes
2022,10,10,D/ST,Cowboys D/ST,3.0,Chiefs D/ST,6.0,3.0,Team Clucker Fuckers
2024,1,7,WR,Malik Nabers,8.100000000000001,Tutu Atwell,11.100000000000001,3.0,LaPorta Potty
2024,10,2,TE,Travis Kelce,1.6,Chig Okonkwo,4.6,3.0,Team Clucker Fuckers
2023,6,16,D/ST,Bears D/ST,3.0,Dolphins D/ST,6.0,3.0,Whos Yurdatty
2023,5,4,TE,Pat Freiermuth,3.7,Dalton Kincaid,6.7,3.0,One-cut Heroes
2022,11,3,FLEX,Brandon Aiyuk,12.9,Joshua Palmer,15.9,3.0,Seattle  Ricks 
2023,5,12,D/ST,Lions D/ST,0.0,Bengals D/ST,3.0,3.0,One-cut Heroes
2024,12,2,D/ST,Saints D/ST,7.0,Bengals D/ST,10.0,3.0,El Ultimo Hombre
2024,3,13,D/ST,Eagles D/ST,3.0,Patriots D/ST,6.0,3.0,Kareemin' My Jeans
2023,1,8,D/ST,Ravens D/ST,6.0,Steelers D/ST,9.0,3.0,MaChungus
2024,10,17,WR,Xavier Worthy,22.9,Michael Pittman Jr.,25.9,3.0,Team Clucker Fuckers
2024,1,14,FLEX,Sam LaPorta,10.4,Christian Watson,13.4,3.0,LaPorta Potty
2025,11,9,FLEX,Troy Franklin,8.3,Brian Robinson Jr.,11.3,3.0,Seattle  Ricks 
2025,11,7,RB,Kenneth Gainwell,3.5000000000000004,Jeremy McNichols,6.5,3.0,Seattle  Ricks 
2023,9,8,D/ST,49ers D/ST,2.0,Browns D/ST,5.0,3.0,Olivas - Alone
2025,10,10,K,Cairo Santos,6.0,Nick Folk,9.0,3.0,Team Clucker Fuckers
2023,9,4,K,Evan McPherson,3.0,Cameron Dicker,6.0,3.0,Olivas - Alone
2025,1,7,RB,Jacory Croskey-Merritt,4.200000000000001,RJ Harvey,7.2,3.0,"Two Gibbs, One Kupp"
2025,9,17,D/ST,Browns D/ST,8.0,Steelers D/ST,11.0,3.0,Cartel Del Taco
2022,1,6,FLEX,Rondale Moore,10.9,Alec Pierce,13.9,3.0,D. Adams Family
2025,9,13,K,Cam Little,6.0,Wil Lutz,9.0,3.0,Cartel Del Taco
2022,3,6,FLEX,Amari Cooper,14.4,Allen Robinson II,17.3,2.9,Kareemin' My Jeans
2025,12,15,RB,Kyren Williams,21.8,Tyrone Tracy Jr.,24.7,2.9,Blunder Bust 2000
2025,5,5,WR,Troy Franklin,8.5,Josh Downs,11.4,2.9,One-cut Heroes
2024,12,12,FLEX,Calvin Ridley,14.3,Justice Hill,17.2,2.9,El Ultimo Hombre
2024,3,13,WR,Zay Flowers,10.100000000000001,DeAndre Hopkins,13.0,2.9,Kareemin' My Jeans
2024,3,8,FLEX,DeAndre Hopkins,4.9,Austin Ekeler,7.800000000000001,2.9,Kareemin' My Jeans
2024,2,14,RB,Ray Davis,0.0,Trey Benson,2.9,2.9,Show Me Dem TDs
2025,3,15,RB,Jordan Mason,2.9000000000000004,Kimani Vidal,5.800000000000001,2.9,Shooting Ropes💦
2022,4,11,WR,Allen Lazard,10.7,Darius Slayton,13.6,2.9,Greendale Human Beings
2025,10,3,QB,Daniel Jones,17.82,Sam Darnold,20.72,2.9,Team Clucker Fuckers
2023,3,1,WR,Stefon Diggs,26.200000000000003,Jakobi Meyers,29.1,2.9,Kareemin' My Jeans
2025,11,10,FLEX,Zach Charbonnet,14.3,Cade Otton,17.200000000000003,2.9,Seattle  Ricks 
2024,4,4,FLEX,Rome Odunze,2.0,Brenton Strange,4.9,2.9,Greendale Human Beings
2022,5,11,FLEX,CeeDee Lamb,9.5,Keenan Allen,12.4,2.9,One-cut Heroes
2023,12,12,WR,Ja'Marr Chase,12.1,Jayden Reed,15.0,2.9,El Ultimo Hombre
2022,5,6,FLEX,Joshua Kelley,0.0,Isaiah McKenzie,2.9,2.9,One-cut Heroes
2023,7,3,RB,Craig Reynolds,1.5,Kendre Miller,4.4,2.9,Put it Justin??
2025,5,3,WR,Tee Higgins,2.5,Josh Downs,5.4,2.9,One-cut Heroes
2023,8,9,FLEX,Marquise Brown,6.4,Kenneth Gainwell,9.299999999999999,2.9,False Shart
2025,4,15,RB,Aaron Jones Sr.,9.5,Rico Dowdle,12.4,2.9,Flipadelphia Cheesestoinks
2025,5,17,TE,Harold Fannin Jr.,11.0,Hunter Henry,13.9,2.9,One-cut Heroes
2023,6,16,FLEX,Austin Ekeler,11.6,Zamir White,14.5,2.9,Whos Yurdatty
2024,11,2,TE,Jake Ferguson,0.0,Taysom Hill,2.9,2.9,Seattle  Ricks 
2024,2,6,RB,Chuba Hubbard,15.3,Ray Davis,18.200000000000003,2.9,Show Me Dem TDs
2023,6,16,FLEX,Rashee Rice,11.7,Zamir White,14.5,2.8,Whos Yurdatty
2024,12,4,WR,Garrett Wilson,7.1000000000000005,Jakobi Meyers,9.9,2.8,El Ultimo Hombre
2025,7,6,WR,Garrett Wilson,4.3,Sterling Shepard,7.1000000000000005,2.8,Allen to this!
2023,5,13,TE,David Njoku,3.7,Tyler Conklin,6.5,2.8,One-cut Heroes
2022,12,3,TE,Hayden Hurst,1.7000000000000002,Gerald Everett,4.5,2.8,Shart City Poo Bums
2024,6,17,WR,Ladd McConkey,30.4,Marvin Mims Jr.,33.2,2.8,Whos Yurdatty
2025,3,9,WR,Jaylen Waddle,14.200000000000001,Parker Washington,17.0,2.8,Shooting Ropes💦
2025,8,14,FLEX,Alec Pierce,13.0,Dallas Goedert,15.8,2.8,Run CMC
2023,8,17,FLEX,Brandin Cooks,17.0,Jaylen Warren,19.8,2.8,False Shart
2023,8,2,WR,Chris Olave,14.6,Marquise Brown,17.4,2.8,False Shart
2025,9,15,FLEX,Jaylen Warren,7.800000000000001,T.J. Hockenson,10.600000000000001,2.8,Cartel Del Taco
2025,10,17,RB,De'Von Achane,14.200000000000001,Devin Singletary,17.0,2.8,Team Clucker Fuckers
2024,7,12,TE,Tucker Kraft,10.6,Cole Kmet,13.4,2.8,Cee Dees in the Face
2024,5,13,RB,Kenneth Walker III,6.6000000000000005,Jaleel McLaughlin,9.4,2.8,One-cut Heroes
2023,7,8,FLEX,Michael Thomas,10.8,Tyler Boyd,13.6,2.8,Put it Justin??
2022,4,2,FLEX,Elijah Moore,6.5,Allen Lazard,9.3,2.8,Greendale Human Beings
2025,1,6,WR,Chris Olave,15.8,Jameson Williams,18.6,2.8,"Two Gibbs, One Kupp"
2023,12,8,TE,Sam LaPorta,19.7,Taysom Hill,22.46,2.76,El Ultimo Hombre
2022,4,17,WR,Jaylen Waddle,8.2,Allen Lazard,10.9,2.7,Greendale Human Beings
2022,7,11,RB,Joe Mixon,9.2,Cordarrelle Patterson,11.899999999999999,2.7,Worst Cook
2025,7,15,FLEX,Christian Watson,5.9,Keenan Allen,8.6,2.7,Allen to this!
2025,2,1,FLEX,Jayden Reed,13.5,Cedric Tillman,16.2,2.7,Show Me Dem TDs
2024,9,3,WR,Davante Adams,8.0,George Pickens,10.7,2.7,Cartel Del Taco
2022,8,10,WR,Michael Pittman Jr.,12.3,Marquez Valdes-Scantling,15.0,2.7,False Shart
2024,4,15,WR,Jauan Jennings,5.1,Wan'Dale Robinson,7.800000000000001,2.7,Greendale Human Beings
2025,6,2,RB,Jacory Croskey-Merritt,1.7000000000000002,Kareem Hunt,4.3999999999999995,2.7,Whos Yurdatty
2023,3,12,FLEX,Garrett Wilson,17.4,Jakobi Meyers,20.1,2.7,Kareemin' My Jeans
2022,11,1,WR,Brandon Aiyuk,6.7,Chase Claypool,9.4,2.7,Seattle  Ricks 
2024,3,15,FLEX,DeAndre Hopkins,8.6,Zay Flowers,11.3,2.7,Kareemin' My Jeans
2024,3,4,RB,Rachaad White,10.4,Rico Dowdle,13.100000000000001,2.7,Kareemin' My Jeans
2022,12,15,FLEX,Diontae Johnson,20.0,Juwan Johnson,22.7,2.7,Shart City Poo Bums
2024,7,2,FLEX,Adam Thielen,4.0,Cole Kmet,6.7,2.7,Cee Dees in the Face
2023,1,17,FLEX,Javonte Williams,8.8,Ezekiel Elliott,11.5,2.7,MaChungus
2023,3,2,WR,Garrett Wilson,19.3,Christian Kirk,21.96,2.66,Kareemin' My Jeans
2023,3,1,QB,Justin Fields,16.54,Russell Wilson,19.18,2.64,Kareemin' My Jeans
2023,11,3,QB,Kirk Cousins,34.68,Justin Herbert,37.3,2.62,Seattle  Ricks 
2022,1,5,RB,J.K. Dobbins,4.4,Darrell Henderson Jr.,7.0,2.6,D. Adams Family
2022,5,12,WR,Gabe Davis,7.800000000000001,Nico Collins,10.4,2.6,One-cut Heroes
2024,4,1,FLEX,Christian Watson,10.3,Ezekiel Elliott,12.9,2.6,Greendale Human Beings
2024,7,2,TE,Dalton Schultz,4.1,Cole Kmet,6.7,2.6,Cee Dees in the Face
2025,12,8,RB,Quinshon Judkins,4.7,Tyrone Tracy Jr.,7.300000000000001,2.6,Blunder Bust 2000
2024,4,1,TE,George Kittle,8.0,Juwan Johnson,10.6,2.6,Greendale Human Beings
2022,1,12,WR,Davante Adams,14.4,Treylon Burks,17.0,2.6,D. Adams Family
2022,7,4,WR,Curtis Samuel,7.800000000000001,Michael Gallup,10.4,2.6,Worst Cook
2024,8,17,WR,Puka Nacua,22.9,Jameson Williams,25.5,2.6,Here's to you
2023,3,11,WR,Stefon Diggs,6.7,Terry McLaurin,9.3,2.6,Kareemin' My Jeans
2023,7,14,TE,Dallas Goedert,7.0,Cade Otton,9.6,2.6,Put it Justin??
2024,6,4,WR,Tyreek Hill,8.200000000000001,Allen Lazard,10.8,2.6,Whos Yurdatty
2024,9,1,WR,Davante Adams,10.9,George Pickens,13.5,2.6,Cartel Del Taco
2025,3,10,RB,Bijan Robinson,10.8,Emari Demercado,13.4,2.6,Shooting Ropes💦
2022,4,4,WR,Jaylen Waddle,5.9,Elijah Moore,8.5,2.6,Greendale Human Beings
2023,10,5,RB,Najee Harris,5.0,Khalil Herbert,7.6000000000000005,2.6,Team Clucker Fuckers
2025,4,12,WR,DK Metcalf,14.399999999999999,Khalil Shakir,17.0,2.6,Flipadelphia Cheesestoinks
2024,3,8,RB,Nick Chubb,5.2,Austin Ekeler,7.800000000000001,2.6,Kareemin' My Jeans
2023,11,5,TE,Evan Engram,6.800000000000001,Luke Musgrave,9.4,2.6,Seattle  Ricks 
2024,10,15,QB,Cooper Rush,25.060000000000002,Jayden Daniels,27.64,2.58,Team Clucker Fuckers
2022,12,4,QB,Matthew Stafford,6.76,Carson Wentz,9.3,2.54,Shart City Poo Bums
2022,5,8,FLEX,Gabe Davis,5.5,Isaiah McKenzie,8.0,2.5,One-cut Heroes
2024,11,4,TE,Jake Ferguson,11.9,Taysom Hill,14.4,2.5,Seattle  Ricks 
2025,6,12,FLEX,Sean Tucker,5.6000000000000005,Tony Pollard,8.1,2.5,Whos Yurdatty
2022,6,4,TE,George Kittle,4.4,Logan Thomas,6.9,2.5,Whos Yurdatty
2023,6,16,RB,Raheem Mostert,12.000000000000002,Zamir White,14.5,2.5,Whos Yurdatty
2025,2,3,FLEX,Cedric Tillman,5.6,Trey Benson,8.1,2.5,Show Me Dem TDs
2023,11,7,TE,Luke Musgrave,7.0,Evan Engram,9.5,2.5,Seattle  Ricks 
2023,12,10,WR,Calvin Ridley,4.0,Jerry Jeudy,6.5,2.5,El Ultimo Hombre
2022,3,14,WR,A.J. Brown,17.0,Adam Thielen,19.5,2.5,Kareemin' My Jeans
2025,5,4,RB,Chase Brown,10.1,TreVeyon Henderson,12.6,2.5,One-cut Heroes
2023,2,10,FLEX,Brandon Powell,7.5,Tyjae Spears,10.0,2.5,Show Me Dem TDs
2023,10,13,WR,Keenan Allen,10.8,Diontae Johnson,13.3,2.5,Team Clucker Fuckers
2025,4,4,RB,Chuba Hubbard,9.9,Zach Charbonnet,12.4,2.5,Flipadelphia Cheesestoinks
2022,6,8,FLEX,Amon-Ra St. Brown,13.9,Devin Duvernay,16.400000000000002,2.5,Whos Yurdatty
2023,1,15,RB,Jerome Ford,7.1,Ezekiel Elliott,9.6,2.5,MaChungus
2024,6,14,FLEX,Najee Harris,11.3,Pat Freiermuth,13.8,2.5,Whos Yurdatty
2022,6,6,FLEX,Raheem Mostert,5.800000000000001,Antonio Gibson,8.3,2.5,Whos Yurdatty
2025,11,5,QB,Justin Herbert,16.64,Jayden Daniels,19.14,2.5,Seattle  Ricks 
2025,12,9,RB,Tyrone Tracy Jr.,6.7,Tyjae Spears,9.2,2.5,Blunder Bust 2000
2025,9,15,QB,Drake Maye,20.5,Caleb Williams,22.98,2.48,Cartel Del Taco
2025,12,11,WR,Davante Adams,7.1,Jayden Higgins,9.5,2.4,Blunder Bust 2000
2025,3,3,WR,Justin Jefferson,12.5,Jaylen Waddle,14.9,2.4,Shooting Ropes💦
2024,1,15,RB,David Montgomery,7.5,D'Andre Swift,9.9,2.4,LaPorta Potty
2023,2,15,RB,Tyjae Spears,4.7,Latavius Murray,7.1,2.4,Show Me Dem TDs
2023,2,4,FLEX,Jaxon Smith-Njigba,3.5,Chigoziem Okonkwo,5.9,2.4,Show Me Dem TDs
2025,4,2,RB,David Montgomery,13.1,J.K. Dobbins,15.500000000000002,2.4,Flipadelphia Cheesestoinks
2023,9,17,FLEX,David Montgomery,12.5,Roschon Johnson,14.9,2.4,Olivas - Alone
2025,1,16,FLEX,CeeDee Lamb,11.100000000000001,Isiah Pacheco,13.5,2.4,"Two Gibbs, One Kupp"
2024,10,4,WR,Chris Olave,16.700000000000003,Christian Kirk,19.1,2.4,Team Clucker Fuckers
2024,10,13,RB,Kareem Hunt,3.5,Isiah Pacheco,5.9,2.4,Team Clucker Fuckers
2024,12,7,FLEX,Sean Tucker,4.800000000000001,Calvin Ridley,7.2,2.4,El Ultimo Hombre
2022,11,16,TE,Noah Fant,9.2,Taysom Hill,11.600000000000001,2.4,Seattle  Ricks 
2023,7,14,FLEX,Elijah Moore,7.2,Cade Otton,9.6,2.4,Put it Justin??
2022,6,14,RB,Rhamondre Stevenson,3.0,Raheem Mostert,5.4,2.4,Whos Yurdatty
2024,6,3,WR,Tyreek Hill,7.0,Keon Coleman,9.4,2.4,Whos Yurdatty
2022,6,1,WR,Tyreek Hill,18.0,Amon-Ra St. Brown,20.4,2.4,Whos Yurdatty
2023,12,2,QB,Deshaun Watson,13.600000000000001,Matthew Stafford,15.98,2.38,El Ultimo Hombre
2022,4,7,QB,Tua Tagovailoa,17.939999999999998,Jimmy Garoppolo,20.32,2.38,Greendale Human Beings
2023,8,14,FLEX,Brandin Cooks,5.7,Jaylen Warren,8.0,2.3,False Shart
2024,2,1,RB,Chuba Hubbard,1.4000000000000001,Ray Davis,3.7,2.3,Show Me Dem TDs
2025,10,11,WR,Wan'Dale Robinson,7.6,Courtland Sutton,9.9,2.3,Team Clucker Fuckers
2023,12,1,TE,Juwan Johnson,6.6,Sam LaPorta,8.9,2.3,El Ultimo Hombre
2024,9,5,RB,Brian Robinson Jr.,13.8,Javonte Williams,16.1,2.3,Cartel Del Taco
2024,5,9,FLEX,Jaleel McLaughlin,5.0,Cam Akers,7.300000000000001,2.3,One-cut Heroes
2025,7,17,FLEX,Omarion Hampton,20.0,Christian Watson,22.3,2.3,Allen to this!
2025,4,6,FLEX,J.K. Dobbins,4.0,Khalil Shakir,6.300000000000001,2.3,Flipadelphia Cheesestoinks
2025,4,3,WR,DK Metcalf,12.2,Khalil Shakir,14.5,2.3,Flipadelphia Cheesestoinks
2024,3,10,RB,Christian McCaffrey,16.700000000000003,Rachaad White,19.0,2.3,Kareemin' My Jeans
2025,12,12,FLEX,Brock Bowers,11.5,Jayden Higgins,13.8,2.3,Blunder Bust 2000
2024,2,17,RB,Chuba Hubbard,0.0,Ray Davis,2.3,2.3,Show Me Dem TDs
2023,8,5,FLEX,Marquise Brown,16.1,Jordan Addison,18.4,2.3,False Shart
2025,12,2,FLEX,Kayshon Boutte,8.6,Dylan Sampson,10.9,2.3,Blunder Bust 2000
2022,8,10,RB,Alvin Kamara,7.5,Elijah Mitchell,9.8,2.3,False Shart
2023,5,8,WR,DJ Moore,9.5,Romeo Doubs,11.8,2.3,One-cut Heroes
2024,11,4,WR,DK Metcalf,15.4,Ladd McConkey,17.7,2.3,Seattle  Ricks 
2022,8,16,TE,Tyler Conklin,7.4,Dallas Goedert,9.7,2.3,False Shart
2022,9,9,FLEX,Michael Carter,15.600000000000001,Garrett Wilson,17.9,2.3,Slim Pickins
2025,11,13,QB,Justin Herbert,16.84,Brock Purdy,19.12,2.28,Seattle  Ricks 
2023,5,13,QB,Jordan Love,29.68,Matthew Stafford,31.96,2.28,One-cut Heroes
2023,5,10,TE,David Njoku,11.8,Tyler Conklin,14.0,2.2,One-cut Heroes
2024,6,1,FLEX,Jaylen Waddle,16.2,Tony Pollard,18.400000000000002,2.2,Whos Yurdatty
2024,12,16,TE,Evan Engram,0.0,Zach Ertz,2.2,2.2,El Ultimo Hombre
2025,11,10,FLEX,Troy Franklin,15.0,Cade Otton,17.200000000000003,2.2,Seattle  Ricks 
2023,4,1,FLEX,Jamaal Williams,7.2,Isiah Pacheco,9.4,2.2,Greendale Human Beings
2022,3,13,RB,Travis Etienne Jr.,7.6000000000000005,Alexander Mattison,9.8,2.2,Kareemin' My Jeans
2025,6,4,RB,Tony Pollard,10.600000000000001,Isiah Pacheco,12.8,2.2,Whos Yurdatty
2022,6,5,WR,Tyreek Hill,13.0,Josh Reynolds,15.200000000000001,2.2,Whos Yurdatty
2025,11,6,FLEX,Jakobi Meyers,7.9,Cade Otton,10.100000000000001,2.2,Seattle  Ricks 
2023,1,11,WR,Christian Watson,10.2,Jameson Williams,12.4,2.2,MaChungus
2025,2,15,TE,Mason Taylor,0.0,Evan Engram,2.2,2.2,Show Me Dem TDs
2024,2,13,FLEX,Chuba Hubbard,2.3,Jalen McMillan,4.5,2.2,Show Me Dem TDs
2023,4,15,FLEX,James Conner,17.900000000000002,Clyde Edwards-Helaire,20.1,2.2,Greendale Human Beings
2025,6,12,WR,Alec Pierce,3.6,Tre Tucker,5.800000000000001,2.2,Whos Yurdatty
2024,10,5,WR,Chris Olave,3.0,Courtland Sutton,5.2,2.2,Team Clucker Fuckers
2022,4,12,FLEX,DeVonta Smith,9.0,Marvin Jones Jr.,11.2,2.2,Greendale Human Beings
2023,2,17,QB,Jalen Hurts,25.18,Dak Prescott,27.3,2.12,Show Me Dem TDs
2025,12,12,RB,Kyren Williams,5.800000000000001,Woody Marks,7.9,2.1,Blunder Bust 2000
2025,8,13,RB,James Cook III,18.7,D'Andre Swift,20.8,2.1,Run CMC
2025,10,6,FLEX,Courtland Sutton,2.7,Bhayshul Tuten,4.800000000000001,2.1,Team Clucker Fuckers
2023,9,5,RB,Brian Robinson Jr.,8.3,Antonio Gibson,10.4,2.1,Olivas - Alone
2022,6,11,WR,Amon-Ra St. Brown,15.0,Donovan Peoples-Jones,17.1,2.1,Whos Yurdatty
2022,12,2,FLEX,James Robinson,15.8,Jahan Dotson,17.9,2.1,Shart City Poo Bums
2024,7,1,FLEX,Terry McLaurin,3.7,Zach Ertz,5.800000000000001,2.1,Cee Dees in the Face
2024,5,16,FLEX,Jayden Reed,11.100000000000001,Darnell Mooney,13.200000000000001,2.1,One-cut Heroes
2022,2,3,TE,Evan Engram,3.9,Cole Kmet,6.0,2.1,Show Me Dem TDs
2024,6,5,RB,Najee Harris,9.7,Raheem Mostert,11.8,2.1,Whos Yurdatty
2024,6,9,FLEX,Xavier Legette,13.9,Taysom Hill,16.0,2.1,Whos Yurdatty
2025,1,4,RB,Jahmyr Gibbs,17.700000000000003,RJ Harvey,19.8,2.1,"Two Gibbs, One Kupp"
2023,5,8,RB,Saquon Barkley,15.8,Rachaad White,17.9,2.1,One-cut Heroes
2023,3,17,FLEX,Aaron Jones,14.0,Terry McLaurin,16.1,2.1,Kareemin' My Jeans
2022,10,16,RB,David Montgomery,10.399999999999999,Kenneth Walker III,12.500000000000002,2.1,Team Clucker Fuckers
2024,1,8,RB,Derrick Henry,14.700000000000001,J.K. Dobbins,16.8,2.1,LaPorta Potty
2024,10,15,WR,Adam Thielen,10.100000000000001,Courtland Sutton,12.2,2.1,Team Clucker Fuckers
2025,7,6,QB,Josh Allen,19.4,Aaron Rodgers,21.5,2.1,Allen to this!
2023,7,11,RB,Darrell Henderson Jr.,12.9,Ty Chandler,15.0,2.1,Put it Justin??
2025,11,1,RB,Rachaad White,2.6000000000000005,Brian Robinson Jr.,4.700000000000001,2.1,Seattle  Ricks 
2022,9,7,RB,Jamaal Williams,7.300000000000001,Michael Carter,9.4,2.1,Slim Pickins
2025,5,16,QB,Jacoby Brissett,12.620000000000001,Baker Mayfield,14.7,2.08,One-cut Heroes
2025,11,2,QB,Jayden Daniels,23.7,Justin Herbert,25.78,2.08,Seattle  Ricks 
2022,10,4,QB,Patrick Mahomes,29.36,Tom Brady,31.4,2.04,Team Clucker Fuckers
2024,11,1,QB,Brock Purdy,10.34,Justin Herbert,12.36,2.02,Seattle  Ricks 
2022,2,14,K,Graham Gano,2.0,Brandon McManus,4.0,2.0,Show Me Dem TDs
2023,6,9,D/ST,Vikings D/ST,5.0,Dolphins D/ST,7.0,2.0,Whos Yurdatty
2024,1,17,D/ST,Colts D/ST,-3.0,Steelers D/ST,-1.0,2.0,LaPorta Potty
2025,5,11,D/ST,Chiefs D/ST,2.0,Seahawks D/ST,4.0,2.0,One-cut Heroes
2025,12,13,D/ST,Broncos D/ST,2.0,Raiders D/ST,4.0,2.0,Blunder Bust 2000
2023,6,11,QB,Jared Goff,17.740000000000002,Sam Howell,19.740000000000002,2.0,Whos Yurdatty
2022,2,4,TE,Evan Engram,2.6,Cole Kmet,4.6,2.0,Show Me Dem TDs
2025,3,6,FLEX,Keon Coleman,4.1,Taysom Hill,6.1,2.0,Shooting Ropes💦
2025,7,1,RB,Saquon Barkley,18.4,Javonte Williams,20.4,2.0,Allen to this!
2023,9,6,D/ST,49ers D/ST,6.0,Browns D/ST,8.0,2.0,Olivas - Alone
2025,2,11,K,Chris Boswell,10.0,Tyler Loop,12.0,2.0,Show Me Dem TDs
2023,8,16,K,Matt Gay,4.0,Daniel Carlson,6.0,2.0,False Shart
2025,7,13,RB,Javonte Williams,17.0,Kyle Monangai,19.0,2.0,Allen to this!
2023,2,7,D/ST,Bills D/ST,2.0,Saints D/ST,4.0,2.0,Show Me Dem TDs
2024,2,17,K,Jake Bates,9.0,Jake Elliott,11.0,2.0,Show Me Dem TDs
2023,10,17,WR,Drake London,9.600000000000001,Diontae Johnson,11.600000000000001,2.0,Team Clucker Fuckers
2022,2,7,D/ST,Colts D/ST,9.0,Dolphins D/ST,11.0,2.0,Show Me Dem TDs
2024,1,16,FLEX,Tee Higgins,19.8,Tank Dell,21.8,2.0,LaPorta Potty
2023,9,10,K,Cameron Dicker,9.0,Evan McPherson,11.0,2.0,Olivas - Alone
2025,3,14,RB,Bijan Robinson,9.4,Kimani Vidal,11.4,2.0,Shooting Ropes💦
2025,10,13,FLEX,Courtland Sutton,17.2,Devin Singletary,19.200000000000003,2.0,Team Clucker Fuckers
2025,9,10,QB,Drake Maye,25.1,Caleb Williams,27.1,2.0,Cartel Del Taco
2024,5,15,D/ST,Ravens D/ST,8.0,Buccaneers D/ST,10.0,2.0,One-cut Heroes
2022,2,6,FLEX,Russell Gage,4.0,Jerick McKinnon,6.0,2.0,Show Me Dem TDs
2024,8,17,RB,James Conner,2.8,Alexander Mattison,4.800000000000001,2.0,Here's to you
2024,4,15,K,Nick Folk,3.0,Justin Tucker,5.0,2.0,Greendale Human Beings
2024,5,17,D/ST,Ravens D/ST,14.0,Buccaneers D/ST,16.0,2.0,One-cut Heroes
2023,2,17,K,Jason Sanders,7.0,Tyler Bass,9.0,2.0,Show Me Dem TDs
2023,8,14,K,Matt Gay,-2.0,Daniel Carlson,0.0,2.0,False Shart
2024,12,16,D/ST,Bills D/ST,14.0,Packers D/ST,16.0,2.0,El Ultimo Hombre
2025,7,6,FLEX,Rome Odunze,5.2,Sterling Shepard,7.1000000000000005,1.9,Allen to this!
2023,12,8,RB,Tony Pollard,6.500000000000001,Zach Charbonnet,8.4,1.9,El Ultimo Hombre
2023,3,9,RB,Miles Sanders,9.100000000000001,Tyler Allgeier,11.0,1.9,Kareemin' My Jeans
2025,10,16,FLEX,Jordan Addison,4.6,Michael Carter,6.5,1.9,Team Clucker Fuckers
2023,4,1,WR,Amari Cooper,6.7,George Pickens,8.6,1.9,Greendale Human Beings
2024,6,15,WR,Jaylen Waddle,0.0,Elijah Moore,1.9,1.9,Whos Yurdatty
2025,8,4,WR,Keenan Allen,8.7,Brian Thomas Jr.,10.600000000000001,1.9,Run CMC
2025,10,7,RB,Hassan Haskins,2.5,Jaydon Blue,4.4,1.9,Team Clucker Fuckers
2022,7,4,TE,Mark Andrews,3.5,Darren Waller,5.4,1.9,Worst Cook
2022,5,5,RB,Chase Edmonds,0.1,Kenneth Gainwell,2.0,1.9,One-cut Heroes
2025,6,2,FLEX,Zay Flowers,14.9,Jake Ferguson,16.8,1.9,Whos Yurdatty
2023,7,10,FLEX,Jahan Dotson,0.0,Michael Thomas,1.9,1.9,Put it Justin??
2022,5,10,RB,Clyde Edwards-Helaire,0.0,Chase Edmonds,1.9,1.9,One-cut Heroes
2022,1,9,WR,Tee Higgins,13.0,Rondale Moore,14.9,1.9,D. Adams Family
2025,12,15,FLEX,George Kittle,22.8,Tyrone Tracy Jr.,24.7,1.9,Blunder Bust 2000
2023,6,9,TE,Jake Ferguson,22.1,Jonnu Smith,24.0,1.9,Whos Yurdatty
2025,3,15,FLEX,Adonai Mitchell,17.4,Mike Evans,19.200000000000003,1.8,Shooting Ropes💦
2023,1,2,WR,Treylon Burks,10.600000000000001,K.J. Osborn,12.4,1.8,MaChungus
2022,1,9,FLEX,Chris Olave,13.100000000000001,Rondale Moore,14.9,1.8,D. Adams Family
2025,12,10,FLEX,Marvin Harrison Jr.,14.3,Woody Marks,16.1,1.8,Blunder Bust 2000
2025,12,2,RB,Tyrone Tracy Jr.,9.1,Dylan Sampson,10.9,1.8,Blunder Bust 2000
2022,10,3,WR,DJ Moore,2.5,Darnell Mooney,4.300000000000001,1.8,Team Clucker Fuckers
2022,7,9,WR,Curtis Samuel,18.1,Mecole Hardman,19.9,1.8,Worst Cook
2023,12,7,QB,Deshaun Watson,-1.8,C.J. Stroud,0.0,1.8,El Ultimo Hombre
2025,11,2,FLEX,Jakobi Meyers,12.8,Rachaad White,14.6,1.8,Seattle  Ricks 
2022,10,16,WR,Mike Williams,11.600000000000001,Brandin Cooks,13.4,1.8,Team Clucker Fuckers
2024,1,2,FLEX,David Montgomery,17.0,Brock Bowers,18.8,1.8,LaPorta Potty
2025,11,1,FLEX,Xavier Legette,4.0,Dalton Schultz,5.800000000000001,1.8,Seattle  Ricks 
2022,5,11,FLEX,Terrace Marshall Jr.,10.600000000000001,Keenan Allen,12.4,1.8,One-cut Heroes
2024,12,11,RB,Travis Etienne Jr.,6.300000000000001,Justice Hill,8.1,1.8,El Ultimo Hombre
2023,1,12,WR,Tank Dell,17.2,Curtis Samuel,19.0,1.8,MaChungus
2025,9,11,FLEX,Theo Johnson,6.6,Breece Hall,8.4,1.8,Cartel Del Taco
2024,10,4,WR,Michael Pittman Jr.,17.3,Christian Kirk,19.1,1.8,Team Clucker Fuckers
2025,6,6,RB,Tony Pollard,6.7,Michael Carter,8.4,1.7,Whos Yurdatty
2025,9,5,FLEX,Omarion Hampton,13.0,Rhamondre Stevenson,14.700000000000001,1.7,Cartel Del Taco
2022,7,12,FLEX,Dalvin Cook,9.6,Michael Gallup,11.3,1.7,Worst Cook
2024,9,17,QB,Jordan Love,16.0,Russell Wilson,17.7,1.7,Cartel Del Taco
2023,7,6,WR,Michael Thomas,9.5,Rashee Rice,11.2,1.7,Put it Justin??
2024,2,4,FLEX,DeMario Douglas,4.3,Ja'Lynn Polk,6.0,1.7,Show Me Dem TDs
2022,11,14,RB,Saquon Barkley,6.800000000000001,D'Onta Foreman,8.5,1.7,Seattle  Ricks 
2025,3,9,RB,Kimani Vidal,3.0,Jordan Mason,4.699999999999999,1.7,Shooting Ropes💦
2023,2,3,FLEX,Jaxon Smith-Njigba,2.0,Chigoziem Okonkwo,3.7,1.7,Show Me Dem TDs
2022,7,11,TE,Mark Andrews,12.3,Dawson Knox,14.0,1.7,Worst Cook
2024,2,10,FLEX,DeMario Douglas,9.0,Trey Benson,10.7,1.7,Show Me Dem TDs
2024,3,1,TE,Dalton Kincaid,2.1,Hunter Henry,3.8,1.7,Kareemin' My Jeans
2025,9,17,WR,Nico Collins,8.7,Jerry Jeudy,10.4,1.7,Cartel Del Taco
2025,8,11,TE,Dallas Goedert,4.4,Oronde Gadsden,6.1000000000000005,1.7,Run CMC
2025,4,17,FLEX,A.J. Brown,11.8,Ricky Pearsall,13.5,1.7,Flipadelphia Cheesestoinks
2023,7,3,RB,Joshua Kelley,2.7,Kendre Miller,4.4,1.7,Put it Justin??
2025,5,3,RB,Chase Brown,6.0,TreVeyon Henderson,7.700000000000001,1.7,One-cut Heroes
2022,12,12,RB,Jonathan Taylor,18.8,Brian Robinson Jr.,20.5,1.7,Shart City Poo Bums
2024,12,11,WR,Garrett Wilson,5.8,Amari Cooper,7.5,1.7,El Ultimo Hombre
2022,5,3,QB,Jared Goff,15.880000000000003,Marcus Mariota,17.560000000000002,1.68,One-cut Heroes
2022,10,12,QB,Patrick Mahomes,20.400000000000002,Tom Brady,22.04,1.64,Team Clucker Fuckers
2024,3,2,QB,Trevor Lawrence,13.3,Gardner Minshew,14.940000000000001,1.64,Kareemin' My Jeans
2025,8,3,QB,Dak Prescott,14.04,Aaron Rodgers,15.66,1.62,Run CMC
2023,3,3,RB,Tyler Allgeier,4.9,Devin Singletary,6.500000000000001,1.6,Kareemin' My Jeans
2023,10,8,WR,Keenan Allen,14.9,Diontae Johnson,16.5,1.6,Team Clucker Fuckers
2022,7,1,FLEX,Rashod Bateman,16.9,Miles Sanders,18.5,1.6,Worst Cook
2023,1,5,WR,Tank Dell,8.3,K.J. Osborn,9.9,1.6,MaChungus
2024,4,2,RB,Gus Edwards,5.9,Tyler Allgeier,7.500000000000001,1.6,Greendale Human Beings
2025,10,7,FLEX,Drake London,8.2,Emeka Egbuka,9.8,1.6,Team Clucker Fuckers
2022,12,4,WR,Romeo Doubs,13.7,Jerry Jeudy,15.3,1.6,Shart City Poo Bums
2023,7,15,RB,De'Von Achane,9.2,Keaton Mitchell,10.8,1.6,Put it Justin??
2022,5,12,FLEX,CeeDee Lamb,17.700000000000003,Samaje Perine,19.3,1.6,One-cut Heroes
2025,5,9,WR,Jauan Jennings,14.100000000000001,Josh Downs,15.7,1.6,One-cut Heroes
2025,1,3,FLEX,Jameson Williams,6.3,Kyle Pitts Sr.,7.9,1.6,"Two Gibbs, One Kupp"
2023,3,8,WR,Stefon Diggs,16.0,Garrett Wilson,17.6,1.6,Kareemin' My Jeans
2024,5,4,WR,Darnell Mooney,8.600000000000001,Deebo Samuel Sr.,10.200000000000001,1.6,One-cut Heroes
2022,7,15,WR,Marquise Brown,5.9,Curtis Samuel,7.5,1.6,Worst Cook
2025,4,12,RB,David Montgomery,6.7,Chuba Hubbard,8.3,1.6,Flipadelphia Cheesestoinks
2025,5,8,FLEX,Hunter Henry,7.7,Tez Johnson,9.3,1.6,One-cut Heroes
2022,9,14,RB,Jamaal Williams,3.7,Devin Singletary,5.300000000000001,1.6,Slim Pickins
2022,6,2,RB,Rhamondre Stevenson,6.1000000000000005,Nyheim Hines,7.7,1.6,Whos Yurdatty
2025,11,4,FLEX,Jakobi Meyers,7.0,Rachaad White,8.600000000000001,1.6,Seattle  Ricks 
2024,11,17,FLEX,Jaxon Smith-Njigba,6.2,Xavier Legette,7.800000000000001,1.6,Seattle  Ricks 
2022,8,10,RB,D'Andre Swift,8.2,Elijah Mitchell,9.8,1.6,False Shart
2024,12,1,FLEX,Calvin Ridley,8.0,Bucky Irving,9.6,1.6,El Ultimo Hombre
2024,10,8,WR,Courtland Sutton,17.12,Chris Olave,18.700000000000003,1.58,Team Clucker Fuckers
2024,8,13,QB,Sam Darnold,23.6,Anthony Richardson,25.16,1.56,Here's to you
2023,8,8,QB,Baker Mayfield,25.380000000000003,Joshua Dobbs,26.92,1.54,False Shart
2025,10,17,FLEX,Jordan Addison,15.5,Devin Singletary,17.0,1.5,Team Clucker Fuckers
2022,1,8,RB,Darrell Henderson Jr.,5.0,Gus Edwards,6.5,1.5,D. Adams Family
2023,12,7,WR,Elijah Moore,9.9,Jerry Jeudy,11.4,1.5,El Ultimo Hombre
2023,11,8,FLEX,James Cook,8.3,Michael Wilson,9.8,1.5,Seattle  Ricks 
2022,7,14,FLEX,Joe Mixon,12.600000000000001,Dawson Knox,14.100000000000001,1.5,Worst Cook
2023,9,15,RB,Antonio Gibson,8.5,Roschon Johnson,10.0,1.5,Olivas - Alone
2023,10,2,RB,Najee Harris,5.3,Khalil Herbert,6.800000000000001,1.5,Team Clucker Fuckers
2025,10,6,RB,Hassan Haskins,3.3000000000000003,Bhayshul Tuten,4.800000000000001,1.5,Team Clucker Fuckers
2023,10,11,RB,Najee Harris,4.6,Khalil Herbert,6.1,1.5,Team Clucker Fuckers
2024,1,7,FLEX,J.K. Dobbins,9.6,Tutu Atwell,11.100000000000001,1.5,LaPorta Potty
2024,3,10,WR,DeVonta Smith,3.4000000000000004,Jordan Addison,4.9,1.5,Kareemin' My Jeans
2025,2,2,WR,Calvin Ridley,8.7,Cedric Tillman,10.2,1.5,Show Me Dem TDs
2023,3,11,FLEX,Christian Kirk,7.800000000000001,Terry McLaurin,9.3,1.5,Kareemin' My Jeans
2024,2,2,WR,Stefon Diggs,7.7,Ja'Lynn Polk,9.2,1.5,Show Me Dem TDs
2023,1,10,FLEX,Jaxon Smith-Njigba,9.3,Ezekiel Elliott,10.8,1.5,MaChungus
2023,1,14,WR,Dontayvion Wicks,4.0,K.J. Osborn,5.5,1.5,MaChungus
2022,8,8,QB,Josh Allen,21.62,Geno Smith,23.08,1.46,False Shart
2024,8,11,QB,Sam Darnold,28.64,Anthony Richardson,30.08,1.44,Here's to you
2022,4,1,FLEX,Elijah Moore,9.9,Khalil Herbert,11.3,1.4,Greendale Human Beings
2025,5,3,RB,Ashton Jeanty,6.300000000000001,TreVeyon Henderson,7.700000000000001,1.4,One-cut Heroes
2025,10,5,RB,Jaydon Blue,0.7000000000000001,Bhayshul Tuten,2.1,1.4,Team Clucker Fuckers
2023,10,7,FLEX,Zay Flowers,11.5,Diontae Johnson,12.9,1.4,Team Clucker Fuckers
2022,11,2,RB,Austin Ekeler,18.4,Tony Pollard,19.8,1.4,Seattle  Ricks 
2023,5,15,WR,Davante Adams,24.1,Chris Godwin,25.5,1.4,One-cut Heroes
2023,4,10,RB,Chuba Hubbard,5.9,James Conner,7.300000000000001,1.4,Greendale Human Beings
2024,10,7,FLEX,Michael Pittman Jr.,9.3,Tyler Conklin,10.7,1.4,Team Clucker Fuckers
2025,6,17,FLEX,Tee Higgins,9.9,Deebo Samuel,11.3,1.4,Whos Yurdatty
2023,1,3,WR,Rashid Shaheed,6.0,Curtis Samuel,7.4,1.4,MaChungus
2023,10,17,QB,Gardner Minshew,18.26,Derek Carr,19.58,1.32,Team Clucker Fuckers
2022,12,17,RB,Zack Moss,7.4,Brian Robinson Jr.,8.700000000000001,1.3,Shart City Poo Bums
2023,1,17,WR,Jaxon Smith-Njigba,8.2,Jameson Williams,9.5,1.3,MaChungus
2025,3,10,FLEX,Parker Washington,17.9,Juwan Johnson,19.200000000000003,1.3,Shooting Ropes💦
2024,7,13,RB,Breece Hall,6.0,Ameer Abdullah,7.300000000000001,1.3,Cee Dees in the Face
2023,8,4,RB,Travis Etienne Jr.,10.2,Jaylen Warren,11.5,1.3,False Shart
2022,2,4,RB,Ezekiel Elliott,10.100000000000001,Tyler Allgeier,11.4,1.3,Show Me Dem TDs
2024,1,13,RB,Derrick Henry,14.100000000000001,David Montgomery,15.4,1.3,LaPorta Potty
2024,4,2,WR,Christian Watson,0.0,Curtis Samuel,1.3,1.3,Greendale Human Beings
2024,1,8,WR,Tank Dell,13.5,Darius Slayton,14.8,1.3,LaPorta Potty
2024,11,7,FLEX,Tyler Lockett,8.5,Allen Lazard,9.8,1.3,Seattle  Ricks 
2025,1,3,TE,Travis Kelce,6.6,Kyle Pitts Sr.,7.9,1.3,"Two Gibbs, One Kupp"
2022,5,16,FLEX,Gabe Davis,11.5,AJ Dillon,12.8,1.3,One-cut Heroes
2022,4,11,WR,Jarvis Landry,12.3,Darius Slayton,13.6,1.3,Greendale Human Beings
2025,6,3,RB,Jacory Croskey-Merritt,10.1,Kareem Hunt,11.4,1.3,Whos Yurdatty
2022,11,2,TE,Dalton Schultz,1.8,Noah Fant,3.1,1.3,Seattle  Ricks 
2025,10,16,FLEX,Wan'Dale Robinson,5.2,Michael Carter,6.5,1.3,Team Clucker Fuckers
2025,10,8,WR,Emeka Egbuka,6.5,Wan'Dale Robinson,7.800000000000001,1.3,Team Clucker Fuckers
2024,7,15,TE,Tucker Kraft,5.4,Mike Gesicki,6.7,1.3,Cee Dees in the Face
2022,9,1,RB,Christian McCaffrey,15.700000000000001,Michael Carter,17.0,1.3,Slim Pickins
2024,4,10,FLEX,Cooper Kupp,15.0,Jauan Jennings,16.3,1.3,Greendale Human Beings
2022,10,4,WR,DJ Moore,12.1,Darnell Mooney,13.4,1.3,Team Clucker Fuckers
2023,2,11,QB,Jalen Hurts,18.9,Dak Prescott,20.16,1.26,Show Me Dem TDs
2023,5,12,QB,Matthew Stafford,31.36,Jordan Love,32.620000000000005,1.26,One-cut Heroes
2022,1,9,QB,Joe Burrow,21.14,Derek Carr,22.36,1.22,D. Adams Family
2025,9,16,TE,Theo Johnson,0.0,T.J. Hockenson,1.2,1.2,Cartel Del Taco
2025,6,2,WR,Mike Evans,10.600000000000001,Romeo Doubs,11.8,1.2,Whos Yurdatty
2022,9,7,RB,Christian McCaffrey,8.200000000000001,Michael Carter,9.4,1.2,Slim Pickins
2025,6,6,FLEX,Tre Tucker,12.0,Matthew Golden,13.2,1.2,Whos Yurdatty
2022,10,9,TE,Kyle Pitts,4.7,Robert Tonyan,5.9,1.2,Team Clucker Fuckers
2023,1,3,RB,Kyren Williams,8.5,Ezekiel Elliott,9.7,1.2,MaChungus
2025,6,10,FLEX,Oronde Gadsden,4.3,Tre Tucker,5.5,1.2,Whos Yurdatty
2023,5,1,WR,DJ Moore,4.5,Odell Beckham Jr.,5.7,1.2,One-cut Heroes
2023,5,9,WR,DJ Moore,5.4,Romeo Doubs,6.6,1.2,One-cut Heroes
2023,5,10,WR,DJ Moore,10.9,Romeo Doubs,12.1,1.2,One-cut Heroes
2025,11,16,WR,Amon-Ra St. Brown,9.4,Troy Franklin,10.600000000000001,1.2,Seattle  Ricks 
2023,7,6,FLEX,Joshua Palmer,10.0,Rashee Rice,11.2,1.2,Put it Justin??
2025,8,5,WR,Keenan Allen,10.8,Brian Thomas Jr.,12.0,1.2,Run CMC
2024,7,1,TE,Dalton Schultz,4.6,Zach Ertz,5.800000000000001,1.2,Cee Dees in the Face
2022,7,6,WR,Curtis Samuel,2.6,Michael Gallup,3.8,1.2,Worst Cook
2022,11,5,WR,Brandon Aiyuk,8.8,Chase Claypool,10.0,1.2,Seattle  Ricks 
2022,4,10,FLEX,DeVonta Smith,13.9,Nick Chubb,15.100000000000001,1.2,Greendale Human Beings
2025,3,13,WR,Justin Jefferson,2.4,Parker Washington,3.6,1.2,Shooting Ropes💦
2022,6,17,WR,Tyreek Hill,15.7,Jakobi Meyers,16.9,1.2,Whos Yurdatty
2025,3,11,FLEX,Romeo Doubs,9.3,Jordan Mason,10.5,1.2,Shooting Ropes💦
2024,8,15,QB,Sam Darnold,13.24,Anthony Richardson,14.379999999999999,1.14,Here's to you
2022,7,8,RB,Josh Jacobs,7.4,Eno Benjamin,8.5,1.1,Worst Cook
2022,11,10,WR,Tyler Lockett,13.2,Julio Jones,14.3,1.1,Seattle  Ricks 
2022,1,2,RB,James Conner,7.1,Cam Akers,8.200000000000001,1.1,D. Adams Family
2025,6,9,RB,Bam Knight,6.7,Tony Pollard,7.800000000000001,1.1,Whos Yurdatty
2025,4,15,WR,DK Metcalf,14.5,Ricky Pearsall,15.600000000000001,1.1,Flipadelphia Cheesestoinks
2025,9,12,RB,Jaylen Warren,12.8,Breece Hall,13.9,1.1,Cartel Del Taco
2024,8,8,RB,James Conner,14.9,Raheem Mostert,16.0,1.1,Here's to you
2024,5,9,FLEX,Brian Thomas Jr.,6.2,Cam Akers,7.300000000000001,1.1,One-cut Heroes
2022,6,7,FLEX,Rashod Bateman,8.2,Nyheim Hines,9.3,1.1,Whos Yurdatty
2023,2,1,FLEX,Adam Thielen,3.2,Jaxon Smith-Njigba,4.3,1.1,Show Me Dem TDs
2022,6,13,FLEX,Deebo Samuel,12.3,Donovan Peoples-Jones,13.4,1.1,Whos Yurdatty
2025,11,10,RB,Rachaad White,10.4,Brian Robinson Jr.,11.500000000000002,1.1,Seattle  Ricks 
2023,2,11,RB,Latavius Murray,3.5,Tyjae Spears,4.6000000000000005,1.1,Show Me Dem TDs
2022,3,3,FLEX,Adam Thielen,18.1,Christian Kirk,19.2,1.1,Kareemin' My Jeans
2022,9,11,FLEX,Michael Carter,2.7,Nelson Agholor,3.8,1.1,Slim Pickins
2022,7,3,RB,Dalvin Cook,13.600000000000001,Josh Jacobs,14.700000000000001,1.1,Worst Cook
2025,12,2,FLEX,Ladd McConkey,9.8,Dylan Sampson,10.9,1.1,Blunder Bust 2000
2025,6,13,RB,Kareem Hunt,9.0,Chris Rodriguez Jr.,10.100000000000001,1.1,Whos Yurdatty
2025,12,16,WR,Michael Wilson,13.2,Ladd McConkey,14.3,1.1,Blunder Bust 2000
2023,3,14,WR,Stefon Diggs,6.4,Jakobi Meyers,7.5,1.1,Kareemin' My Jeans
2024,12,8,TE,Evan Engram,13.6,Zach Ertz,14.7,1.1,El Ultimo Hombre
2022,5,13,FLEX,CeeDee Lamb,20.400000000000002,Samaje Perine,21.5,1.1,One-cut Heroes
2023,4,13,FLEX,Isiah Pacheco,21.3,Chuba Hubbard,22.4,1.1,Greendale Human Beings
2024,10,11,TE,Travis Kelce,2.8,Chig Okonkwo,3.9000000000000004,1.1,Team Clucker Fuckers
2022,6,13,TE,George Kittle,4.2,Dalton Schultz,5.300000000000001,1.1,Whos Yurdatty
2023,6,7,RB,Raheem Mostert,6.1,Zack Moss,7.2,1.1,Whos Yurdatty
2023,3,16,QB,Justin Fields,26.5,Russell Wilson,27.52,1.02,Kareemin' My Jeans
2023,11,3,FLEX,Deebo Samuel,25.1,Mike Williams,26.1,1.0,Seattle  Ricks 
2024,5,13,FLEX,Brian Thomas Jr.,18.7,Jayden Reed,19.700000000000003,1.0,One-cut Heroes
2024,4,6,RB,Jerome Ford,1.4000000000000001,Tank Bigsby,2.4000000000000004,1.0,Greendale Human Beings
2022,8,14,K,Harrison Butker,11.0,Daniel Carlson,12.0,1.0,False Shart
2022,10,3,K,Justin Tucker,8.0,Matt Gay,9.0,1.0,Team Clucker Fuckers
2023,8,3,WR,CeeDee Lamb,10.200000000000001,Jordan Addison,11.2,1.0,False Shart
2025,9,16,D/ST,Browns D/ST,4.0,Steelers D/ST,5.0,1.0,Cartel Del Taco
2023,9,12,K,Cameron Dicker,4.0,Evan McPherson,5.0,1.0,Olivas - Alone
2024,7,13,D/ST,Rams D/ST,1.0,Bears D/ST,2.0,1.0,Cee Dees in the Face
2023,9,11,K,Cameron Dicker,8.0,Evan McPherson,9.0,1.0,Olivas - Alone
2022,12,13,RB,Brian Robinson Jr.,13.100000000000001,Leonard Fournette,14.100000000000001,1.0,Shart City Poo Bums
2025,4,16,D/ST,Dolphins D/ST,-3.0,Packers D/ST,-2.0,1.0,Flipadelphia Cheesestoinks
2022,11,15,TE,Noah Fant,14.2,Taysom Hill,15.2,1.0,Seattle  Ricks 
2022,2,3,D/ST,Dolphins D/ST,5.0,Colts D/ST,6.0,1.0,Show Me Dem TDs
2022,2,1,FLEX,Kadarius Toney,2.3000000000000003,Russell Gage,3.3,1.0,Show Me Dem TDs
2025,9,13,D/ST,Browns D/ST,3.0,Steelers D/ST,4.0,1.0,Cartel Del Taco
2023,1,17,D/ST,Ravens D/ST,9.0,Jets D/ST,10.0,1.0,MaChungus
2023,1,4,FLEX,Jerome Ford,9.5,Christian Watson,10.5,1.0,MaChungus
2024,11,11,D/ST,Lions D/ST,11.0,Broncos D/ST,12.0,1.0,Seattle  Ricks 
2024,2,13,D/ST,Texans D/ST,2.0,Vikings D/ST,3.0,1.0,Show Me Dem TDs
2024,1,10,FLEX,D'Andre Swift,7.5,J.K. Dobbins,8.5,1.0,LaPorta Potty
2023,9,3,QB,Josh Allen,23.32,Brock Purdy,24.3,0.98,Olivas - Alone
2024,6,8,QB,Tua Tagovailoa,16.66,Dak Prescott,17.62,0.96,Whos Yurdatty
2025,5,17,QB,Jacoby Brissett,20.48,Baker Mayfield,21.439999999999998,0.96,One-cut Heroes
2023,4,8,RB,Isiah Pacheco,6.7,Craig Reynolds,7.6000000000000005,0.9,Greendale Human Beings
2025,12,2,RB,Kyren Williams,10.000000000000002,Dylan Sampson,10.9,0.9,Blunder Bust 2000
2024,3,10,RB,Austin Ekeler,18.099999999999998,Rachaad White,19.0,0.9,Kareemin' My Jeans
2025,8,2,FLEX,Travis Etienne Jr.,16.900000000000002,George Pickens,17.8,0.9,Run CMC
2023,10,15,RB,Najee Harris,1.3000000000000003,Khalil Herbert,2.2,0.9,Team Clucker Fuckers
2022,7,17,RB,Josh Jacobs,19.5,Cordarrelle Patterson,20.4,0.9,Worst Cook
2024,5,12,FLEX,Cam Akers,3.5000000000000004,Jaleel McLaughlin,4.4,0.9,One-cut Heroes
2023,9,15,FLEX,Gerald Everett,9.100000000000001,Roschon Johnson,10.0,0.9,Olivas - Alone
2025,3,4,RB,Jordan Mason,10.2,Tyler Allgeier,11.100000000000001,0.9,Shooting Ropes💦
2023,6,6,WR,Gabe Davis,3.1,Tutu Atwell,4.0,0.9,Whos Yurdatty
2023,6,12,RB,Austin Ekeler,9.4,Jeff Wilson Jr.,10.3,0.9,Whos Yurdatty
2023,7,15,TE,Dallas Goedert,7.1,Darren Waller,8.0,0.9,Put it Justin??
2023,3,10,WR,Stefon Diggs,6.4,Terry McLaurin,7.300000000000001,0.9,Kareemin' My Jeans
2025,7,17,RB,Saquon Barkley,6.800000000000001,Kyle Monangai,7.700000000000001,0.9,Allen to this!
2024,6,4,RB,Aaron Jones,17.900000000000002,Tony Pollard,18.8,0.9,Whos Yurdatty
2022,7,2,FLEX,Curtis Samuel,22.9,Rashod Bateman,23.8,0.9,Worst Cook
2023,2,9,FLEX,AJ Dillon,5.3,Tyjae Spears,6.2,0.9,Show Me Dem TDs
2025,8,1,QB,Dak Prescott,7.82,C.J. Stroud,8.72,0.9,Run CMC
2023,2,10,FLEX,AJ Dillon,9.1,Tyjae Spears,10.0,0.9,Show Me Dem TDs
2022,1,7,WR,Davante Adams,17.5,Terry McLaurin,18.3,0.8,D. Adams Family
2025,9,12,RB,Kenneth Walker III,13.100000000000001,Breece Hall,13.9,0.8,Cartel Del Taco
2023,1,6,RB,Jerome Ford,11.1,Ezekiel Elliott,11.9,0.8,MaChungus
2022,10,3,FLEX,Drake London,14.4,Breece Hall,15.200000000000001,0.8,Team Clucker Fuckers
2025,6,16,RB,Blake Corum,13.100000000000001,Chris Rodriguez Jr.,13.9,0.8,Whos Yurdatty
2023,10,1,RB,Rhamondre Stevenson,14.9,Breece Hall,15.700000000000001,0.8,Team Clucker Fuckers
2025,2,16,FLEX,Josh Jacobs,4.800000000000001,Evan Engram,5.6,0.8,Show Me Dem TDs
2024,7,4,TE,Cole Kmet,6.4,Zach Ertz,7.2,0.8,Cee Dees in the Face
2025,4,9,RB,David Montgomery,11.0,Aaron Jones Sr.,11.8,0.8,Flipadelphia Cheesestoinks
2025,2,15,RB,Tyler Allgeier,1.8,Chris Brooks,2.6,0.8,Show Me Dem TDs
2024,3,16,WR,Jordan Addison,14.5,Zay Flowers,15.3,0.8,Kareemin' My Jeans
2022,3,12,RB,Travis Etienne Jr.,0.30000000000000004,Alexander Mattison,1.1,0.8,Kareemin' My Jeans
2023,4,3,FLEX,Mike Evans,17.0,Jerick McKinnon,17.8,0.8,Greendale Human Beings
2023,5,6,RB,Bijan Robinson,13.0,Saquon Barkley,13.8,0.8,One-cut Heroes
2022,6,4,RB,Antonio Gibson,9.3,Raheem Mostert,10.100000000000001,0.8,Whos Yurdatty
2022,4,14,FLEX,Marvin Jones Jr.,3.2,Will Dissly,4.0,0.8,Greendale Human Beings
2024,9,4,WR,Marvin Harrison Jr.,15.5,George Pickens,16.3,0.8,Cartel Del Taco
2024,5,2,WR,Deebo Samuel Sr.,18.0,Darnell Mooney,18.8,0.8,One-cut Heroes
2025,11,4,RB,Derrick Henry,7.800000000000001,Rachaad White,8.600000000000001,0.8,Seattle  Ricks 
2022,12,13,RB,Jonathan Taylor,13.3,Leonard Fournette,14.100000000000001,0.8,Shart City Poo Bums
2022,10,8,FLEX,Kareem Hunt,11.2,Darnell Mooney,12.0,0.8,Team Clucker Fuckers
2025,5,4,FLEX,Hunter Henry,11.9,TreVeyon Henderson,12.6,0.7,One-cut Heroes
2022,3,2,FLEX,Amari Cooper,25.1,Christian Kirk,25.8,0.7,Kareemin' My Jeans
2025,8,2,WR,Keenan Allen,17.1,George Pickens,17.8,0.7,Run CMC
2022,12,6,FLEX,Brian Robinson Jr.,12.0,Dawson Knox,12.7,0.7,Shart City Poo Bums
2022,11,1,FLEX,Rashaad Penny,8.7,Chase Claypool,9.4,0.7,Seattle  Ricks 
2025,7,11,RB,Saquon Barkley,10.0,Kyle Monangai,10.700000000000001,0.7,Allen to this!
2024,4,12,WR,Jauan Jennings,9.0,Wan'Dale Robinson,9.7,0.7,Greendale Human Beings
2024,7,11,WR,Terry McLaurin,2.0,Romeo Doubs,2.7,0.7,Cee Dees in the Face
2022,4,1,RB,Najee Harris,10.600000000000001,Khalil Herbert,11.3,0.7,Greendale Human Beings
2024,7,6,FLEX,Terry McLaurin,23.3,Cole Kmet,24.0,0.7,Cee Dees in the Face
2023,12,12,RB,Alexander Mattison,8.3,Zack Moss,9.0,0.7,El Ultimo Hombre
2025,10,16,WR,Emeka Egbuka,5.0,Drake London,5.7,0.7,Team Clucker Fuckers
2023,4,4,WR,DeAndre Hopkins,10.3,Michael Gallup,11.0,0.7,Greendale Human Beings
2022,5,11,RB,Clyde Edwards-Helaire,0.9,Caleb Huntley,1.5999999999999999,0.7,One-cut Heroes
2024,11,5,QB,Brock Purdy,15.060000000000002,Aaron Rodgers,15.759999999999998,0.7,Seattle  Ricks 
2023,2,8,QB,Jalen Hurts,35.36,Dak Prescott,36.06,0.7,Show Me Dem TDs
2024,10,1,WR,Michael Pittman Jr.,7.1,Courtland Sutton,7.800000000000001,0.7,Team Clucker Fuckers
2025,1,6,RB,Jacory Croskey-Merritt,5.800000000000001,RJ Harvey,6.5,0.7,"Two Gibbs, One Kupp"
2022,1,7,FLEX,Chris Olave,17.6,Terry McLaurin,18.3,0.7,D. Adams Family
2024,1,8,WR,Malik Nabers,14.100000000000001,Darius Slayton,14.8,0.7,LaPorta Potty
2023,3,12,WR,Stefon Diggs,19.4,Jakobi Meyers,20.1,0.7,Kareemin' My Jeans
2023,5,6,FLEX,Josh Downs,13.1,Saquon Barkley,13.8,0.7,One-cut Heroes
2022,10,8,WR,Brandin Cooks,11.3,Darnell Mooney,12.0,0.7,Team Clucker Fuckers
2023,5,17,FLEX,Saquon Barkley,8.8,Tyler Conklin,9.5,0.7,One-cut Heroes
2022,7,12,WR,Marquise Brown,10.600000000000001,Michael Gallup,11.3,0.7,Worst Cook
2022,9,1,WR,DK Metcalf,8.6,Garrett Wilson,9.2,0.6,Slim Pickins
2022,9,3,FLEX,Devin Singletary,24.1,Jamaal Williams,24.700000000000003,0.6,Slim Pickins
2024,2,3,FLEX,Jerry Jeudy,8.7,Ray Davis,9.299999999999999,0.6,Show Me Dem TDs
2023,5,5,FLEX,Damien Harris,1.3,Roschon Johnson,1.9000000000000001,0.6,One-cut Heroes
2022,5,13,RB,AJ Dillon,20.900000000000002,Samaje Perine,21.5,0.6,One-cut Heroes
2023,7,15,WR,Brandon Aiyuk,6.7,Tyler Boyd,7.300000000000001,0.6,Put it Justin??
2022,9,11,WR,Garrett Wilson,3.2,Nelson Agholor,3.8,0.6,Slim Pickins
2023,11,1,RB,Josh Jacobs,9.100000000000001,Javonte Williams,9.7,0.6,Seattle  Ricks 
2023,9,14,RB,Brian Robinson Jr.,0.0,Roschon Johnson,0.6000000000000001,0.6,Olivas - Alone
2025,4,10,FLEX,Rico Dowdle,15.3,Aaron Jones Sr.,15.899999999999999,0.6,Flipadelphia Cheesestoinks
2022,12,12,FLEX,Rachaad White,19.9,Brian Robinson Jr.,20.5,0.6,Shart City Poo Bums
2022,12,8,WR,Diontae Johnson,8.5,Parris Campbell,9.100000000000001,0.6,Shart City Poo Bums
2022,11,15,FLEX,Tony Pollard,14.6,Taysom Hill,15.2,0.6,Seattle  Ricks 
2022,12,5,FLEX,Romeo Doubs,5.9,Hunter Renfrow,6.5,0.6,Shart City Poo Bums
2023,7,4,TE,Dallas Goedert,4.5,Darren Waller,5.1,0.6,Put it Justin??
2023,3,2,RB,Tyler Allgeier,4.800000000000001,Samaje Perine,5.4,0.6,Kareemin' My Jeans
2022,2,10,WR,Cooper Kupp,2.9,Wan'Dale Robinson,3.5,0.6,Show Me Dem TDs
2024,10,6,TE,Tyler Conklin,3.0,Chig Okonkwo,3.6,0.6,Team Clucker Fuckers
2024,9,17,FLEX,Marvin Harrison Jr.,15.600000000000001,Jaylen Warren,16.200000000000003,0.6,Cartel Del Taco
2022,5,11,RB,James Robinson,1.0,Caleb Huntley,1.5999999999999999,0.6,One-cut Heroes
2022,5,11,WR,Gabe Davis,11.8,Keenan Allen,12.4,0.6,One-cut Heroes
2024,11,17,WR,DK Metcalf,7.2,Xavier Legette,7.800000000000001,0.6,Seattle  Ricks 
2023,5,5,QB,Anthony Richardson,4.42,Jordan Love,4.98,0.56,One-cut Heroes
2025,10,6,QB,Daniel Jones,26.48,Sam Darnold,27.0,0.52,Team Clucker Fuckers
2022,8,16,WR,Stefon Diggs,4.6,Tyler Boyd,5.1,0.5,False Shart
2022,1,10,RB,Darrell Henderson Jr.,10.2,Jaylen Warren,10.7,0.5,D. Adams Family
2024,3,1,QB,Gardner Minshew,12.78,Trevor Lawrence,13.280000000000001,0.5,Kareemin' My Jeans
2023,5,5,FLEX,Romeo Doubs,1.4,Roschon Johnson,1.9000000000000001,0.5,One-cut Heroes
2024,2,1,FLEX,DeMario Douglas,3.2,Ray Davis,3.7,0.5,Show Me Dem TDs
2022,8,10,FLEX,George Pickens,14.5,Marquez Valdes-Scantling,15.0,0.5,False Shart
2022,8,17,RB,Alvin Kamara,9.0,Chuba Hubbard,9.5,0.5,False Shart
2023,6,6,RB,Alvin Kamara,17.400000000000002,Zack Moss,17.9,0.5,Whos Yurdatty
2025,9,14,RB,Kenneth Walker III,3.8000000000000003,Breece Hall,4.3,0.5,Cartel Del Taco
2024,10,5,RB,Kareem Hunt,18.700000000000003,Rhamondre Stevenson,19.2,0.5,Team Clucker Fuckers
2024,10,6,WR,Chris Olave,-0.5,Xavier Worthy,0.0,0.5,Team Clucker Fuckers
2024,5,17,FLEX,Deebo Samuel Sr.,9.1,Jaleel McLaughlin,9.6,0.5,One-cut Heroes
2023,11,7,RB,Josh Jacobs,5.1,Jaleel McLaughlin,5.6,0.5,Seattle  Ricks 
2025,4,9,FLEX,Khalil Shakir,11.3,Aaron Jones Sr.,11.8,0.5,Flipadelphia Cheesestoinks
2023,9,15,RB,D'Andre Swift,9.5,Roschon Johnson,10.0,0.5,Olivas - Alone
2024,7,13,WR,Ja'Marr Chase,20.6,Nick Westbrook-Ikhine,21.1,0.5,Cee Dees in the Face
2022,8,3,RB,Alvin Kamara,7.300000000000001,Mark Ingram II,7.8,0.5,False Shart
2022,5,14,WR,CeeDee Lamb,8.3,Kendall Hinton,8.8,0.5,One-cut Heroes
2023,7,5,WR,Justin Jefferson,5.800000000000001,Kendrick Bourne,6.3,0.5,Put it Justin??
2025,1,13,FLEX,Chris Olave,14.7,Kyle Pitts Sr.,15.200000000000001,0.5,"Two Gibbs, One Kupp"
2023,3,12,TE,Kyle Pitts,4.2,Michael Mayer,4.7,0.5,Kareemin' My Jeans
2024,3,13,FLEX,Nick Chubb,12.5,DeAndre Hopkins,13.0,0.5,Kareemin' My Jeans
2024,2,7,RB,Chuba Hubbard,11.2,Ray Davis,11.700000000000001,0.5,Show Me Dem TDs
2025,11,6,FLEX,Kenneth Gainwell,9.6,Cade Otton,10.100000000000001,0.5,Seattle  Ricks 
2023,1,3,RB,Jahmyr Gibbs,9.2,Ezekiel Elliott,9.7,0.5,MaChungus
2023,2,15,FLEX,Chigoziem Okonkwo,6.6,Latavius Murray,7.1,0.5,Show Me Dem TDs
2025,4,6,FLEX,Stefon Diggs,5.800000000000001,Khalil Shakir,6.300000000000001,0.5,Flipadelphia Cheesestoinks
2025,7,4,TE,Mark Andrews,10.0,Brenton Strange,10.5,0.5,Allen to this!
2024,12,1,QB,Kirk Cousins,8.2,Will Levis,8.68,0.48,El Ultimo Hombre
2024,6,5,QB,Justin Fields,19.94,Dak Prescott,20.380000000000003,0.44,Whos Yurdatty
2023,6,11,RB,Austin Ekeler,7.0,D'Onta Foreman,7.4,0.4,Whos Yurdatty
2022,9,12,WR,Chris Godwin,29.0,Garrett Wilson,29.4,0.4,Slim Pickins
2023,6,8,FLEX,Austin Ekeler,23.3,Gabe Davis,23.700000000000003,0.4,Whos Yurdatty
2025,8,5,TE,Dallas Goedert,10.9,Harold Fannin Jr.,11.3,0.4,Run CMC
2024,11,9,WR,Keon Coleman,5.1,Rashod Bateman,5.5,0.4,Seattle  Ricks 
2024,8,2,TE,Isaiah Likely,4.6,Kyle Pitts,5.0,0.4,Here's to you
2025,9,15,TE,Theo Johnson,10.2,T.J. Hockenson,10.600000000000001,0.4,Cartel Del Taco
2023,11,10,WR,Michael Pittman Jr.,16.4,DK Metcalf,16.8,0.4,Seattle  Ricks 
2023,11,11,RB,Josh Jacobs,6.1000000000000005,Jaleel McLaughlin,6.5,0.4,Seattle  Ricks 
2025,7,11,RB,Javonte Williams,10.3,Kyle Monangai,10.700000000000001,0.4,Allen to this!
2025,6,5,RB,Michael Carter,18.3,Kareem Hunt,18.7,0.4,Whos Yurdatty
2023,12,14,RB,Zack Moss,9.600000000000001,Kareem Hunt,10.0,0.4,El Ultimo Hombre
2024,4,10,WR,A.J. Brown,15.9,Jauan Jennings,16.3,0.4,Greendale Human Beings
2024,3,15,QB,Jameis Winston,-0.3600000000000003,Trevor Lawrence,0.0,0.36,Kareemin' My Jeans
2022,11,13,FLEX,Joshua Palmer,13.0,Taysom Hill,13.34,0.34,Seattle  Ricks 
2022,4,12,FLEX,Najee Harris,10.9,Marvin Jones Jr.,11.2,0.3,Greendale Human Beings
2022,1,4,WR,Terry McLaurin,3.5,Treylon Burks,3.8,0.3,D. Adams Family
2022,7,2,RB,Joe Mixon,11.299999999999999,Miles Sanders,11.6,0.3,Worst Cook
2025,3,9,WR,Justin Jefferson,16.7,Parker Washington,17.0,0.3,Shooting Ropes💦
2022,5,1,RB,Javonte Williams,19.8,AJ Dillon,20.1,0.3,One-cut Heroes
2022,4,10,RB,Antonio Gibson,14.8,Nick Chubb,15.100000000000001,0.3,Greendale Human Beings
2023,12,2,WR,Calvin Ridley,5.2,Jerry Jeudy,5.5,0.3,El Ultimo Hombre
2024,8,11,WR,Puka Nacua,25.3,Jameson Williams,25.6,0.3,Here's to you
2023,4,11,WR,Amari Cooper,7.4,George Pickens,7.7,0.3,Greendale Human Beings
2023,7,2,QB,Trevor Lawrence,9.24,Jimmy Garoppolo,9.5,0.26,Put it Justin??
2023,2,14,FLEX,Chigoziem Okonkwo,9.600000000000001,AJ Dillon,9.8,0.2,Show Me Dem TDs
2025,3,14,RB,Jordan Mason,11.2,Kimani Vidal,11.4,0.2,Shooting Ropes💦
2025,3,5,RB,Zavier Scott,-0.19999999999999996,Bijan Robinson,0.0,0.2,Shooting Ropes💦
2022,8,3,RB,D'Andre Swift,7.6,Mark Ingram II,7.8,0.2,False Shart
2025,5,4,WR,Tee Higgins,6.2,Jauan Jennings,6.4,0.2,One-cut Heroes
2024,6,10,FLEX,Tony Pollard,10.3,Dallas Goedert,10.5,0.2,Whos Yurdatty
2023,8,1,TE,Tyler Higbee,7.9,Zach Ertz,8.1,0.2,False Shart
2024,8,3,RB,Bijan Robinson,13.2,Alexander Mattison,13.399999999999999,0.2,Here's to you
2023,4,9,FLEX,DeAndre Hopkins,10.5,Chuba Hubbard,10.700000000000001,0.2,Greendale Human Beings
2023,4,11,RB,James Conner,8.299999999999999,Chuba Hubbard,8.5,0.2,Greendale Human Beings
2024,11,13,FLEX,Jaxon Smith-Njigba,11.9,Zach Charbonnet,12.100000000000001,0.2,Seattle  Ricks 
2022,3,2,RB,Derrick Henry,8.5,Dameon Pierce,8.700000000000001,0.2,Kareemin' My Jeans
2025,6,13,RB,Devin Neal,9.9,Chris Rodriguez Jr.,10.100000000000001,0.2,Whos Yurdatty
2022,6,9,RB,Rhamondre Stevenson,16.0,Jeff Wilson Jr.,16.200000000000003,0.2,Whos Yurdatty
2022,9,5,WR,Mike Evans,12.1,Chris Godwin,12.3,0.2,Slim Pickins
2025,5,5,WR,Tee Higgins,11.2,Josh Downs,11.4,0.2,One-cut Heroes
2024,9,2,FLEX,DJ Moore,11.3,Javonte Williams,11.5,0.2,Cartel Del Taco
2025,1,1,TE,Travis Kelce,12.7,Kyle Pitts Sr.,12.9,0.2,"Two Gibbs, One Kupp"
2024,5,3,RB,Josh Jacobs,5.8,Tyrone Tracy Jr.,6.000000000000001,0.2,One-cut Heroes
2024,5,16,WR,Nico Collins,13.0,Darnell Mooney,13.200000000000001,0.2,One-cut Heroes
2024,1,2,RB,Joe Mixon,8.0,D'Andre Swift,8.2,0.2,LaPorta Potty
2024,1,13,QB,C.J. Stroud,16.38,Derek Carr,16.560000000000002,0.18,LaPorta Potty
2025,4,1,WR,DK Metcalf,12.3,Khalil Shakir,12.4,0.1,Flipadelphia Cheesestoinks
2024,10,17,RB,Alvin Kamara,0.0,Rhamondre Stevenson,0.1,0.1,Team Clucker Fuckers
2025,8,3,RB,Christian McCaffrey,24.0,Cam Skattebo,24.1,0.1,Run CMC
2024,3,3,RB,Rachaad White,8.5,Rico Dowdle,8.600000000000001,0.1,Kareemin' My Jeans
2022,5,14,TE,T.J. Hockenson,11.7,Austin Hooper,11.8,0.1,One-cut Heroes
2023,3,6,WR,Garrett Wilson,17.0,Jakobi Meyers,17.1,0.1,Kareemin' My Jeans
2023,1,6,WR,Curtis Samuel,14.2,Jameson Williams,14.3,0.1,MaChungus
2022,5,6,FLEX,Darius Slayton,2.8,Isaiah McKenzie,2.9,0.1,One-cut Heroes
2025,11,10,RB,Derrick Henry,11.4,Brian Robinson Jr.,11.500000000000002,0.1,Seattle  Ricks 
2023,1,5,RB,Kyren Williams,7.700000000000001,Ezekiel Elliott,7.8,0.1,MaChungus
2023,8,4,TE,Zach Ertz,11.3,Tyler Higbee,11.4,0.1,False Shart
2023,3,16,WR,Stefon Diggs,7.9,Terry McLaurin,8.0,0.1,Kareemin' My Jeans
2023,3,3,FLEX,Christian Kirk,15.4,Jakobi Meyers,15.5,0.1,Kareemin' My Jeans
2023,5,10,RB,Saquon Barkley,7.1000000000000005,Roschon Johnson,7.2,0.1,One-cut Heroes
2023,5,8,FLEX,Chris Godwin,17.8,Rachaad White,17.9,0.1,One-cut Heroes
2024,11,15,TE,Jake Ferguson,4.300000000000001,Cade Otton,4.4,0.1,Seattle  Ricks 
2024,12,14,FLEX,Mike Evans,10.9,Travis Etienne Jr.,11.0,0.1,El Ultimo Hombre
2023,5,6,FLEX,Chris Godwin,13.7,Saquon Barkley,13.8,0.1,One-cut Heroes
2024,1,11,FLEX,J.K. Dobbins,18.900000000000002,Christian Watson,19.0,0.1,LaPorta Potty
2023,12,6,WR,Calvin Ridley,6.6,Elijah Moore,6.7,0.1,El Ultimo Hombre
2024,11,1,TE,Jake Ferguson,4.5,Taysom Hill,4.6,0.1,Seattle  Ricks 
2023,7,6,TE,Dallas Goedert,9.2,Darren Waller,9.3,0.1,Put it Justin??
2024,4,2,FLEX,Jerome Ford,7.4,Tyler Allgeier,7.500000000000001,0.1,Greendale Human Beings
2022,2,13,FLEX,Evan Engram,14.0,Jerick McKinnon,14.000000000000002,0.0,Show Me Dem TDs
2025,7,14,RB,Javonte Williams,14.7,Omarion Hampton,14.700000000000001,0.0,Allen to this!
2023,5,9,TE,David Njoku,12.6,Tyler Conklin,12.600000000000001,0.0,One-cut Heroes
