season,week,team_id,player_id,player_name,position,lineup_slot_id,lineup_slot,is_starter,points
2022,1,10,3139477,Patrick Mahomes,QB,0,QB,True,44.9
2022,1,10,4427366,Breece Hall,RB,2,RB,True,10.100000000000001
2022,1,10,2330,Tom Brady,QB,20,BE,False,12.38
2022,1,10,3915416,DJ Moore,WR,4,WR,True,8.0
2022,1,10,3045138,Mike Williams,WR,4,WR,True,3.0
2022,1,10,4360248,Kyle Pitts,TE,6,TE,True,3.9000000000000004
2022,1,10,16731,Brandin Cooks,WR,23,FLEX,True,15.200000000000001
2022,1,10,4035538,David Montgomery,RB,2,RB,True,8.0
2022,1,10,4567048,Kenneth Walker III,RB,20,BE,False,0.0
2022,1,10,4426502,Drake London,WR,20,BE,False,12.4
2022,1,10,4040655,Darnell Mooney,WR,23,FLEX,True,1.8
2022,1,10,3059915,Kareem Hunt,RB,20,BE,False,23.0
2022,1,10,15683,Justin Tucker,K,17,K,True,6.0
2022,1,10,-16006,Cowboys D/ST,D/ST,16,D/ST,True,4.0
2022,1,10,4379399,James Cook,RB,20,BE,False,-1.8
2022,1,10,4249087,Matt Gay,K,20,BE,False,6.0
2022,1,2,3042519,Aaron Jones,RB,2,RB,True,10.600000000000001
2022,1,2,2977187,Cooper Kupp,WR,4,WR,True,31.8
2022,1,2,3120348,JuJu Smith-Schuster,WR,4,WR,True,11.9
2022,1,2,3051392,Ezekiel Elliott,RB,2,RB,True,5.9
2022,1,2,3917315,Kyler Murray,QB,0,QB,True,24.62
2022,1,2,3915296,Michael Walker,WR,20,BE,False,0.0
2022,1,2,4240600,Kadarius Toney,WR,23,FLEX,True,2.3000000000000003
2022,1,2,4258595,Cole Kmet,TE,20,BE,False,0.0
2022,1,2,-16011,Colts D/ST,D/ST,16,D/ST,True,7.0
2022,1,2,16339,Brandon McManus,K,17,K,True,10.0
2022,1,2,3916433,Jakobi Meyers,WR,23,FLEX,True,10.2
2022,1,2,3115378,Russell Gage,WR,20,BE,False,3.3
2022,1,2,-16015,Dolphins D/ST,D/ST,20,BE,False,19.0
2022,1,2,12460,Graham Gano,K,20,BE,False,1.0
2022,1,2,4373626,Tyler Allgeier,RB,20,BE,False,0.0
2022,1,2,3051876,Evan Engram,TE,6,TE,True,6.800000000000001
2022,1,8,3054850,Alvin Kamara,RB,2,RB,True,7.6000000000000005
2022,1,8,4259545,D'Andre Swift,RB,2,RB,True,26.5
2022,1,8,2976212,Stefon Diggs,WR,4,WR,True,29.200000000000003
2022,1,8,3918298,Josh Allen,QB,0,QB,True,40.480000000000004
2022,1,8,4035687,Michael Pittman Jr.,WR,4,WR,True,27.1
2022,1,8,3121023,Dallas Goedert,TE,6,TE,True,9.0
2022,1,8,15807,Cordarrelle Patterson,RB,23,FLEX,True,22.6
2022,1,8,-16025,49ers D/ST,D/ST,16,D/ST,True,6.0
2022,1,8,4383351,Trey Lance,QB,20,BE,False,9.96
2022,1,8,16790,Jarvis Landry,WR,20,BE,False,18.4
2022,1,8,13981,Mark Ingram II,RB,20,BE,False,1.3000000000000003
2022,1,8,3975763,Greg Joseph,K,17,K,True,13.0
2022,1,8,2572861,J.D. McKissic,RB,23,FLEX,True,7.8
2022,1,8,4426354,George Pickens,WR,20,BE,False,1.3
2022,1,8,15971,Rex Burkhead,RB,20,BE,False,12.0
2022,1,8,4372485,Rondale Moore,WR,20,BE,False,0.0
2022,1,3,3043078,Derrick Henry,RB,2,RB,True,8.200000000000001
2022,1,3,4362628,Ja'Marr Chase,WR,4,WR,True,28.9
2022,1,3,4047646,A.J. Brown,WR,4,WR,True,25.5
2022,1,3,4239996,Travis Etienne Jr.,RB,2,RB,True,8.5
2022,1,3,4040715,Jalen Hurts,QB,0,QB,True,24.72
2022,1,3,4361411,Pat Freiermuth,TE,6,TE,True,12.5
2022,1,3,16460,Adam Thielen,WR,23,FLEX,True,6.6
2022,1,3,4360238,Dameon Pierce,RB,23,FLEX,True,4.9
2022,1,3,4241555,Elijah Mitchell,RB,20,BE,False,4.1000000000000005
2022,1,3,16799,Allen Robinson II,WR,20,BE,False,2.2
2022,1,3,2976499,Amari Cooper,WR,20,BE,False,4.7
2022,1,3,3895856,Christian Kirk,WR,20,BE,False,17.700000000000003
2022,1,3,3925347,Damien Harris,RB,20,BE,False,7.800000000000001
2022,1,3,15835,Zach Ertz,TE,20,BE,False,11.4
2022,1,3,4360234,Evan McPherson,K,17,K,True,6.0
2022,1,3,-16018,Saints D/ST,D/ST,16,D/ST,True,4.0
2022,1,7,3116593,Dalvin Cook,RB,2,RB,True,13.8
2022,1,7,3116385,Joe Mixon,RB,2,RB,True,21.5
2022,1,7,3116365,Mark Andrews,TE,6,TE,True,10.2
2022,1,7,4045163,Miles Sanders,RB,20,BE,False,18.5
2022,1,7,2976316,Michael Thomas,WR,4,WR,True,22.7
2022,1,7,2576925,Darren Waller,TE,23,FLEX,True,11.9
2022,1,7,4047365,Josh Jacobs,RB,20,BE,False,8.3
2022,1,7,4241372,Marquise Brown,WR,4,WR,True,14.3
2022,1,7,8439,Aaron Rodgers,QB,0,QB,True,3.6999999999999993
2022,1,7,14881,Russell Wilson,QB,20,BE,False,22.799999999999997
2022,1,7,4360939,Rashod Bateman,WR,23,FLEX,True,16.9
2022,1,7,-16033,Ravens D/ST,D/ST,16,D/ST,True,10.0
2022,1,7,4036348,Michael Gallup,WR,20,BE,False,0.0
2022,1,7,3917232,Tyler Bass,K,17,K,True,8.0
2022,1,7,4048244,Alexander Mattison,RB,20,BE,False,3.6
2022,1,7,2974858,Kenny Golladay,WR,20,BE,False,4.2
2022,1,12,4242335,Jonathan Taylor,RB,2,RB,True,27.5
2022,1,12,4262921,Justin Jefferson,WR,4,WR,True,39.400000000000006
2022,1,12,3115364,Leonard Fournette,RB,2,RB,True,15.700000000000001
2022,1,12,4241463,Jerry Jeudy,WR,4,WR,True,23.200000000000003
2022,1,12,3045144,Tyler Boyd,WR,23,FLEX,True,13.3
2022,1,12,3046439,Hunter Henry,TE,6,TE,True,4.0
2022,1,12,4052042,James Robinson,RB,20,BE,False,19.900000000000002
2022,1,12,13982,Julio Jones,WR,20,BE,False,11.600000000000001
2022,1,12,11237,Matt Ryan,QB,0,QB,True,17.28
2022,1,12,4241474,Brian Robinson Jr.,RB,21,IR,False,0.0
2022,1,12,-16010,Titans D/ST,D/ST,16,D/ST,True,9.0
2022,1,12,3043275,Austin Hooper,TE,20,BE,False,1.6
2022,1,12,4361409,Jahan Dotson,WR,20,BE,False,18.0
2022,1,12,2576414,Raheem Mostert,RB,20,BE,False,4.2
2022,1,12,4361432,Romeo Doubs,WR,23,FLEX,True,8.8
2022,1,12,15965,Dustin Hopkins,K,17,K,True,6.0
2022,1,12,2573079,Carson Wentz,QB,20,BE,False,36.72
2022,1,6,3116406,Tyreek Hill,WR,4,WR,True,18.0
2022,1,6,3916387,Lamar Jackson,QB,0,QB,True,29.22
2022,1,6,3126486,Deebo Samuel,WR,4,WR,True,12.6
2022,1,6,4569173,Rhamondre Stevenson,RB,2,RB,True,4.7
2022,1,6,3040151,George Kittle,TE,20,BE,False,0.0
2022,1,6,3135321,Hunter Renfrow,WR,23,FLEX,True,5.1
2022,1,6,4374302,Amon-Ra St. Brown,WR,20,BE,False,20.4
2022,1,6,3932905,Diontae Johnson,WR,23,FLEX,True,12.5
2022,1,6,4360294,Antonio Gibson,RB,2,RB,True,20.0
2022,1,6,-16002,Bills D/ST,D/ST,16,D/ST,True,18.0
2022,1,6,3051738,Marquez Valdes-Scantling,WR,20,BE,False,8.100000000000001
2022,1,6,3916430,Nyheim Hines,RB,20,BE,False,11.4
2022,1,6,3055899,Harrison Butker,K,17,K,True,9.0
2022,1,6,4360310,Trevor Lawrence,QB,20,BE,False,15.399999999999999
2022,1,6,2975674,Robert Tonyan,TE,6,TE,True,6.6
2022,1,6,4040980,Irv Smith Jr.,TE,20,BE,False,0.0
2022,1,5,4361579,Javonte Williams,RB,2,RB,True,19.8
2022,1,5,4241389,CeeDee Lamb,WR,4,WR,True,4.9
2022,1,5,4239934,AJ Dillon,RB,20,BE,False,20.1
2022,1,5,4247812,Lance McCutcheon,WR,23,FLEX,True,0.0
2022,1,5,4242214,Clyde Edwards-Helaire,RB,2,RB,True,22.4
2022,1,5,2576980,Marcus Mariota,QB,20,BE,False,19.799999999999997
2022,1,5,4243537,Gabe Davis,WR,4,WR,True,18.8
2022,1,5,4036133,T.J. Hockenson,TE,6,TE,True,7.800000000000001
2022,1,5,4241464,Mac Jones,QB,20,BE,False,10.52
2022,1,5,2577417,Dak Prescott,QB,0,QB,True,4.460000000000001
2022,1,5,-16009,Packers D/ST,D/ST,16,D/ST,True,1.0
2022,1,5,3116164,Mike Gesicki,TE,20,BE,False,1.1
2022,1,5,3124679,Jason Sanders,K,17,K,True,10.0
2022,1,5,2574808,Robbie Anderson,WR,20,BE,False,24.200000000000003
2022,1,5,4371733,Kenneth Gainwell,RB,23,FLEX,True,11.2
2022,1,5,2576623,DeVante Parker,WR,20,BE,False,1.9
2022,1,1,3045147,James Conner,RB,2,RB,True,16.5
2022,1,1,16800,Davante Adams,WR,4,WR,True,30.1
2022,1,1,4239993,Tee Higgins,WR,4,WR,True,4.7
2022,1,1,4240021,Cam Akers,RB,2,RB,True,0.0
2022,1,1,3121422,Terry McLaurin,WR,23,FLEX,True,14.8
2022,1,1,3915511,Joe Burrow,QB,0,QB,True,22.22
2022,1,1,4241985,J.K. Dobbins,RB,20,BE,False,0.0
2022,1,1,16757,Derek Carr,QB,20,BE,False,17.8
2022,1,1,2573401,Tyler Higbee,TE,6,TE,True,8.9
2022,1,1,4567156,Treylon Burks,WR,23,FLEX,True,8.5
2022,1,1,4039359,Darrell Henderson Jr.,RB,20,BE,False,12.299999999999999
2022,1,1,4035004,Mecole Hardman,WR,20,BE,False,10.6
2022,1,1,16733,Odell Beckham Jr.,WR,20,BE,False,0.0
2022,1,1,-16014,Rams D/ST,D/ST,16,D/ST,True,7.0
2022,1,1,12731,Ryan Succop,K,17,K,True,14.0
2022,1,1,4035115,Albert Okwuegbunam,TE,20,BE,False,8.3
2022,1,9,3117251,Christian McCaffrey,RB,2,RB,True,15.700000000000001
2022,1,9,15847,Travis Kelce,TE,6,TE,True,26.1
2022,1,9,16737,Mike Evans,WR,4,WR,True,18.1
2022,1,9,4047650,DK Metcalf,WR,4,WR,True,8.6
2022,1,9,3116165,Chris Godwin,WR,23,FLEX,True,6.5
2022,1,9,4040761,Devin Singletary,RB,2,RB,True,8.200000000000001
2022,1,9,3128429,Courtland Sutton,WR,23,FLEX,True,11.2
2022,1,9,4569618,Garrett Wilson,WR,20,BE,False,9.2
2022,1,9,2576434,Melvin Gordon III,RB,20,BE,False,7.200000000000001
2022,1,9,4361370,Chris Olave,WR,20,BE,False,9.100000000000001
2022,1,9,4240657,Michael Carter,RB,20,BE,False,17.0
2022,1,9,4362887,Justin Fields,QB,0,QB,True,20.64
2022,1,9,-16023,Steelers D/ST,D/ST,16,D/ST,True,23.0
2022,1,9,3123076,David Njoku,TE,20,BE,False,1.7000000000000002
2022,1,9,11122,Matt Prater,K,17,K,True,1.0
2022,1,9,2980453,Jamaal Williams,RB,20,BE,False,16.0
2022,1,4,4241457,Najee Harris,RB,2,RB,True,10.600000000000001
2022,1,4,3128720,Nick Chubb,RB,2,RB,True,15.3
2022,1,4,15818,Keenan Allen,WR,4,WR,True,10.600000000000001
2022,1,4,4372016,Jaylen Waddle,WR,4,WR,True,18.700000000000003
2022,1,4,4241479,Tua Tagovailoa,QB,0,QB,True,17.8
2022,1,4,3930086,Dawson Knox,TE,6,TE,True,1.5
2022,1,4,3119195,Chase Edmonds,RB,20,BE,False,10.5
2022,1,4,4372414,Elijah Moore,WR,23,FLEX,True,9.9
2022,1,4,4241478,DeVonta Smith,WR,23,FLEX,True,0.0
2022,1,4,3128390,Allen Lazard,WR,20,BE,False,0.0
2022,1,4,2969939,Jameis Winston,QB,20,BE,False,25.66
2022,1,4,-16024,Chargers D/ST,D/ST,16,D/ST,True,12.0
2022,1,4,10621,Nick Folk,K,17,K,True,1.0
2022,1,4,4035886,Khalil Herbert,RB,20,BE,False,11.3
2022,1,4,15072,Marvin Jones Jr.,WR,20,BE,False,7.800000000000001
2022,1,4,17359,Damien Williams,RB,20,BE,False,0.2
2022,1,11,3068267,Austin Ekeler,RB,2,RB,True,11.2
2022,1,11,3929630,Saquon Barkley,RB,2,RB,True,33.400000000000006
2022,1,11,4038941,Justin Herbert,QB,0,QB,True,29.259999999999998
2022,1,11,4360438,Brandon Aiyuk,WR,4,WR,True,6.7
2022,1,11,3117256,Dalton Schultz,TE,6,TE,True,13.2
2022,1,11,2577327,Tyler Lockett,WR,4,WR,True,5.800000000000001
2022,1,11,12483,Matthew Stafford,QB,20,BE,False,9.799999999999999
2022,1,11,14880,Kirk Cousins,QB,20,BE,False,23.08
2022,1,11,3916148,Tony Pollard,RB,20,BE,False,4.2
2022,1,11,15795,DeAndre Hopkins,WR,20,BE,False,0.0
2022,1,11,3139925,Rashaad Penny,RB,23,FLEX,True,8.7
2022,1,11,15880,Robert Woods,WR,23,FLEX,True,2.3
2022,1,11,4046692,Chase Claypool,WR,20,BE,False,9.4
2022,1,11,-16027,Buccaneers D/ST,D/ST,16,D/ST,True,12.0
2022,1,11,3051909,Daniel Carlson,K,17,K,True,9.0
2022,1,11,4036131,Noah Fant,TE,20,BE,False,4.6
2022,2,2,3042519,Aaron Jones,RB,2,RB,True,32.0
2022,2,2,2977187,Cooper Kupp,WR,4,WR,True,31.8
2022,2,2,3120348,JuJu Smith-Schuster,WR,4,WR,True,4.0
2022,2,2,3051392,Ezekiel Elliott,RB,2,RB,True,5.9
2022,2,2,3917315,Kyler Murray,QB,0,QB,True,27.880000000000003
2022,2,2,3915296,Michael Walker,WR,20,BE,False,0.0
2022,2,2,4240600,Kadarius Toney,WR,23,FLEX,True,2.0
2022,2,2,4258595,Cole Kmet,TE,20,BE,False,0.0
2022,2,2,-16011,Colts D/ST,D/ST,16,D/ST,True,0.0
2022,2,2,16339,Brandon McManus,K,17,K,True,12.0
2022,2,2,3916433,Jakobi Meyers,WR,23,FLEX,True,18.5
2022,2,2,3115378,Russell Gage,WR,20,BE,False,7.800000000000001
2022,2,2,-16015,Dolphins D/ST,D/ST,20,BE,False,-7.0
2022,2,2,12460,Graham Gano,K,20,BE,False,17.0
2022,2,2,4373626,Tyler Allgeier,RB,20,BE,False,3.0
2022,2,2,3051876,Evan Engram,TE,6,TE,True,11.600000000000001
2022,2,3,3043078,Derrick Henry,RB,2,RB,True,8.5
2022,2,3,4362628,Ja'Marr Chase,WR,4,WR,True,10.8
2022,2,3,4047646,A.J. Brown,WR,4,WR,True,11.9
2022,2,3,4239996,Travis Etienne Jr.,RB,20,BE,False,8.3
2022,2,3,4040715,Jalen Hurts,QB,0,QB,True,38.019999999999996
2022,2,3,4361411,Pat Freiermuth,TE,20,BE,False,12.2
2022,2,3,16460,Adam Thielen,WR,23,FLEX,True,9.2
2022,2,3,4360238,Dameon Pierce,RB,20,BE,False,8.700000000000001
2022,2,3,4241555,Elijah Mitchell,RB,20,BE,False,0.0
2022,2,3,16799,Allen Robinson II,WR,20,BE,False,15.3
2022,2,3,2976499,Amari Cooper,WR,23,FLEX,True,25.1
2022,2,3,3895856,Christian Kirk,WR,20,BE,False,25.8
2022,2,3,3925347,Damien Harris,RB,2,RB,True,16.700000000000003
2022,2,3,15835,Zach Ertz,TE,6,TE,True,15.5
2022,2,3,4360234,Evan McPherson,K,17,K,True,13.0
2022,2,3,-16018,Saints D/ST,D/ST,16,D/ST,True,6.0
2022,2,12,4242335,Jonathan Taylor,RB,2,RB,True,7.300000000000001
2022,2,12,4262921,Justin Jefferson,WR,4,WR,True,10.8
2022,2,12,3115364,Leonard Fournette,RB,2,RB,True,9.4
2022,2,12,4241463,Jerry Jeudy,WR,4,WR,True,2.2
2022,2,12,3045144,Tyler Boyd,WR,20,BE,False,5.7
2022,2,12,3046439,Hunter Henry,TE,20,BE,False,0.0
2022,2,12,4052042,James Robinson,RB,23,FLEX,True,15.8
2022,2,12,11237,Matt Ryan,QB,20,BE,False,1.7999999999999998
2022,2,12,4241474,Brian Robinson Jr.,RB,21,IR,False,0.0
2022,2,12,4361409,Jahan Dotson,WR,20,BE,False,17.9
2022,2,12,4361432,Romeo Doubs,WR,20,BE,False,4.7
2022,2,12,15965,Dustin Hopkins,K,17,K,True,6.0
2022,2,12,2573079,Carson Wentz,QB,0,QB,True,33.78
2022,2,12,3122976,Jeff Wilson Jr.,RB,23,FLEX,True,12.3
2022,2,12,-16005,Browns D/ST,D/ST,16,D/ST,True,1.0
2022,2,12,12483,Matthew Stafford,QB,20,BE,False,24.880000000000003
2022,2,12,3924365,Hayden Hurst,TE,6,TE,True,7.4
2022,2,10,3139477,Patrick Mahomes,QB,0,QB,True,22.3
2022,2,10,4427366,Breece Hall,RB,20,BE,False,13.0
2022,2,10,2330,Tom Brady,QB,20,BE,False,11.4
2022,2,10,3915416,DJ Moore,WR,4,WR,True,13.3
2022,2,10,3045138,Mike Williams,WR,4,WR,True,25.3
2022,2,10,4360248,Kyle Pitts,TE,6,TE,True,3.9000000000000004
2022,2,10,16731,Brandin Cooks,WR,23,FLEX,True,9.4
2022,2,10,4035538,David Montgomery,RB,2,RB,True,15.600000000000001
2022,2,10,4567048,Kenneth Walker III,RB,20,BE,False,3.5
2022,2,10,4426502,Drake London,WR,23,FLEX,True,24.6
2022,2,10,4040655,Darnell Mooney,WR,20,BE,False,0.6
2022,2,10,3059915,Kareem Hunt,RB,2,RB,True,9.4
2022,2,10,15683,Justin Tucker,K,17,K,True,10.0
2022,2,10,-16006,Cowboys D/ST,D/ST,16,D/ST,True,9.0
2022,2,10,4379399,James Cook,RB,20,BE,False,5.300000000000001
2022,2,10,4249087,Matt Gay,K,20,BE,False,7.0
2022,2,5,4361579,Javonte Williams,RB,2,RB,True,9.5
2022,2,5,4241389,CeeDee Lamb,WR,4,WR,True,15.1
2022,2,5,4239934,AJ Dillon,RB,23,FLEX,True,7.700000000000001
2022,2,5,4247812,Lance McCutcheon,WR,20,BE,False,0.0
2022,2,5,4242214,Clyde Edwards-Helaire,RB,2,RB,True,15.8
2022,2,5,2576980,Marcus Mariota,QB,20,BE,False,17.439999999999998
2022,2,5,4243537,Gabe Davis,WR,21,IR,False,0.0
2022,2,5,4036133,T.J. Hockenson,TE,6,TE,True,5.6
2022,2,5,2577417,Dak Prescott,QB,21,IR,False,0.0
2022,2,5,-16009,Packers D/ST,D/ST,16,D/ST,True,10.0
2022,2,5,3116164,Mike Gesicki,TE,20,BE,False,14.100000000000001
2022,2,5,3124679,Jason Sanders,K,17,K,True,6.0
2022,2,5,2574808,Robbie Anderson,WR,23,FLEX,True,4.2
2022,2,5,4371733,Kenneth Gainwell,RB,20,BE,False,2.8000000000000003
2022,2,5,2576623,DeVante Parker,WR,20,BE,False,0.0
2022,2,5,3046779,Jared Goff,QB,0,QB,True,34.04
2022,2,5,3128724,Isaiah McKenzie,WR,20,BE,False,5.7
2022,2,5,15880,Robert Woods,WR,4,WR,True,7.9
2022,2,8,3054850,Alvin Kamara,RB,20,BE,False,0.0
2022,2,8,4259545,D'Andre Swift,RB,2,RB,True,16.700000000000003
2022,2,8,2976212,Stefon Diggs,WR,4,WR,True,45.8
2022,2,8,3918298,Josh Allen,QB,0,QB,True,38.68
2022,2,8,4035687,Michael Pittman Jr.,WR,20,BE,False,0.0
2022,2,8,3121023,Dallas Goedert,TE,6,TE,True,13.200000000000001
2022,2,8,15807,Cordarrelle Patterson,RB,23,FLEX,True,4.1000000000000005
2022,2,8,-16025,49ers D/ST,D/ST,16,D/ST,True,13.0
2022,2,8,4383351,Trey Lance,QB,20,BE,False,2.5
2022,2,8,16790,Jarvis Landry,WR,23,FLEX,True,6.5
2022,2,8,13981,Mark Ingram II,RB,2,RB,True,6.1000000000000005
2022,2,8,3975763,Greg Joseph,K,17,K,True,1.0
2022,2,8,2572861,J.D. McKissic,RB,20,BE,False,13.3
2022,2,8,4426354,George Pickens,WR,4,WR,True,3.3000000000000003
2022,2,8,15971,Rex Burkhead,RB,20,BE,False,2.9
2022,2,8,3051738,Marquez Valdes-Scantling,WR,20,BE,False,3.3
2022,2,9,3117251,Christian McCaffrey,RB,2,RB,True,16.8
2022,2,9,15847,Travis Kelce,TE,6,TE,True,10.100000000000001
2022,2,9,16737,Mike Evans,WR,4,WR,True,9.100000000000001
2022,2,9,4047650,DK Metcalf,WR,4,WR,True,7.5
2022,2,9,3116165,Chris Godwin,WR,20,BE,False,0.0
2022,2,9,4040761,Devin Singletary,RB,23,FLEX,True,4.1000000000000005
2022,2,9,3128429,Courtland Sutton,WR,23,FLEX,True,19.700000000000003
2022,2,9,4569618,Garrett Wilson,WR,20,BE,False,30.0
2022,2,9,2576434,Melvin Gordon III,RB,20,BE,False,6.300000000000001
2022,2,9,4361370,Chris Olave,WR,20,BE,False,11.0
2022,2,9,4240657,Michael Carter,RB,2,RB,True,10.0
2022,2,9,4362887,Justin Fields,QB,0,QB,True,8.8
2022,2,9,-16023,Steelers D/ST,D/ST,16,D/ST,True,3.0
2022,2,9,3123076,David Njoku,TE,20,BE,False,6.2
2022,2,9,11122,Matt Prater,K,17,K,True,1.0
2022,2,9,2980453,Jamaal Williams,RB,20,BE,False,7.000000000000001
2022,2,7,3116593,Dalvin Cook,RB,2,RB,True,7.6000000000000005
2022,2,7,3116385,Joe Mixon,RB,2,RB,True,11.299999999999999
2022,2,7,3116365,Mark Andrews,TE,6,TE,True,25.700000000000003
2022,2,7,4045163,Miles Sanders,RB,20,BE,False,11.6
2022,2,7,2976316,Michael Thomas,WR,4,WR,True,18.5
2022,2,7,2576925,Darren Waller,TE,20,BE,False,17.0
2022,2,7,4047365,Josh Jacobs,RB,23,FLEX,True,9.100000000000001
2022,2,7,4241372,Marquise Brown,WR,4,WR,True,12.8
2022,2,7,8439,Aaron Rodgers,QB,20,BE,False,20.36
2022,2,7,14881,Russell Wilson,QB,0,QB,True,13.06
2022,2,7,4360939,Rashod Bateman,WR,20,BE,False,23.8
2022,2,7,-16033,Ravens D/ST,D/ST,16,D/ST,True,2.0
2022,2,7,4036348,Michael Gallup,WR,20,BE,False,0.0
2022,2,7,3917232,Tyler Bass,K,17,K,True,12.0
2022,2,7,4048244,Alexander Mattison,RB,20,BE,False,4.4
2022,2,7,3121427,Curtis Samuel,WR,23,FLEX,True,22.9
2022,2,11,3068267,Austin Ekeler,RB,2,RB,True,18.4
2022,2,11,3929630,Saquon Barkley,RB,2,RB,True,11.799999999999999
2022,2,11,4038941,Justin Herbert,QB,0,QB,True,29.46
2022,2,11,4360438,Brandon Aiyuk,WR,20,BE,False,11.3
2022,2,11,3117256,Dalton Schultz,TE,6,TE,True,1.8
2022,2,11,2577327,Tyler Lockett,WR,4,WR,True,19.700000000000003
2022,2,11,14880,Kirk Cousins,QB,20,BE,False,10.84
2022,2,11,3916148,Tony Pollard,RB,20,BE,False,19.8
2022,2,11,15795,DeAndre Hopkins,WR,20,BE,False,0.0
2022,2,11,3139925,Rashaad Penny,RB,23,FLEX,True,1.5
2022,2,11,4046692,Chase Claypool,WR,4,WR,True,6.6
2022,2,11,-16027,Buccaneers D/ST,D/ST,16,D/ST,True,25.0
2022,2,11,3051909,Daniel Carlson,K,17,K,True,13.0
2022,2,11,4036131,Noah Fant,TE,20,BE,False,3.1
2022,2,11,13982,Julio Jones,WR,20,BE,False,0.0
2022,2,11,2580216,DeAndre Carter,WR,23,FLEX,True,8.5
2022,2,6,3116406,Tyreek Hill,WR,4,WR,True,46.0
2022,2,6,3916387,Lamar Jackson,QB,0,QB,True,54.62
2022,2,6,3126486,Deebo Samuel,WR,4,WR,True,14.700000000000001
2022,2,6,4569173,Rhamondre Stevenson,RB,2,RB,True,6.1000000000000005
2022,2,6,3040151,George Kittle,TE,20,BE,False,0.0
2022,2,6,3135321,Hunter Renfrow,WR,20,BE,False,10.9
2022,2,6,4374302,Amon-Ra St. Brown,WR,23,FLEX,True,39.400000000000006
2022,2,6,3932905,Diontae Johnson,WR,23,FLEX,True,13.7
2022,2,6,4360294,Antonio Gibson,RB,2,RB,True,12.100000000000001
2022,2,6,-16002,Bills D/ST,D/ST,16,D/ST,True,23.0
2022,2,6,3916430,Nyheim Hines,RB,20,BE,False,7.7
2022,2,6,4360310,Trevor Lawrence,QB,20,BE,False,22.5
2022,2,6,4039050,Devin Duvernay,WR,20,BE,False,12.2
2022,2,6,3126246,Dontrell Hilliard,RB,20,BE,False,0.0
2022,2,6,3050478,Jake Elliott,K,17,K,True,5.0
2022,2,6,16813,Logan Thomas,TE,6,TE,True,12.7
2022,2,4,4241457,Najee Harris,RB,23,FLEX,True,13.9
2022,2,4,3128720,Nick Chubb,RB,2,RB,True,32.300000000000004
2022,2,4,15818,Keenan Allen,WR,20,BE,False,0.0
2022,2,4,4372016,Jaylen Waddle,WR,4,WR,True,40.1
2022,2,4,4241479,Tua Tagovailoa,QB,0,QB,True,56.86
2022,2,4,3930086,Dawson Knox,TE,6,TE,True,8.100000000000001
2022,2,4,3119195,Chase Edmonds,RB,2,RB,True,5.1000000000000005
2022,2,4,4372414,Elijah Moore,WR,23,FLEX,True,6.5
2022,2,4,4241478,DeVonta Smith,WR,4,WR,True,15.0
2022,2,4,3128390,Allen Lazard,WR,20,BE,False,9.3
2022,2,4,2969939,Jameis Winston,QB,20,BE,False,9.639999999999999
2022,2,4,10621,Nick Folk,K,17,K,True,4.0
2022,2,4,4035886,Khalil Herbert,RB,20,BE,False,5.1000000000000005
2022,2,4,15072,Marvin Jones Jr.,WR,20,BE,False,6.300000000000001
2022,2,4,17359,Damien Williams,RB,21,IR,False,0.0
2022,2,4,-16004,Bengals D/ST,D/ST,16,D/ST,True,3.0
2022,2,1,3045147,James Conner,RB,2,RB,True,7.1
2022,2,1,16800,Davante Adams,WR,4,WR,True,9.2
2022,2,1,4239993,Tee Higgins,WR,23,FLEX,True,19.1
2022,2,1,4240021,Cam Akers,RB,20,BE,False,8.200000000000001
2022,2,1,3121422,Terry McLaurin,WR,4,WR,True,12.2
2022,2,1,3915511,Joe Burrow,QB,0,QB,True,18.560000000000002
2022,2,1,4241985,J.K. Dobbins,RB,20,BE,False,0.0
2022,2,1,16757,Derek Carr,QB,20,BE,False,22.98
2022,2,1,2573401,Tyler Higbee,TE,20,BE,False,14.100000000000001
2022,2,1,4567156,Treylon Burks,WR,20,BE,False,8.7
2022,2,1,4039359,Darrell Henderson Jr.,RB,2,RB,True,10.7
2022,2,1,4035004,Mecole Hardman,WR,23,FLEX,True,7.5
2022,2,1,16733,Odell Beckham Jr.,WR,20,BE,False,0.0
2022,2,1,-16014,Rams D/ST,D/ST,16,D/ST,True,11.0
2022,2,1,12731,Ryan Succop,K,17,K,True,10.0
2022,2,1,2468609,Taysom Hill,TE,6,TE,True,1.4000000000000001
2022,3,12,4242335,Jonathan Taylor,RB,2,RB,True,12.100000000000001
2022,3,12,4262921,Justin Jefferson,WR,4,WR,True,4.4
2022,3,12,3115364,Leonard Fournette,RB,2,RB,True,12.0
2022,3,12,4241463,Jerry Jeudy,WR,23,FLEX,True,3.7
2022,3,12,3045144,Tyler Boyd,WR,20,BE,False,23.5
2022,3,12,4052042,James Robinson,RB,23,FLEX,True,23.6
2022,3,12,4241474,Brian Robinson Jr.,RB,21,IR,False,0.0
2022,3,12,4361409,Jahan Dotson,WR,4,WR,True,3.0
2022,3,12,2573079,Carson Wentz,QB,20,BE,False,8.64
2022,3,12,3122976,Jeff Wilson Jr.,RB,20,BE,False,11.6
2022,3,12,12483,Matthew Stafford,QB,0,QB,True,10.16
2022,3,12,3924365,Hayden Hurst,TE,6,TE,True,1.7000000000000002
2022,3,12,3918639,Gerald Everett,TE,20,BE,False,4.5
2022,3,12,15349,Cole Beasley,WR,20,BE,False,4.2
2022,3,12,3049899,Younghoe Koo,K,17,K,True,12.0
2022,3,12,3121409,Noah Brown,WR,20,BE,False,10.4
2022,3,12,-16034,Texans D/ST,D/ST,16,D/ST,True,9.0
2022,3,2,3042519,Aaron Jones,RB,2,RB,True,5.699999999999999
2022,3,2,2977187,Cooper Kupp,WR,4,WR,True,16.4
2022,3,2,3120348,JuJu Smith-Schuster,WR,4,WR,True,13.9
2022,3,2,3051392,Ezekiel Elliott,RB,2,RB,True,14.5
2022,3,2,3917315,Kyler Murray,QB,0,QB,True,13.360000000000001
2022,3,2,4240600,Kadarius Toney,WR,20,BE,False,0.0
2022,3,2,4258595,Cole Kmet,TE,20,BE,False,6.0
2022,3,2,-16011,Colts D/ST,D/ST,20,BE,False,6.0
2022,3,2,16339,Brandon McManus,K,17,K,True,4.0
2022,3,2,3916433,Jakobi Meyers,WR,23,FLEX,True,0.0
2022,3,2,3115378,Russell Gage,WR,23,FLEX,True,24.700000000000003
2022,3,2,-16015,Dolphins D/ST,D/ST,16,D/ST,True,5.0
2022,3,2,12460,Graham Gano,K,20,BE,False,14.0
2022,3,2,4373626,Tyler Allgeier,RB,20,BE,False,4.0
2022,3,2,3051876,Evan Engram,TE,6,TE,True,3.9
2022,3,2,16782,Jerick McKinnon,RB,20,BE,False,2.0
2022,3,3,3043078,Derrick Henry,RB,2,RB,True,25.3
2022,3,3,4362628,Ja'Marr Chase,WR,4,WR,True,12.700000000000001
2022,3,3,4047646,A.J. Brown,WR,4,WR,True,19.5
2022,3,3,4239996,Travis Etienne Jr.,RB,20,BE,False,10.5
2022,3,3,4040715,Jalen Hurts,QB,0,QB,True,33.6
2022,3,3,4361411,Pat Freiermuth,TE,20,BE,False,6.1000000000000005
2022,3,3,16460,Adam Thielen,WR,23,FLEX,True,18.1
2022,3,3,4360238,Dameon Pierce,RB,20,BE,False,18.1
2022,3,3,4241555,Elijah Mitchell,RB,20,BE,False,0.0
2022,3,3,16799,Allen Robinson II,WR,20,BE,False,4.300000000000001
2022,3,3,2976499,Amari Cooper,WR,23,FLEX,True,23.1
2022,3,3,3895856,Christian Kirk,WR,20,BE,False,19.2
2022,3,3,3925347,Damien Harris,RB,2,RB,True,12.600000000000001
2022,3,3,15835,Zach Ertz,TE,6,TE,True,10.5
2022,3,3,4360234,Evan McPherson,K,17,K,True,9.0
2022,3,3,-16018,Saints D/ST,D/ST,16,D/ST,True,6.0
2022,3,5,4241389,CeeDee Lamb,WR,4,WR,True,22.700000000000003
2022,3,5,4239934,AJ Dillon,RB,23,FLEX,True,5.800000000000001
2022,3,5,4242214,Clyde Edwards-Helaire,RB,2,RB,True,14.9
2022,3,5,2576980,Marcus Mariota,QB,20,BE,False,17.560000000000002
2022,3,5,4243537,Gabe Davis,WR,4,WR,True,6.7
2022,3,5,4036133,T.J. Hockenson,TE,6,TE,True,10.8
2022,3,5,2577417,Dak Prescott,QB,21,IR,False,0.0
2022,3,5,-16009,Packers D/ST,D/ST,16,D/ST,True,12.0
2022,3,5,3116164,Mike Gesicki,TE,20,BE,False,1.6
2022,3,5,3124679,Jason Sanders,K,17,K,True,3.0
2022,3,5,4371733,Kenneth Gainwell,RB,20,BE,False,0.6000000000000001
2022,3,5,3046779,Jared Goff,QB,0,QB,True,15.880000000000003
2022,3,5,3128724,Isaiah McKenzie,WR,20,BE,False,21.2
2022,3,5,15880,Robert Woods,WR,20,BE,False,12.5
2022,3,5,15818,Keenan Allen,WR,20,BE,False,0.0
2022,3,5,3119195,Chase Edmonds,RB,2,RB,True,15.7
2022,3,5,3042778,Corey Davis,WR,23,FLEX,True,4.7
2022,3,10,3139477,Patrick Mahomes,QB,0,QB,True,19.08
2022,3,10,4427366,Breece Hall,RB,20,BE,False,15.200000000000001
2022,3,10,2330,Tom Brady,QB,20,BE,False,16.740000000000002
2022,3,10,3915416,DJ Moore,WR,4,WR,True,2.5
2022,3,10,3045138,Mike Williams,WR,4,WR,True,8.5
2022,3,10,4360248,Kyle Pitts,TE,6,TE,True,13.700000000000001
2022,3,10,16731,Brandin Cooks,WR,23,FLEX,True,4.2
2022,3,10,4035538,David Montgomery,RB,2,RB,True,1.1
2022,3,10,4567048,Kenneth Walker III,RB,20,BE,False,6.300000000000001
2022,3,10,4426502,Drake London,WR,23,FLEX,True,14.4
2022,3,10,4040655,Darnell Mooney,WR,20,BE,False,4.300000000000001
2022,3,10,3059915,Kareem Hunt,RB,2,RB,True,9.1
2022,3,10,15683,Justin Tucker,K,17,K,True,8.0
2022,3,10,-16006,Cowboys D/ST,D/ST,16,D/ST,True,10.0
2022,3,10,4379399,James Cook,RB,20,BE,False,8.0
2022,3,10,4249087,Matt Gay,K,20,BE,False,9.0
2022,3,9,3117251,Christian McCaffrey,RB,2,RB,True,13.5
2022,3,9,15847,Travis Kelce,TE,6,TE,True,17.9
2022,3,9,16737,Mike Evans,WR,20,BE,False,0.0
2022,3,9,4047650,DK Metcalf,WR,4,WR,True,17.4
2022,3,9,3116165,Chris Godwin,WR,20,BE,False,0.0
2022,3,9,4040761,Devin Singletary,RB,23,FLEX,True,24.1
2022,3,9,3128429,Courtland Sutton,WR,23,FLEX,True,17.700000000000003
2022,3,9,4569618,Garrett Wilson,WR,20,BE,False,12.0
2022,3,9,2576434,Melvin Gordon III,RB,20,BE,False,16.5
2022,3,9,4240657,Michael Carter,RB,2,RB,True,5.6000000000000005
2022,3,9,4362887,Justin Fields,QB,0,QB,True,4.940000000000001
2022,3,9,-16023,Steelers D/ST,D/ST,16,D/ST,True,2.0
2022,3,9,11122,Matt Prater,K,17,K,True,14.0
2022,3,9,2980453,Jamaal Williams,RB,20,BE,False,24.700000000000003
2022,3,9,2971618,Nelson Agholor,WR,4,WR,True,4.1000000000000005
2022,3,9,11252,Joe Flacco,QB,20,BE,False,3.4000000000000004
2022,3,8,3054850,Alvin Kamara,RB,2,RB,True,7.300000000000001
2022,3,8,4259545,D'Andre Swift,RB,2,RB,True,7.6
2022,3,8,2976212,Stefon Diggs,WR,4,WR,True,14.4
2022,3,8,3918298,Josh Allen,QB,0,QB,True,32.7
2022,3,8,4035687,Michael Pittman Jr.,WR,4,WR,True,15.2
2022,3,8,3121023,Dallas Goedert,TE,6,TE,True,11.6
2022,3,8,15807,Cordarrelle Patterson,RB,23,FLEX,True,22.3
2022,3,8,-16025,49ers D/ST,D/ST,16,D/ST,True,9.0
2022,3,8,16790,Jarvis Landry,WR,20,BE,False,4.2
2022,3,8,13981,Mark Ingram II,RB,20,BE,False,7.8
2022,3,8,3975763,Greg Joseph,K,17,K,True,2.0
2022,3,8,2572861,J.D. McKissic,RB,23,FLEX,True,10.0
2022,3,8,4426354,George Pickens,WR,20,BE,False,6.9
2022,3,8,3051738,Marquez Valdes-Scantling,WR,20,BE,False,8.8
2022,3,8,15864,Geno Smith,QB,20,BE,False,22.9
2022,3,8,3055899,Harrison Butker,K,21,IR,False,0.0
2022,3,11,3068267,Austin Ekeler,RB,2,RB,True,13.3
2022,3,11,3929630,Saquon Barkley,RB,2,RB,True,22.6
2022,3,11,4038941,Justin Herbert,QB,20,BE,False,14.580000000000002
2022,3,11,4360438,Brandon Aiyuk,WR,23,FLEX,True,12.9
2022,3,11,3117256,Dalton Schultz,TE,20,BE,False,0.0
2022,3,11,2577327,Tyler Lockett,WR,4,WR,True,16.6
2022,3,11,14880,Kirk Cousins,QB,0,QB,True,22.3
2022,3,11,3916148,Tony Pollard,RB,23,FLEX,True,10.5
2022,3,11,15795,DeAndre Hopkins,WR,20,BE,False,0.0
2022,3,11,3139925,Rashaad Penny,RB,20,BE,False,7.9
2022,3,11,4046692,Chase Claypool,WR,4,WR,True,7.6
2022,3,11,-16027,Buccaneers D/ST,D/ST,16,D/ST,True,6.0
2022,3,11,3051909,Daniel Carlson,K,17,K,True,10.0
2022,3,11,4036131,Noah Fant,TE,6,TE,True,6.7
2022,3,11,13982,Julio Jones,WR,20,BE,False,0.0
2022,3,11,4242433,Joshua Palmer,WR,20,BE,False,15.9
2022,3,7,3116593,Dalvin Cook,RB,2,RB,True,13.600000000000001
2022,3,7,3116385,Joe Mixon,RB,2,RB,True,6.800000000000001
2022,3,7,3116365,Mark Andrews,TE,6,TE,True,28.9
2022,3,7,4045163,Miles Sanders,RB,20,BE,False,5.4
2022,3,7,2976316,Michael Thomas,WR,4,WR,True,9.9
2022,3,7,2576925,Darren Waller,TE,20,BE,False,5.2
2022,3,7,4047365,Josh Jacobs,RB,20,BE,False,14.700000000000001
2022,3,7,4241372,Marquise Brown,WR,23,FLEX,True,28.0
2022,3,7,8439,Aaron Rodgers,QB,20,BE,False,20.1
2022,3,7,14881,Russell Wilson,QB,0,QB,True,9.06
2022,3,7,4360939,Rashod Bateman,WR,23,FLEX,True,5.9
2022,3,7,-16033,Ravens D/ST,D/ST,16,D/ST,True,9.0
2022,3,7,4036348,Michael Gallup,WR,20,BE,False,0.0
2022,3,7,3917232,Tyler Bass,K,17,K,True,4.0
2022,3,7,4048244,Alexander Mattison,RB,20,BE,False,11.4
2022,3,7,3121427,Curtis Samuel,WR,4,WR,True,13.100000000000001
2022,3,4,4241457,Najee Harris,RB,23,FLEX,True,13.100000000000001
2022,3,4,3128720,Nick Chubb,RB,2,RB,True,17.3
2022,3,4,4372016,Jaylen Waddle,WR,4,WR,True,15.100000000000001
2022,3,4,4241479,Tua Tagovailoa,QB,0,QB,True,13.440000000000001
2022,3,4,3930086,Dawson Knox,TE,6,TE,True,6.5
2022,3,4,4372414,Elijah Moore,WR,20,BE,False,8.9
2022,3,4,4241478,DeVonta Smith,WR,4,WR,True,30.900000000000002
2022,3,4,3128390,Allen Lazard,WR,23,FLEX,True,14.5
2022,3,4,2969939,Jameis Winston,QB,20,BE,False,16.62
2022,3,4,10621,Nick Folk,K,17,K,True,10.0
2022,3,4,4035886,Khalil Herbert,RB,20,BE,False,30.900000000000002
2022,3,4,15072,Marvin Jones Jr.,WR,20,BE,False,13.3
2022,3,4,17359,Damien Williams,RB,21,IR,False,0.0
2022,3,4,-16004,Bengals D/ST,D/ST,16,D/ST,True,15.0
2022,3,4,2574808,Robbie Anderson,WR,20,BE,False,2.4000000000000004
2022,3,4,4361579,Javonte Williams,RB,2,RB,True,9.0
2022,3,6,3116406,Tyreek Hill,WR,4,WR,True,5.300000000000001
2022,3,6,3916387,Lamar Jackson,QB,0,QB,True,47.42
2022,3,6,3126486,Deebo Samuel,WR,4,WR,True,12.9
2022,3,6,4569173,Rhamondre Stevenson,RB,2,RB,True,20.1
2022,3,6,3040151,George Kittle,TE,6,TE,True,6.800000000000001
2022,3,6,3135321,Hunter Renfrow,WR,20,BE,False,0.0
2022,3,6,4374302,Amon-Ra St. Brown,WR,23,FLEX,True,13.3
2022,3,6,3932905,Diontae Johnson,WR,23,FLEX,True,16.4
2022,3,6,4360294,Antonio Gibson,RB,2,RB,True,11.0
2022,3,6,-16002,Bills D/ST,D/ST,16,D/ST,True,6.0
2022,3,6,3916430,Nyheim Hines,RB,20,BE,False,8.0
2022,3,6,4360310,Trevor Lawrence,QB,20,BE,False,31.18
2022,3,6,4039050,Devin Duvernay,WR,20,BE,False,10.3
2022,3,6,16813,Logan Thomas,TE,20,BE,False,2.5
2022,3,6,2576414,Raheem Mostert,RB,20,BE,False,1.1
2022,3,6,16486,Brett Maher,K,17,K,True,11.0
2022,3,1,3045147,James Conner,RB,2,RB,True,8.700000000000001
2022,3,1,16800,Davante Adams,WR,4,WR,True,14.2
2022,3,1,4239993,Tee Higgins,WR,23,FLEX,True,14.3
2022,3,1,4240021,Cam Akers,RB,2,RB,True,10.100000000000001
2022,3,1,3121422,Terry McLaurin,WR,4,WR,True,16.200000000000003
2022,3,1,3915511,Joe Burrow,QB,0,QB,True,32.0
2022,3,1,4241985,J.K. Dobbins,RB,20,BE,False,6.000000000000001
2022,3,1,16757,Derek Carr,QB,20,BE,False,23.82
2022,3,1,2573401,Tyler Higbee,TE,6,TE,True,10.100000000000001
2022,3,1,4567156,Treylon Burks,WR,20,BE,False,3.1
2022,3,1,4039359,Darrell Henderson Jr.,RB,20,BE,False,1.7000000000000002
2022,3,1,4035004,Mecole Hardman,WR,20,BE,False,1.2
2022,3,1,-16014,Rams D/ST,D/ST,16,D/ST,True,5.0
2022,3,1,12731,Ryan Succop,K,17,K,True,8.0
2022,3,1,2468609,Taysom Hill,TE,20,BE,False,0.0
2022,3,1,2976592,Sterling Shepard,WR,23,FLEX,True,9.9
2022,4,2,3042519,Aaron Jones,RB,2,RB,True,14.5
2022,4,2,2977187,Cooper Kupp,WR,4,WR,True,26.200000000000003
2022,4,2,3120348,JuJu Smith-Schuster,WR,4,WR,True,9.600000000000001
2022,4,2,3051392,Ezekiel Elliott,RB,2,RB,True,10.100000000000001
2022,4,2,3917315,Kyler Murray,QB,0,QB,True,26.88
2022,4,2,4240600,Kadarius Toney,WR,20,BE,False,0.0
2022,4,2,4258595,Cole Kmet,TE,20,BE,False,4.6
2022,4,2,-16011,Colts D/ST,D/ST,20,BE,False,5.0
2022,4,2,16339,Brandon McManus,K,20,BE,False,4.0
2022,4,2,3916433,Jakobi Meyers,WR,20,BE,False,0.0
2022,4,2,3115378,Russell Gage,WR,23,FLEX,True,4.4
2022,4,2,-16015,Dolphins D/ST,D/ST,16,D/ST,True,1.0
2022,4,2,12460,Graham Gano,K,17,K,True,9.0
2022,4,2,4373626,Tyler Allgeier,RB,20,BE,False,11.4
2022,4,2,3051876,Evan Engram,TE,6,TE,True,2.6
2022,4,2,16782,Jerick McKinnon,RB,23,FLEX,True,1.0
2022,4,5,4241389,CeeDee Lamb,WR,4,WR,True,21.700000000000003
2022,4,5,4239934,AJ Dillon,RB,23,FLEX,True,9.4
2022,4,5,4242214,Clyde Edwards-Helaire,RB,2,RB,True,22.400000000000002
2022,4,5,2576980,Marcus Mariota,QB,20,BE,False,3.8600000000000003
2022,4,5,4243537,Gabe Davis,WR,23,FLEX,True,2.3
2022,4,5,4036133,T.J. Hockenson,TE,20,BE,False,39.900000000000006
2022,4,5,2577417,Dak Prescott,QB,21,IR,False,0.0
2022,4,5,-16009,Packers D/ST,D/ST,16,D/ST,True,8.0
2022,4,5,3124679,Jason Sanders,K,17,K,True,8.0
2022,4,5,4371733,Kenneth Gainwell,RB,20,BE,False,8.700000000000001
2022,4,5,3046779,Jared Goff,QB,0,QB,True,41.22
2022,4,5,3128724,Isaiah McKenzie,WR,4,WR,True,12.1
2022,4,5,15880,Robert Woods,WR,20,BE,False,13.0
2022,4,5,15818,Keenan Allen,WR,20,BE,False,0.0
2022,4,5,3119195,Chase Edmonds,RB,2,RB,True,10.0
2022,4,5,3042778,Corey Davis,WR,20,BE,False,18.4
2022,4,5,3123076,David Njoku,TE,6,TE,True,9.700000000000001
2022,4,9,3117251,Christian McCaffrey,RB,2,RB,True,25.799999999999997
2022,4,9,15847,Travis Kelce,TE,6,TE,True,24.200000000000003
2022,4,9,16737,Mike Evans,WR,4,WR,True,30.3
2022,4,9,4047650,DK Metcalf,WR,4,WR,True,21.9
2022,4,9,3116165,Chris Godwin,WR,20,BE,False,12.9
2022,4,9,4040761,Devin Singletary,RB,20,BE,False,11.600000000000001
2022,4,9,3128429,Courtland Sutton,WR,23,FLEX,True,16.2
2022,4,9,4569618,Garrett Wilson,WR,23,FLEX,True,6.1000000000000005
2022,4,9,2576434,Melvin Gordon III,RB,20,BE,False,-1.2
2022,4,9,4240657,Michael Carter,RB,20,BE,False,4.9
2022,4,9,4362887,Justin Fields,QB,20,BE,False,10.16
2022,4,9,-16023,Steelers D/ST,D/ST,16,D/ST,True,5.0
2022,4,9,11122,Matt Prater,K,17,K,True,8.0
2022,4,9,2980453,Jamaal Williams,RB,2,RB,True,26.900000000000002
2022,4,9,2971618,Nelson Agholor,WR,20,BE,False,7.6000000000000005
2022,4,9,3917792,Daniel Jones,QB,0,QB,True,21.64
2022,4,12,4242335,Jonathan Taylor,RB,2,RB,True,3.3000000000000003
2022,4,12,4262921,Justin Jefferson,WR,4,WR,True,31.0
2022,4,12,3115364,Leonard Fournette,RB,2,RB,True,18.4
2022,4,12,4241463,Jerry Jeudy,WR,20,BE,False,15.3
2022,4,12,3045144,Tyler Boyd,WR,23,FLEX,True,7.62
2022,4,12,4052042,James Robinson,RB,23,FLEX,True,2.9000000000000004
2022,4,12,4241474,Brian Robinson Jr.,RB,21,IR,False,0.0
2022,4,12,4361409,Jahan Dotson,WR,20,BE,False,13.3
2022,4,12,2573079,Carson Wentz,QB,20,BE,False,9.3
2022,4,12,3122976,Jeff Wilson Jr.,RB,20,BE,False,13.4
2022,4,12,12483,Matthew Stafford,QB,0,QB,True,6.76
2022,4,12,3918639,Gerald Everett,TE,6,TE,True,17.1
2022,4,12,3049899,Younghoe Koo,K,17,K,True,12.0
2022,4,12,4361432,Romeo Doubs,WR,4,WR,True,13.7
2022,4,12,-16007,Broncos D/ST,D/ST,16,D/ST,True,2.0
2022,4,12,-16002,Bills D/ST,D/ST,20,BE,False,8.0
2022,4,12,3135321,Hunter Renfrow,WR,21,IR,False,0.0
2022,4,12,2991662,Mack Hollins,WR,20,BE,False,6.300000000000001
2022,4,11,3068267,Austin Ekeler,RB,2,RB,True,34.9
2022,4,11,3929630,Saquon Barkley,RB,2,RB,True,18.200000000000003
2022,4,11,4038941,Justin Herbert,QB,0,QB,True,25.1
2022,4,11,4360438,Brandon Aiyuk,WR,4,WR,True,7.7
2022,4,11,3117256,Dalton Schultz,TE,20,BE,False,0.0
2022,4,11,2577327,Tyler Lockett,WR,4,WR,True,13.1
2022,4,11,14880,Kirk Cousins,QB,20,BE,False,14.920000000000002
2022,4,11,3916148,Tony Pollard,RB,20,BE,False,1.8
2022,4,11,15795,DeAndre Hopkins,WR,20,BE,False,0.0
2022,4,11,3139925,Rashaad Penny,RB,23,FLEX,True,29.700000000000003
2022,4,11,4046692,Chase Claypool,WR,23,FLEX,True,0.0
2022,4,11,-16027,Buccaneers D/ST,D/ST,16,D/ST,True,0.0
2022,4,11,3051909,Daniel Carlson,K,17,K,True,13.0
2022,4,11,4036131,Noah Fant,TE,6,TE,True,7.2
2022,4,11,13982,Julio Jones,WR,20,BE,False,1.7000000000000002
2022,4,11,4242433,Joshua Palmer,WR,20,BE,False,3.5
2022,4,3,3043078,Derrick Henry,RB,2,RB,True,23.7
2022,4,3,4362628,Ja'Marr Chase,WR,4,WR,True,12.1
2022,4,3,4047646,A.J. Brown,WR,4,WR,True,14.5
2022,4,3,4239996,Travis Etienne Jr.,RB,20,BE,False,3.2
2022,4,3,4040715,Jalen Hurts,QB,0,QB,True,15.96
2022,4,3,4361411,Pat Freiermuth,TE,20,BE,False,15.5
2022,4,3,16460,Adam Thielen,WR,23,FLEX,True,15.2
2022,4,3,4360238,Dameon Pierce,RB,20,BE,False,28.900000000000002
2022,4,3,4241555,Elijah Mitchell,RB,20,BE,False,0.0
2022,4,3,16799,Allen Robinson II,WR,20,BE,False,2.7
2022,4,3,2976499,Amari Cooper,WR,23,FLEX,True,1.9
2022,4,3,3895856,Christian Kirk,WR,20,BE,False,8.3
2022,4,3,3925347,Damien Harris,RB,2,RB,True,15.4
2022,4,3,15835,Zach Ertz,TE,6,TE,True,16.7
2022,4,3,4360234,Evan McPherson,K,17,K,True,11.0
2022,4,3,-16018,Saints D/ST,D/ST,16,D/ST,True,4.0
2022,4,4,4241457,Najee Harris,RB,23,FLEX,True,7.4
2022,4,4,3128720,Nick Chubb,RB,2,RB,True,20.7
2022,4,4,4372016,Jaylen Waddle,WR,4,WR,True,5.9
2022,4,4,4241479,Tua Tagovailoa,QB,0,QB,True,2.4000000000000004
2022,4,4,3930086,Dawson Knox,TE,6,TE,True,7.0
2022,4,4,4372414,Elijah Moore,WR,20,BE,False,8.5
2022,4,4,4241478,DeVonta Smith,WR,4,WR,True,4.7
2022,4,4,3128390,Allen Lazard,WR,23,FLEX,True,17.6
2022,4,4,2969939,Jameis Winston,QB,20,BE,False,0.0
2022,4,4,10621,Nick Folk,K,17,K,True,6.0
2022,4,4,4035886,Khalil Herbert,RB,20,BE,False,11.1
2022,4,4,15072,Marvin Jones Jr.,WR,20,BE,False,0.0
2022,4,4,17359,Damien Williams,RB,21,IR,False,0.0
2022,4,4,-16004,Bengals D/ST,D/ST,20,BE,False,8.0
2022,4,4,2574808,Robbie Anderson,WR,20,BE,False,5.6
2022,4,4,4361579,Javonte Williams,RB,2,RB,True,3.7
2022,4,4,-16005,Browns D/ST,D/ST,16,D/ST,True,3.0
2022,4,10,3139477,Patrick Mahomes,QB,0,QB,True,29.36
2022,4,10,4427366,Breece Hall,RB,2,RB,True,15.8
2022,4,10,2330,Tom Brady,QB,20,BE,False,31.4
2022,4,10,3915416,DJ Moore,WR,4,WR,True,12.1
2022,4,10,3045138,Mike Williams,WR,4,WR,True,19.0
2022,4,10,4360248,Kyle Pitts,TE,6,TE,True,3.5
2022,4,10,16731,Brandin Cooks,WR,23,FLEX,True,18.7
2022,4,10,4035538,David Montgomery,RB,20,BE,False,0.0
2022,4,10,4567048,Kenneth Walker III,RB,20,BE,False,3.4000000000000004
2022,4,10,4426502,Drake London,WR,23,FLEX,True,3.7
2022,4,10,4040655,Darnell Mooney,WR,20,BE,False,13.4
2022,4,10,3059915,Kareem Hunt,RB,2,RB,True,8.8
2022,4,10,15683,Justin Tucker,K,17,K,True,11.0
2022,4,10,-16006,Cowboys D/ST,D/ST,16,D/ST,True,11.0
2022,4,10,4379399,James Cook,RB,20,BE,False,0.0
2022,4,10,4249087,Matt Gay,K,20,BE,False,9.0
2022,4,1,3045147,James Conner,RB,2,RB,True,10.7
2022,4,1,16800,Davante Adams,WR,4,WR,True,19.5
2022,4,1,4239993,Tee Higgins,WR,23,FLEX,True,28.4
2022,4,1,4240021,Cam Akers,RB,2,RB,True,1.3
2022,4,1,3121422,Terry McLaurin,WR,4,WR,True,3.5
2022,4,1,3915511,Joe Burrow,QB,0,QB,True,27.08
2022,4,1,4241985,J.K. Dobbins,RB,20,BE,False,22.3
2022,4,1,16757,Derek Carr,QB,20,BE,False,11.52
2022,4,1,2573401,Tyler Higbee,TE,6,TE,True,17.3
2022,4,1,4567156,Treylon Burks,WR,20,BE,False,3.8
2022,4,1,4039359,Darrell Henderson Jr.,RB,20,BE,False,6.9
2022,4,1,-16014,Rams D/ST,D/ST,20,BE,False,0.0
2022,4,1,12731,Ryan Succop,K,17,K,True,8.0
2022,4,1,4361370,Chris Olave,WR,23,FLEX,True,16.7
2022,4,1,3915486,Tyler Conklin,TE,20,BE,False,8.2
2022,4,1,-16024,Chargers D/ST,D/ST,16,D/ST,True,8.0
2022,4,8,3054850,Alvin Kamara,RB,2,RB,True,0.0
2022,4,8,4259545,D'Andre Swift,RB,21,IR,False,0.0
2022,4,8,2976212,Stefon Diggs,WR,4,WR,True,10.2
2022,4,8,3918298,Josh Allen,QB,0,QB,True,25.52
2022,4,8,4035687,Michael Pittman Jr.,WR,4,WR,True,6.1
2022,4,8,3121023,Dallas Goedert,TE,6,TE,True,12.2
2022,4,8,15807,Cordarrelle Patterson,RB,2,RB,True,9.8
2022,4,8,-16025,49ers D/ST,D/ST,16,D/ST,True,22.0
2022,4,8,16790,Jarvis Landry,WR,20,BE,False,4.7
2022,4,8,13981,Mark Ingram II,RB,20,BE,False,7.3
2022,4,8,3975763,Greg Joseph,K,17,K,True,17.0
2022,4,8,2572861,J.D. McKissic,RB,23,FLEX,True,8.6
2022,4,8,4426354,George Pickens,WR,20,BE,False,16.200000000000003
2022,4,8,3051738,Marquez Valdes-Scantling,WR,23,FLEX,True,9.3
2022,4,8,15864,Geno Smith,QB,20,BE,False,35.7
2022,4,8,3055899,Harrison Butker,K,21,IR,False,0.0
2022,4,8,15971,Rex Burkhead,RB,20,BE,False,14.9
2022,4,6,3116406,Tyreek Hill,WR,4,WR,True,25.9
2022,4,6,3916387,Lamar Jackson,QB,0,QB,True,15.060000000000002
2022,4,6,3126486,Deebo Samuel,WR,4,WR,True,26.7
2022,4,6,4569173,Rhamondre Stevenson,RB,2,RB,True,12.900000000000002
2022,4,6,3040151,George Kittle,TE,6,TE,True,4.4
2022,4,6,4374302,Amon-Ra St. Brown,WR,20,BE,False,0.0
2022,4,6,3932905,Diontae Johnson,WR,23,FLEX,True,4.2
2022,4,6,4360294,Antonio Gibson,RB,2,RB,True,9.3
2022,4,6,3916430,Nyheim Hines,RB,20,BE,False,2.3
2022,4,6,4360310,Trevor Lawrence,QB,20,BE,False,9.66
2022,4,6,4039050,Devin Duvernay,WR,20,BE,False,9.100000000000001
2022,4,6,16813,Logan Thomas,TE,20,BE,False,6.9
2022,4,6,2576414,Raheem Mostert,RB,20,BE,False,10.100000000000001
2022,4,6,16486,Brett Maher,K,17,K,True,15.0
2022,4,6,-16021,Eagles D/ST,D/ST,16,D/ST,True,17.0
2022,4,6,3115306,Josh Reynolds,WR,23,FLEX,True,21.1
2022,4,7,3116593,Dalvin Cook,RB,2,RB,True,10.600000000000001
2022,4,7,3116385,Joe Mixon,RB,2,RB,True,17.400000000000002
2022,4,7,3116365,Mark Andrews,TE,6,TE,True,3.5
2022,4,7,4045163,Miles Sanders,RB,20,BE,False,29.599999999999998
2022,4,7,2976316,Michael Thomas,WR,20,BE,False,0.0
2022,4,7,2576925,Darren Waller,TE,20,BE,False,5.4
2022,4,7,4047365,Josh Jacobs,RB,23,FLEX,True,34.5
2022,4,7,4241372,Marquise Brown,WR,23,FLEX,True,20.8
2022,4,7,8439,Aaron Rodgers,QB,0,QB,True,20.14
2022,4,7,14881,Russell Wilson,QB,20,BE,False,31.480000000000004
2022,4,7,4360939,Rashod Bateman,WR,4,WR,True,4.7
2022,4,7,-16033,Ravens D/ST,D/ST,16,D/ST,True,5.0
2022,4,7,4036348,Michael Gallup,WR,20,BE,False,10.4
2022,4,7,3917232,Tyler Bass,K,17,K,True,11.0
2022,4,7,4048244,Alexander Mattison,RB,20,BE,False,8.8
2022,4,7,3121427,Curtis Samuel,WR,4,WR,True,7.800000000000001
2022,5,9,3117251,Christian McCaffrey,RB,2,RB,True,23.4
2022,5,9,15847,Travis Kelce,TE,6,TE,True,33.5
2022,5,9,16737,Mike Evans,WR,4,WR,True,12.1
2022,5,9,4047650,DK Metcalf,WR,4,WR,True,20.8
2022,5,9,3116165,Chris Godwin,WR,20,BE,False,12.3
2022,5,9,4040761,Devin Singletary,RB,20,BE,False,5.6000000000000005
2022,5,9,3128429,Courtland Sutton,WR,23,FLEX,True,12.4
2022,5,9,4569618,Garrett Wilson,WR,23,FLEX,True,5.7
2022,5,9,2576434,Melvin Gordon III,RB,20,BE,False,13.3
2022,5,9,4240657,Michael Carter,RB,20,BE,False,17.3
2022,5,9,-16023,Steelers D/ST,D/ST,16,D/ST,True,-5.0
2022,5,9,11122,Matt Prater,K,17,K,True,0.0
2022,5,9,2980453,Jamaal Williams,RB,2,RB,True,5.6000000000000005
2022,5,9,2971618,Nelson Agholor,WR,20,BE,False,0.0
2022,5,9,3917792,Daniel Jones,QB,0,QB,True,12.379999999999999
2022,5,9,2969939,Jameis Winston,QB,20,BE,False,0.0
2022,5,2,3042519,Aaron Jones,RB,2,RB,True,10.0
2022,5,2,2977187,Cooper Kupp,WR,4,WR,True,28.9
2022,5,2,3120348,JuJu Smith-Schuster,WR,4,WR,True,6.300000000000001
2022,5,2,3051392,Ezekiel Elliott,RB,2,RB,True,7.800000000000001
2022,5,2,3917315,Kyler Murray,QB,0,QB,True,18.2
2022,5,2,4240600,Kadarius Toney,WR,20,BE,False,0.0
2022,5,2,4258595,Cole Kmet,TE,20,BE,False,8.5
2022,5,2,-16011,Colts D/ST,D/ST,20,BE,False,13.0
2022,5,2,16339,Brandon McManus,K,20,BE,False,10.0
2022,5,2,3916433,Jakobi Meyers,WR,20,BE,False,24.1
2022,5,2,3115378,Russell Gage,WR,23,FLEX,True,6.0
2022,5,2,-16015,Dolphins D/ST,D/ST,16,D/ST,True,-1.0
2022,5,2,12460,Graham Gano,K,17,K,True,10.0
2022,5,2,4373626,Tyler Allgeier,RB,20,BE,False,4.5
2022,5,2,3051876,Evan Engram,TE,6,TE,True,12.9
2022,5,2,16782,Jerick McKinnon,RB,23,FLEX,True,9.200000000000001
2022,5,5,4241389,CeeDee Lamb,WR,4,WR,True,10.3
2022,5,5,4239934,AJ Dillon,RB,23,FLEX,True,3.4000000000000004
2022,5,5,4242214,Clyde Edwards-Helaire,RB,2,RB,True,6.5
2022,5,5,2576980,Marcus Mariota,QB,20,BE,False,19.98
2022,5,5,4243537,Gabe Davis,WR,20,BE,False,38.1
2022,5,5,4036133,T.J. Hockenson,TE,6,TE,True,1.6
2022,5,5,2577417,Dak Prescott,QB,21,IR,False,0.0
2022,5,5,-16009,Packers D/ST,D/ST,16,D/ST,True,3.0
2022,5,5,3124679,Jason Sanders,K,17,K,True,5.0
2022,5,5,4371733,Kenneth Gainwell,RB,20,BE,False,2.0
2022,5,5,3046779,Jared Goff,QB,0,QB,True,5.86
2022,5,5,3128724,Isaiah McKenzie,WR,20,BE,False,0.0
2022,5,5,15880,Robert Woods,WR,4,WR,True,7.7
2022,5,5,15818,Keenan Allen,WR,20,BE,False,0.0
2022,5,5,3119195,Chase Edmonds,RB,2,RB,True,0.1
2022,5,5,3042778,Corey Davis,WR,23,FLEX,True,5.800000000000001
2022,5,5,3123076,David Njoku,TE,20,BE,False,14.8
2022,5,11,3068267,Austin Ekeler,RB,2,RB,True,35.9
2022,5,11,3929630,Saquon Barkley,RB,2,RB,True,19.6
2022,5,11,4038941,Justin Herbert,QB,0,QB,True,16.42
2022,5,11,4360438,Brandon Aiyuk,WR,4,WR,True,8.8
2022,5,11,3117256,Dalton Schultz,TE,6,TE,True,0.0
2022,5,11,2577327,Tyler Lockett,WR,4,WR,True,28.4
2022,5,11,14880,Kirk Cousins,QB,20,BE,False,24.240000000000002
2022,5,11,3916148,Tony Pollard,RB,20,BE,False,17.6
2022,5,11,15795,DeAndre Hopkins,WR,20,BE,False,0.0
2022,5,11,3139925,Rashaad Penny,RB,23,FLEX,True,5.4
2022,5,11,4046692,Chase Claypool,WR,20,BE,False,10.0
2022,5,11,-16027,Buccaneers D/ST,D/ST,16,D/ST,True,8.0
2022,5,11,3051909,Daniel Carlson,K,17,K,True,16.0
2022,5,11,4036131,Noah Fant,TE,20,BE,False,7.9
2022,5,11,13982,Julio Jones,WR,20,BE,False,0.0
2022,5,11,4242433,Joshua Palmer,WR,23,FLEX,True,5.4
2022,5,12,4242335,Jonathan Taylor,RB,20,BE,False,0.0
2022,5,12,4262921,Justin Jefferson,WR,4,WR,True,30.32
2022,5,12,3115364,Leonard Fournette,RB,2,RB,True,35.900000000000006
2022,5,12,4241463,Jerry Jeudy,WR,23,FLEX,True,8.3
2022,5,12,3045144,Tyler Boyd,WR,20,BE,False,6.2
2022,5,12,4052042,James Robinson,RB,2,RB,True,5.9
2022,5,12,4241474,Brian Robinson Jr.,RB,20,BE,False,2.2
2022,5,12,4361409,Jahan Dotson,WR,21,IR,False,0.0
2022,5,12,12483,Matthew Stafford,QB,20,BE,False,15.32
2022,5,12,3918639,Gerald Everett,TE,6,TE,True,1.2
2022,5,12,3049899,Younghoe Koo,K,17,K,True,0.0
2022,5,12,4361432,Romeo Doubs,WR,23,FLEX,True,5.9
2022,5,12,-16002,Bills D/ST,D/ST,16,D/ST,True,11.0
2022,5,12,3135321,Hunter Renfrow,WR,20,BE,False,6.5
2022,5,12,15920,Latavius Murray,RB,20,BE,False,0.0
2022,5,12,3932905,Diontae Johnson,WR,4,WR,True,11.0
2022,5,12,4240703,Kenny Pickett,QB,0,QB,True,12.08
2022,5,4,4241457,Najee Harris,RB,23,FLEX,True,6.6
2022,5,4,3128720,Nick Chubb,RB,2,RB,True,26.4
2022,5,4,4372016,Jaylen Waddle,WR,4,WR,True,5.300000000000001
2022,5,4,4241479,Tua Tagovailoa,QB,20,BE,False,0.0
2022,5,4,4372414,Elijah Moore,WR,20,BE,False,2.1
2022,5,4,4241478,DeVonta Smith,WR,4,WR,True,18.700000000000003
2022,5,4,3128390,Allen Lazard,WR,23,FLEX,True,13.5
2022,5,4,10621,Nick Folk,K,17,K,True,18.0
2022,5,4,4035886,Khalil Herbert,RB,2,RB,True,1.1
2022,5,4,15072,Marvin Jones Jr.,WR,20,BE,False,17.4
2022,5,4,17359,Damien Williams,RB,21,IR,False,0.0
2022,5,4,-16004,Bengals D/ST,D/ST,20,BE,False,3.0
2022,5,4,2574808,Robbie Anderson,WR,20,BE,False,4.2
2022,5,4,3139033,Mike Boone,RB,20,BE,False,11.5
2022,5,4,14876,Ryan Tannehill,QB,0,QB,True,13.54
2022,5,4,-16016,Vikings D/ST,D/ST,16,D/ST,True,6.0
2022,5,4,3127292,Will Dissly,TE,6,TE,True,4.1
2022,5,3,3043078,Derrick Henry,RB,2,RB,True,27.200000000000003
2022,5,3,4362628,Ja'Marr Chase,WR,4,WR,True,12.0
2022,5,3,4047646,A.J. Brown,WR,4,WR,True,6.2
2022,5,3,4239996,Travis Etienne Jr.,RB,20,BE,False,14.400000000000002
2022,5,3,4040715,Jalen Hurts,QB,0,QB,True,27.660000000000004
2022,5,3,4361411,Pat Freiermuth,TE,20,BE,False,3.2
2022,5,3,16460,Adam Thielen,WR,23,FLEX,True,6.7
2022,5,3,4360238,Dameon Pierce,RB,2,RB,True,20.299999999999997
2022,5,3,4241555,Elijah Mitchell,RB,20,BE,False,0.0
2022,5,3,16799,Allen Robinson II,WR,20,BE,False,4.2
2022,5,3,2976499,Amari Cooper,WR,23,FLEX,True,20.6
2022,5,3,3895856,Christian Kirk,WR,20,BE,False,2.1
2022,5,3,3925347,Damien Harris,RB,20,BE,False,2.2
2022,5,3,15835,Zach Ertz,TE,6,TE,True,10.8
2022,5,3,4360234,Evan McPherson,K,17,K,True,6.0
2022,5,3,-16018,Saints D/ST,D/ST,16,D/ST,True,4.0
2022,5,1,3045147,James Conner,RB,2,RB,True,7.3
2022,5,1,16800,Davante Adams,WR,4,WR,True,31.4
2022,5,1,4239993,Tee Higgins,WR,23,FLEX,True,0.0
2022,5,1,4240021,Cam Akers,RB,20,BE,False,3.3000000000000003
2022,5,1,3121422,Terry McLaurin,WR,4,WR,True,12.600000000000001
2022,5,1,3915511,Joe Burrow,QB,0,QB,True,19.28
2022,5,1,4241985,J.K. Dobbins,RB,2,RB,True,4.4
2022,5,1,16757,Derek Carr,QB,20,BE,False,25.94
2022,5,1,2573401,Tyler Higbee,TE,6,TE,True,11.600000000000001
2022,5,1,4567156,Treylon Burks,WR,20,BE,False,0.0
2022,5,1,4039359,Darrell Henderson Jr.,RB,20,BE,False,7.0
2022,5,1,-16014,Rams D/ST,D/ST,20,BE,False,6.0
2022,5,1,12731,Ryan Succop,K,17,K,True,8.0
2022,5,1,4361370,Chris Olave,WR,23,FLEX,True,15.4
2022,5,1,3915486,Tyler Conklin,TE,20,BE,False,0.0
2022,5,1,-16030,Jaguars D/ST,D/ST,16,D/ST,True,6.0
2022,5,10,3139477,Patrick Mahomes,QB,0,QB,True,38.480000000000004
2022,5,10,4427366,Breece Hall,RB,2,RB,True,27.700000000000003
2022,5,10,2330,Tom Brady,QB,20,BE,False,21.740000000000002
2022,5,10,3915416,DJ Moore,WR,4,WR,True,10.7
2022,5,10,3045138,Mike Williams,WR,4,WR,True,23.4
2022,5,10,4360248,Kyle Pitts,TE,21,IR,False,0.0
2022,5,10,16731,Brandin Cooks,WR,23,FLEX,True,6.0
2022,5,10,4035538,David Montgomery,RB,20,BE,False,18.2
2022,5,10,4567048,Kenneth Walker III,RB,20,BE,False,17.8
2022,5,10,4426502,Drake London,WR,23,FLEX,True,7.5
2022,5,10,4040655,Darnell Mooney,WR,20,BE,False,7.2
2022,5,10,3059915,Kareem Hunt,RB,2,RB,True,14.7
2022,5,10,15683,Justin Tucker,K,17,K,True,16.0
2022,5,10,-16006,Cowboys D/ST,D/ST,16,D/ST,True,22.0
2022,5,10,4379399,James Cook,RB,20,BE,False,9.1
2022,5,10,4249087,Matt Gay,K,20,BE,False,3.0
2022,5,10,2975674,Robert Tonyan,TE,6,TE,True,6.300000000000001
2022,5,6,3116406,Tyreek Hill,WR,4,WR,True,13.0
2022,5,6,3916387,Lamar Jackson,QB,0,QB,True,16.76
2022,5,6,3126486,Deebo Samuel,WR,4,WR,True,11.2
2022,5,6,4569173,Rhamondre Stevenson,RB,2,RB,True,19.5
2022,5,6,3040151,George Kittle,TE,6,TE,True,7.7
2022,5,6,4374302,Amon-Ra St. Brown,WR,23,FLEX,True,5.8
2022,5,6,4360294,Antonio Gibson,RB,20,BE,False,6.9
2022,5,6,3916430,Nyheim Hines,RB,23,FLEX,True,1.8
2022,5,6,4360310,Trevor Lawrence,QB,20,BE,False,10.34
2022,5,6,4039050,Devin Duvernay,WR,20,BE,False,12.8
2022,5,6,2576414,Raheem Mostert,RB,20,BE,False,19.2
2022,5,6,16486,Brett Maher,K,17,K,True,11.0
2022,5,6,-16021,Eagles D/ST,D/ST,20,BE,False,4.0
2022,5,6,3115306,Josh Reynolds,WR,20,BE,False,15.200000000000001
2022,5,6,-16007,Broncos D/ST,D/ST,16,D/ST,True,13.0
2022,5,6,3122976,Jeff Wilson Jr.,RB,2,RB,True,20.2
2022,5,8,3054850,Alvin Kamara,RB,2,RB,True,23.4
2022,5,8,4259545,D'Andre Swift,RB,21,IR,False,0.0
2022,5,8,2976212,Stefon Diggs,WR,4,WR,True,24.200000000000003
2022,5,8,3918298,Josh Allen,QB,0,QB,True,51.16
2022,5,8,4035687,Michael Pittman Jr.,WR,4,WR,True,10.9
2022,5,8,3121023,Dallas Goedert,TE,6,TE,True,17.5
2022,5,8,-16025,49ers D/ST,D/ST,16,D/ST,True,15.0
2022,5,8,16790,Jarvis Landry,WR,20,BE,False,0.0
2022,5,8,13981,Mark Ingram II,RB,20,BE,False,3.6
2022,5,8,3975763,Greg Joseph,K,17,K,True,1.0
2022,5,8,2572861,J.D. McKissic,RB,20,BE,False,8.7
2022,5,8,4426354,George Pickens,WR,23,FLEX,True,14.3
2022,5,8,3051738,Marquez Valdes-Scantling,WR,23,FLEX,True,15.0
2022,5,8,15864,Geno Smith,QB,20,BE,False,34.02
2022,5,8,3055899,Harrison Butker,K,21,IR,False,0.0
2022,5,8,15971,Rex Burkhead,RB,2,RB,True,4.8
2022,5,8,4361529,Isiah Pacheco,RB,20,BE,False,0.0
2022,5,7,3116593,Dalvin Cook,RB,2,RB,True,26.099999999999998
2022,5,7,3116385,Joe Mixon,RB,2,RB,True,11.8
2022,5,7,3116365,Mark Andrews,TE,6,TE,True,22.9
2022,5,7,4045163,Miles Sanders,RB,23,FLEX,True,8.4
2022,5,7,2976316,Michael Thomas,WR,20,BE,False,0.0
2022,5,7,2576925,Darren Waller,TE,20,BE,False,0.0
2022,5,7,4047365,Josh Jacobs,RB,23,FLEX,True,30.299999999999997
2022,5,7,4241372,Marquise Brown,WR,4,WR,True,21.8
2022,5,7,8439,Aaron Rodgers,QB,20,BE,False,20.880000000000003
2022,5,7,14881,Russell Wilson,QB,0,QB,True,9.16
2022,5,7,4360939,Rashod Bateman,WR,20,BE,False,0.0
2022,5,7,-16033,Ravens D/ST,D/ST,16,D/ST,True,8.0
2022,5,7,4036348,Michael Gallup,WR,20,BE,False,8.4
2022,5,7,3917232,Tyler Bass,K,17,K,True,7.0
2022,5,7,4048244,Alexander Mattison,RB,20,BE,False,7.0
2022,5,7,3121427,Curtis Samuel,WR,4,WR,True,12.2
2022,6,2,3042519,Aaron Jones,RB,2,RB,True,7.4
2022,6,2,2977187,Cooper Kupp,WR,4,WR,True,16.7
2022,6,2,3120348,JuJu Smith-Schuster,WR,4,WR,True,23.3
2022,6,2,3051392,Ezekiel Elliott,RB,2,RB,True,15.6
2022,6,2,3917315,Kyler Murray,QB,0,QB,True,14.880000000000003
2022,6,2,4240600,Kadarius Toney,WR,20,BE,False,0.0
2022,6,2,4258595,Cole Kmet,TE,20,BE,False,2.5
2022,6,2,-16011,Colts D/ST,D/ST,16,D/ST,True,6.0
2022,6,2,16339,Brandon McManus,K,20,BE,False,13.0
2022,6,2,3916433,Jakobi Meyers,WR,23,FLEX,True,10.0
2022,6,2,3115378,Russell Gage,WR,23,FLEX,True,4.0
2022,6,2,-16015,Dolphins D/ST,D/ST,20,BE,False,5.0
2022,6,2,12460,Graham Gano,K,17,K,True,6.0
2022,6,2,4373626,Tyler Allgeier,RB,20,BE,False,5.1000000000000005
2022,6,2,3051876,Evan Engram,TE,6,TE,True,9.0
2022,6,2,16782,Jerick McKinnon,RB,20,BE,False,6.0
2022,6,11,3068267,Austin Ekeler,RB,2,RB,True,24.3
2022,6,11,3929630,Saquon Barkley,RB,2,RB,True,18.5
2022,6,11,4038941,Justin Herbert,QB,0,QB,True,8.42
2022,6,11,4360438,Brandon Aiyuk,WR,4,WR,True,28.3
2022,6,11,2577327,Tyler Lockett,WR,4,WR,True,3.7
2022,6,11,14880,Kirk Cousins,QB,20,BE,False,20.5
2022,6,11,3916148,Tony Pollard,RB,23,FLEX,True,7.2
2022,6,11,15795,DeAndre Hopkins,WR,20,BE,False,0.0
2022,6,11,4046692,Chase Claypool,WR,20,BE,False,23.400000000000002
2022,6,11,-16027,Buccaneers D/ST,D/ST,16,D/ST,True,4.0
2022,6,11,4036131,Noah Fant,TE,6,TE,True,10.5
2022,6,11,13982,Julio Jones,WR,20,BE,False,0.0
2022,6,11,4242433,Joshua Palmer,WR,23,FLEX,True,14.7
2022,6,11,2979477,Tevin Coleman,RB,20,BE,False,0.30000000000000004
2022,6,11,2468609,Taysom Hill,TE,20,BE,False,4.54
2022,6,11,2473037,Jason Myers,K,17,K,True,13.0
2022,6,4,4241457,Najee Harris,RB,2,RB,True,12.899999999999999
2022,6,4,3128720,Nick Chubb,RB,2,RB,True,8.0
2022,6,4,4372016,Jaylen Waddle,WR,4,WR,True,16.9
2022,6,4,4241479,Tua Tagovailoa,QB,21,IR,False,0.0
2022,6,4,4372414,Elijah Moore,WR,20,BE,False,0.0
2022,6,4,4241478,DeVonta Smith,WR,4,WR,True,15.4
2022,6,4,3128390,Allen Lazard,WR,23,FLEX,True,17.6
2022,6,4,10621,Nick Folk,K,17,K,True,7.0
2022,6,4,4035886,Khalil Herbert,RB,20,BE,False,7.4
2022,6,4,15072,Marvin Jones Jr.,WR,20,BE,False,0.0
2022,6,4,17359,Damien Williams,RB,21,IR,False,0.0
2022,6,4,-16004,Bengals D/ST,D/ST,20,BE,False,1.0
2022,6,4,2574808,Robbie Anderson,WR,20,BE,False,0.0
2022,6,4,3139033,Mike Boone,RB,23,FLEX,True,1.4000000000000001
2022,6,4,14876,Ryan Tannehill,QB,20,BE,False,0.0
2022,6,4,-16016,Vikings D/ST,D/ST,16,D/ST,True,9.0
2022,6,4,3127292,Will Dissly,TE,6,TE,True,2.2
2022,6,4,16760,Jimmy Garoppolo,QB,0,QB,True,20.939999999999998
2022,6,9,3117251,Christian McCaffrey,RB,2,RB,True,22.8
2022,6,9,15847,Travis Kelce,TE,6,TE,True,19.200000000000003
2022,6,9,16737,Mike Evans,WR,4,WR,True,8.2
2022,6,9,4047650,DK Metcalf,WR,4,WR,True,5.4
2022,6,9,3116165,Chris Godwin,WR,20,BE,False,15.5
2022,6,9,4040761,Devin Singletary,RB,2,RB,True,14.7
2022,6,9,3128429,Courtland Sutton,WR,23,FLEX,True,3.4000000000000004
2022,6,9,4569618,Garrett Wilson,WR,23,FLEX,True,1.8
2022,6,9,2576434,Melvin Gordon III,RB,20,BE,False,0.8
2022,6,9,4240657,Michael Carter,RB,20,BE,False,5.700000000000001
2022,6,9,-16023,Steelers D/ST,D/ST,16,D/ST,True,2.0
2022,6,9,2980453,Jamaal Williams,RB,20,BE,False,0.0
2022,6,9,2971618,Nelson Agholor,WR,20,BE,False,0.0
2022,6,9,3917792,Daniel Jones,QB,0,QB,True,17.52
2022,6,9,2573079,Carson Wentz,QB,20,BE,False,4.16
2022,6,9,3050478,Jake Elliott,K,17,K,True,10.0
2022,6,1,3045147,James Conner,RB,20,BE,False,0.0
2022,6,1,16800,Davante Adams,WR,20,BE,False,0.0
2022,6,1,4239993,Tee Higgins,WR,4,WR,True,10.7
2022,6,1,4240021,Cam Akers,RB,20,BE,False,0.0
2022,6,1,3121422,Terry McLaurin,WR,4,WR,True,8.2
2022,6,1,3915511,Joe Burrow,QB,0,QB,True,41.5
2022,6,1,4241985,J.K. Dobbins,RB,2,RB,True,1.5
2022,6,1,16757,Derek Carr,QB,20,BE,False,0.0
2022,6,1,2573401,Tyler Higbee,TE,6,TE,True,1.7000000000000002
2022,6,1,4567156,Treylon Burks,WR,21,IR,False,0.0
2022,6,1,4039359,Darrell Henderson Jr.,RB,2,RB,True,13.200000000000001
2022,6,1,-16014,Rams D/ST,D/ST,16,D/ST,True,10.0
2022,6,1,12731,Ryan Succop,K,17,K,True,14.0
2022,6,1,4361370,Chris Olave,WR,20,BE,False,0.0
2022,6,1,4372485,Rondale Moore,WR,23,FLEX,True,10.9
2022,6,1,4239934,AJ Dillon,RB,23,FLEX,True,9.200000000000001
2022,6,1,4360078,Alec Pierce,WR,20,BE,False,13.9
2022,6,5,4241389,CeeDee Lamb,WR,4,WR,True,12.700000000000001
2022,6,5,4242214,Clyde Edwards-Helaire,RB,2,RB,True,3.3000000000000003
2022,6,5,4243537,Gabe Davis,WR,4,WR,True,16.4
2022,6,5,4036133,T.J. Hockenson,TE,20,BE,False,0.0
2022,6,5,2577417,Dak Prescott,QB,21,IR,False,0.0
2022,6,5,-16009,Packers D/ST,D/ST,16,D/ST,True,4.0
2022,6,5,3124679,Jason Sanders,K,17,K,True,4.0
2022,6,5,4371733,Kenneth Gainwell,RB,20,BE,False,2.5
2022,6,5,3046779,Jared Goff,QB,20,BE,False,0.0
2022,6,5,3128724,Isaiah McKenzie,WR,20,BE,False,2.9
2022,6,5,15880,Robert Woods,WR,20,BE,False,0.0
2022,6,5,15818,Keenan Allen,WR,20,BE,False,0.0
2022,6,5,3119195,Chase Edmonds,RB,2,RB,True,5.1
2022,6,5,3123076,David Njoku,TE,6,TE,True,8.8
2022,6,5,4362887,Justin Fields,QB,0,QB,True,21.400000000000002
2022,6,5,3910544,Joshua Kelley,RB,23,FLEX,True,0.0
2022,6,5,3916945,Darius Slayton,WR,23,FLEX,True,2.8
2022,6,6,3116406,Tyreek Hill,WR,4,WR,True,29.7
2022,6,6,3916387,Lamar Jackson,QB,0,QB,True,18.1
2022,6,6,3126486,Deebo Samuel,WR,4,WR,True,16.0
2022,6,6,4569173,Rhamondre Stevenson,RB,2,RB,True,25.1
2022,6,6,3040151,George Kittle,TE,6,TE,True,16.3
2022,6,6,4374302,Amon-Ra St. Brown,WR,20,BE,False,0.0
2022,6,6,4360294,Antonio Gibson,RB,20,BE,False,8.3
2022,6,6,3916430,Nyheim Hines,RB,20,BE,False,0.0
2022,6,6,4360310,Trevor Lawrence,QB,20,BE,False,26.900000000000002
2022,6,6,4039050,Devin Duvernay,WR,23,FLEX,True,2.4000000000000004
2022,6,6,2576414,Raheem Mostert,RB,23,FLEX,True,5.800000000000001
2022,6,6,16486,Brett Maher,K,17,K,True,4.0
2022,6,6,-16021,Eagles D/ST,D/ST,16,D/ST,True,7.0
2022,6,6,3115306,Josh Reynolds,WR,20,BE,False,0.0
2022,6,6,3122976,Jeff Wilson Jr.,RB,2,RB,True,0.5
2022,6,6,4360939,Rashod Bateman,WR,20,BE,False,0.0
2022,6,12,4242335,Jonathan Taylor,RB,21,IR,False,0.0
2022,6,12,4262921,Justin Jefferson,WR,4,WR,True,16.700000000000003
2022,6,12,3115364,Leonard Fournette,RB,2,RB,True,22.1
2022,6,12,4241463,Jerry Jeudy,WR,23,FLEX,True,8.4
2022,6,12,4052042,James Robinson,RB,20,BE,False,6.5
2022,6,12,4241474,Brian Robinson Jr.,RB,23,FLEX,True,12.0
2022,6,12,4361409,Jahan Dotson,WR,21,IR,False,0.0
2022,6,12,3918639,Gerald Everett,TE,6,TE,True,7.9
2022,6,12,3049899,Younghoe Koo,K,17,K,True,4.0
2022,6,12,4361432,Romeo Doubs,WR,20,BE,False,6.1
2022,6,12,-16002,Bills D/ST,D/ST,16,D/ST,True,7.0
2022,6,12,3135321,Hunter Renfrow,WR,20,BE,False,0.0
2022,6,12,15920,Latavius Murray,RB,20,BE,False,7.4
2022,6,12,3932905,Diontae Johnson,WR,4,WR,True,8.6
2022,6,12,14881,Russell Wilson,QB,0,QB,True,15.82
2022,6,12,3042778,Corey Davis,WR,20,BE,False,7.2
2022,6,12,4240455,Deon Jackson,RB,2,RB,True,28.1
2022,6,12,3930086,Dawson Knox,TE,20,BE,False,12.7
2022,6,7,3116593,Dalvin Cook,RB,2,RB,True,18.299999999999997
2022,6,7,3116385,Joe Mixon,RB,2,RB,True,16.8
2022,6,7,3116365,Mark Andrews,TE,6,TE,True,23.6
2022,6,7,4045163,Miles Sanders,RB,23,FLEX,True,14.200000000000001
2022,6,7,2976316,Michael Thomas,WR,20,BE,False,0.0
2022,6,7,2576925,Darren Waller,TE,20,BE,False,0.0
2022,6,7,4047365,Josh Jacobs,RB,20,BE,False,0.0
2022,6,7,4241372,Marquise Brown,WR,4,WR,True,11.8
2022,6,7,8439,Aaron Rodgers,QB,0,QB,True,13.84
2022,6,7,-16033,Ravens D/ST,D/ST,16,D/ST,True,8.0
2022,6,7,4036348,Michael Gallup,WR,20,BE,False,3.8
2022,6,7,3917232,Tyler Bass,K,17,K,True,6.0
2022,6,7,3121427,Curtis Samuel,WR,4,WR,True,2.6
2022,6,7,12483,Matthew Stafford,QB,20,BE,False,13.82
2022,6,7,15807,Cordarrelle Patterson,RB,21,IR,False,0.0
2022,6,7,4242873,Eno Benjamin,RB,23,FLEX,True,9.5
2022,6,3,3043078,Derrick Henry,RB,20,BE,False,0.0
2022,6,3,4362628,Ja'Marr Chase,WR,4,WR,True,35.2
2022,6,3,4047646,A.J. Brown,WR,4,WR,True,17.7
2022,6,3,4239996,Travis Etienne Jr.,RB,2,RB,True,12.8
2022,6,3,4040715,Jalen Hurts,QB,0,QB,True,20.9
2022,6,3,4361411,Pat Freiermuth,TE,20,BE,False,0.0
2022,6,3,16460,Adam Thielen,WR,20,BE,False,15.6
2022,6,3,4360238,Dameon Pierce,RB,20,BE,False,0.0
2022,6,3,16799,Allen Robinson II,WR,20,BE,False,17.3
2022,6,3,2976499,Amari Cooper,WR,23,FLEX,True,14.4
2022,6,3,3895856,Christian Kirk,WR,23,FLEX,True,10.8
2022,6,3,3925347,Damien Harris,RB,20,BE,False,0.0
2022,6,3,15835,Zach Ertz,TE,6,TE,True,14.0
2022,6,3,4360234,Evan McPherson,K,17,K,True,8.0
2022,6,3,-16018,Saints D/ST,D/ST,16,D/ST,True,4.0
2022,6,3,4048244,Alexander Mattison,RB,2,RB,True,0.30000000000000004
2022,6,8,3054850,Alvin Kamara,RB,2,RB,True,18.4
2022,6,8,4259545,D'Andre Swift,RB,21,IR,False,0.0
2022,6,8,2976212,Stefon Diggs,WR,4,WR,True,30.8
2022,6,8,3918298,Josh Allen,QB,0,QB,True,32.36
2022,6,8,4035687,Michael Pittman Jr.,WR,4,WR,True,26.4
2022,6,8,3121023,Dallas Goedert,TE,6,TE,True,4.2
2022,6,8,-16025,49ers D/ST,D/ST,16,D/ST,True,4.0
2022,6,8,13981,Mark Ingram II,RB,20,BE,False,6.700000000000001
2022,6,8,2572861,J.D. McKissic,RB,2,RB,True,2.0
2022,6,8,4426354,George Pickens,WR,23,FLEX,True,5.800000000000001
2022,6,8,3051738,Marquez Valdes-Scantling,WR,23,FLEX,True,0.0
2022,6,8,15864,Geno Smith,QB,20,BE,False,12.68
2022,6,8,3055899,Harrison Butker,K,17,K,True,11.0
2022,6,8,4361529,Isiah Pacheco,RB,20,BE,False,3.8
2022,6,8,3051909,Daniel Carlson,K,20,BE,False,0.0
2022,6,8,3915486,Tyler Conklin,TE,20,BE,False,2.7
2022,6,8,3045144,Tyler Boyd,WR,20,BE,False,12.600000000000001
2022,6,10,3139477,Patrick Mahomes,QB,0,QB,True,24.619999999999997
2022,6,10,4427366,Breece Hall,RB,2,RB,True,20.1
2022,6,10,2330,Tom Brady,QB,20,BE,False,15.72
2022,6,10,3915416,DJ Moore,WR,4,WR,True,3.7
2022,6,10,3045138,Mike Williams,WR,4,WR,True,3.7
2022,6,10,4360248,Kyle Pitts,TE,21,IR,False,10.9
2022,6,10,16731,Brandin Cooks,WR,20,BE,False,0.0
2022,6,10,4035538,David Montgomery,RB,23,FLEX,True,9.0
2022,6,10,4567048,Kenneth Walker III,RB,20,BE,False,19.000000000000004
2022,6,10,4426502,Drake London,WR,23,FLEX,True,7.0
2022,6,10,4040655,Darnell Mooney,WR,20,BE,False,13.8
2022,6,10,3059915,Kareem Hunt,RB,2,RB,True,1.2000000000000002
2022,6,10,15683,Justin Tucker,K,17,K,True,7.0
2022,6,10,-16006,Cowboys D/ST,D/ST,16,D/ST,True,6.0
2022,6,10,4249087,Matt Gay,K,20,BE,False,6.0
2022,6,10,2975674,Robert Tonyan,TE,20,BE,False,19.0
2022,6,10,3924365,Hayden Hurst,TE,6,TE,True,5.1
2022,7,4,4241457,Najee Harris,RB,2,RB,True,11.0
2022,7,4,3128720,Nick Chubb,RB,2,RB,True,18.700000000000003
2022,7,4,4372016,Jaylen Waddle,WR,4,WR,True,12.8
2022,7,4,4241479,Tua Tagovailoa,QB,0,QB,True,17.939999999999998
2022,7,4,4372414,Elijah Moore,WR,21,IR,False,0.0
2022,7,4,4241478,DeVonta Smith,WR,20,BE,False,0.0
2022,7,4,3128390,Allen Lazard,WR,23,FLEX,True,11.5
2022,7,4,10621,Nick Folk,K,17,K,True,2.0
2022,7,4,4035886,Khalil Herbert,RB,20,BE,False,15.7
2022,7,4,15072,Marvin Jones Jr.,WR,23,FLEX,True,9.7
2022,7,4,17359,Damien Williams,RB,21,IR,False,0.0
2022,7,4,-16004,Bengals D/ST,D/ST,16,D/ST,True,6.0
2022,7,4,2574808,Robbie Anderson,WR,20,BE,False,0.0
2022,7,4,3139033,Mike Boone,RB,20,BE,False,2.3000000000000003
2022,7,4,-16016,Vikings D/ST,D/ST,20,BE,False,0.0
2022,7,4,3127292,Will Dissly,TE,6,TE,True,8.5
2022,7,4,16760,Jimmy Garoppolo,QB,20,BE,False,20.32
2022,7,4,4360078,Alec Pierce,WR,4,WR,True,6.7
2022,7,2,3042519,Aaron Jones,RB,2,RB,True,28.6
2022,7,2,2977187,Cooper Kupp,WR,20,BE,False,0.0
2022,7,2,3120348,JuJu Smith-Schuster,WR,4,WR,True,26.4
2022,7,2,3051392,Ezekiel Elliott,RB,2,RB,True,17.7
2022,7,2,3917315,Kyler Murray,QB,0,QB,True,19.16
2022,7,2,4240600,Kadarius Toney,WR,20,BE,False,0.0
2022,7,2,4258595,Cole Kmet,TE,20,BE,False,5.2
2022,7,2,-16011,Colts D/ST,D/ST,16,D/ST,True,9.0
2022,7,2,16339,Brandon McManus,K,20,BE,False,2.0
2022,7,2,3916433,Jakobi Meyers,WR,23,FLEX,True,11.4
2022,7,2,3115378,Russell Gage,WR,4,WR,True,7.9
2022,7,2,-16015,Dolphins D/ST,D/ST,20,BE,False,11.0
2022,7,2,12460,Graham Gano,K,17,K,True,11.0
2022,7,2,4373626,Tyler Allgeier,RB,23,FLEX,True,11.0
2022,7,2,3051876,Evan Engram,TE,6,TE,True,10.7
2022,7,2,16782,Jerick McKinnon,RB,20,BE,False,6.800000000000001
2022,7,11,3068267,Austin Ekeler,RB,2,RB,True,36.7
2022,7,11,3929630,Saquon Barkley,RB,2,RB,True,17.5
2022,7,11,4038941,Justin Herbert,QB,0,QB,True,22.12
2022,7,11,4360438,Brandon Aiyuk,WR,23,FLEX,True,15.200000000000001
2022,7,11,2577327,Tyler Lockett,WR,4,WR,True,11.5
2022,7,11,14880,Kirk Cousins,QB,20,BE,False,0.0
2022,7,11,3916148,Tony Pollard,RB,23,FLEX,True,12.9
2022,7,11,15795,DeAndre Hopkins,WR,4,WR,True,20.3
2022,7,11,4046692,Chase Claypool,WR,20,BE,False,9.100000000000001
2022,7,11,-16027,Buccaneers D/ST,D/ST,16,D/ST,True,1.0
2022,7,11,4036131,Noah Fant,TE,6,TE,True,1.7000000000000002
2022,7,11,13982,Julio Jones,WR,20,BE,False,0.0
2022,7,11,4242433,Joshua Palmer,WR,20,BE,False,0.0
2022,7,11,2979477,Tevin Coleman,RB,20,BE,False,0.0
2022,7,11,2468609,Taysom Hill,TE,20,BE,False,10.120000000000001
2022,7,11,2473037,Jason Myers,K,17,K,True,16.0
2022,7,1,3045147,James Conner,RB,20,BE,False,0.0
2022,7,1,16800,Davante Adams,WR,4,WR,True,17.5
2022,7,1,4239993,Tee Higgins,WR,4,WR,True,14.3
2022,7,1,3121422,Terry McLaurin,WR,20,BE,False,18.3
2022,7,1,3915511,Joe Burrow,QB,0,QB,True,51.24
2022,7,1,4241985,J.K. Dobbins,RB,21,IR,False,0.0
2022,7,1,16757,Derek Carr,QB,20,BE,False,15.540000000000001
2022,7,1,2573401,Tyler Higbee,TE,20,BE,False,0.0
2022,7,1,4567156,Treylon Burks,WR,21,IR,False,0.0
2022,7,1,4039359,Darrell Henderson Jr.,RB,20,BE,False,0.0
2022,7,1,-16014,Rams D/ST,D/ST,20,BE,False,0.0
2022,7,1,12731,Ryan Succop,K,17,K,True,3.0
2022,7,1,4361370,Chris Olave,WR,23,FLEX,True,17.6
2022,7,1,4372485,Rondale Moore,WR,23,FLEX,True,4.1
2022,7,1,4239934,AJ Dillon,RB,2,RB,True,1.5
2022,7,1,-16017,Patriots D/ST,D/ST,16,D/ST,True,5.0
2022,7,1,4361516,Daniel Bellinger,TE,6,TE,True,2.3
2022,7,1,3925347,Damien Harris,RB,2,RB,True,2.0
2022,7,9,3117251,Christian McCaffrey,RB,2,RB,True,8.200000000000001
2022,7,9,15847,Travis Kelce,TE,6,TE,True,15.8
2022,7,9,16737,Mike Evans,WR,4,WR,True,18.6
2022,7,9,4047650,DK Metcalf,WR,4,WR,True,2.2
2022,7,9,3116165,Chris Godwin,WR,23,FLEX,True,11.5
2022,7,9,4040761,Devin Singletary,RB,20,BE,False,0.0
2022,7,9,3128429,Courtland Sutton,WR,23,FLEX,True,5.300000000000001
2022,7,9,4569618,Garrett Wilson,WR,20,BE,False,6.4
2022,7,9,2576434,Melvin Gordon III,RB,20,BE,False,7.000000000000001
2022,7,9,4240657,Michael Carter,RB,20,BE,False,9.4
2022,7,9,2980453,Jamaal Williams,RB,2,RB,True,7.300000000000001
2022,7,9,2971618,Nelson Agholor,WR,20,BE,False,0.0
2022,7,9,3917792,Daniel Jones,QB,0,QB,True,30.78
2022,7,9,2573079,Carson Wentz,QB,20,BE,False,0.0
2022,7,9,17372,Chris Boswell,K,17,K,True,5.0
2022,7,9,-16020,Jets D/ST,D/ST,16,D/ST,True,6.0
2022,7,6,3116406,Tyreek Hill,WR,4,WR,True,14.2
2022,7,6,3916387,Lamar Jackson,QB,0,QB,True,10.7
2022,7,6,3126486,Deebo Samuel,WR,4,WR,True,9.4
2022,7,6,4569173,Rhamondre Stevenson,RB,2,RB,True,23.799999999999997
2022,7,6,3040151,George Kittle,TE,6,TE,True,21.8
2022,7,6,4374302,Amon-Ra St. Brown,WR,23,FLEX,True,1.4
2022,7,6,3916430,Nyheim Hines,RB,20,BE,False,9.3
2022,7,6,4360310,Trevor Lawrence,QB,20,BE,False,18.7
2022,7,6,4039050,Devin Duvernay,WR,20,BE,False,6.2
2022,7,6,2576414,Raheem Mostert,RB,2,RB,True,20.9
2022,7,6,16486,Brett Maher,K,17,K,True,6.0
2022,7,6,-16021,Eagles D/ST,D/ST,20,BE,False,0.0
2022,7,6,3115306,Josh Reynolds,WR,20,BE,False,1.8
2022,7,6,3122976,Jeff Wilson Jr.,RB,20,BE,False,5.4
2022,7,6,4360939,Rashod Bateman,WR,23,FLEX,True,8.2
2022,7,6,-16007,Broncos D/ST,D/ST,16,D/ST,True,6.0
2022,7,5,4241389,CeeDee Lamb,WR,4,WR,True,10.6
2022,7,5,4242214,Clyde Edwards-Helaire,RB,2,RB,True,9.2
2022,7,5,4243537,Gabe Davis,WR,20,BE,False,0.0
2022,7,5,4036133,T.J. Hockenson,TE,20,BE,False,8.8
2022,7,5,2577417,Dak Prescott,QB,0,QB,True,14.28
2022,7,5,-16009,Packers D/ST,D/ST,16,D/ST,True,9.0
2022,7,5,3124679,Jason Sanders,K,17,K,True,12.0
2022,7,5,3046779,Jared Goff,QB,20,BE,False,1.5200000000000014
2022,7,5,3128724,Isaiah McKenzie,WR,20,BE,False,0.0
2022,7,5,15880,Robert Woods,WR,4,WR,True,5.6
2022,7,5,15818,Keenan Allen,WR,20,BE,False,3.1
2022,7,5,3119195,Chase Edmonds,RB,2,RB,True,1.7000000000000002
2022,7,5,3123076,David Njoku,TE,6,TE,True,14.100000000000001
2022,7,5,3916945,Darius Slayton,WR,23,FLEX,True,14.8
2022,7,5,4052042,James Robinson,RB,23,FLEX,True,0.0
2022,7,7,3116593,Dalvin Cook,RB,20,BE,False,0.0
2022,7,7,3116385,Joe Mixon,RB,2,RB,True,18.1
2022,7,7,3116365,Mark Andrews,TE,6,TE,True,0.4
2022,7,7,4045163,Miles Sanders,RB,20,BE,False,0.0
2022,7,7,2976316,Michael Thomas,WR,20,BE,False,0.0
2022,7,7,2576925,Darren Waller,TE,20,BE,False,0.0
2022,7,7,4047365,Josh Jacobs,RB,2,RB,True,36.5
2022,7,7,4241372,Marquise Brown,WR,21,IR,False,0.0
2022,7,7,8439,Aaron Rodgers,QB,0,QB,True,19.759999999999998
2022,7,7,-16033,Ravens D/ST,D/ST,16,D/ST,True,11.0
2022,7,7,4036348,Michael Gallup,WR,23,FLEX,True,0.0
2022,7,7,3121427,Curtis Samuel,WR,4,WR,True,12.9
2022,7,7,12483,Matthew Stafford,QB,20,BE,False,0.0
2022,7,7,15807,Cordarrelle Patterson,RB,21,IR,False,0.0
2022,7,7,4242873,Eno Benjamin,RB,23,FLEX,True,23.300000000000004
2022,7,7,4035656,Ben Skowronek,WR,20,BE,False,0.0
2022,7,7,14993,Greg Zuerlein,K,17,K,True,12.0
2022,7,7,4361432,Romeo Doubs,WR,4,WR,True,0.0
2022,7,12,4242335,Jonathan Taylor,RB,2,RB,True,15.5
2022,7,12,4262921,Justin Jefferson,WR,20,BE,False,0.0
2022,7,12,3115364,Leonard Fournette,RB,2,RB,True,4.6000000000000005
2022,7,12,4241463,Jerry Jeudy,WR,4,WR,True,16.6
2022,7,12,4241474,Brian Robinson Jr.,RB,23,FLEX,True,10.600000000000001
2022,7,12,4361409,Jahan Dotson,WR,20,BE,False,0.0
2022,7,12,3918639,Gerald Everett,TE,6,TE,True,11.3
2022,7,12,3049899,Younghoe Koo,K,17,K,True,6.0
2022,7,12,-16002,Bills D/ST,D/ST,20,BE,False,0.0
2022,7,12,15920,Latavius Murray,RB,23,FLEX,True,10.3
2022,7,12,3932905,Diontae Johnson,WR,4,WR,True,9.5
2022,7,12,14881,Russell Wilson,QB,20,BE,False,0.0
2022,7,12,3930086,Dawson Knox,TE,20,BE,False,0.0
2022,7,12,11237,Matt Ryan,QB,0,QB,True,11.92
2022,7,12,4240455,Deon Jackson,RB,20,BE,False,0.30000000000000004
2022,7,12,-16022,Cardinals D/ST,D/ST,16,D/ST,True,13.0
2022,7,8,3054850,Alvin Kamara,RB,2,RB,True,17.5
2022,7,8,4259545,D'Andre Swift,RB,20,BE,False,0.0
2022,7,8,2976212,Stefon Diggs,WR,20,BE,False,0.0
2022,7,8,3918298,Josh Allen,QB,20,BE,False,0.0
2022,7,8,4035687,Michael Pittman Jr.,WR,4,WR,True,9.8
2022,7,8,3121023,Dallas Goedert,TE,20,BE,False,0.0
2022,7,8,-16025,49ers D/ST,D/ST,16,D/ST,True,-4.0
2022,7,8,13981,Mark Ingram II,RB,20,BE,False,5.2
2022,7,8,2572861,J.D. McKissic,RB,2,RB,True,0.4
2022,7,8,4426354,George Pickens,WR,4,WR,True,18.1
2022,7,8,3051738,Marquez Valdes-Scantling,WR,23,FLEX,True,14.100000000000001
2022,7,8,15864,Geno Smith,QB,0,QB,True,17.1
2022,7,8,3055899,Harrison Butker,K,17,K,True,5.0
2022,7,8,3051909,Daniel Carlson,K,20,BE,False,10.0
2022,7,8,3915486,Tyler Conklin,TE,6,TE,True,6.2
2022,7,8,3045144,Tyler Boyd,WR,23,FLEX,True,32.5
2022,7,3,3043078,Derrick Henry,RB,2,RB,True,16.8
2022,7,3,4362628,Ja'Marr Chase,WR,4,WR,True,34.0
2022,7,3,4047646,A.J. Brown,WR,20,BE,False,0.0
2022,7,3,4239996,Travis Etienne Jr.,RB,2,RB,True,18.9
2022,7,3,4040715,Jalen Hurts,QB,20,BE,False,0.0
2022,7,3,4361411,Pat Freiermuth,TE,20,BE,False,15.5
2022,7,3,16460,Adam Thielen,WR,20,BE,False,0.0
2022,7,3,4360238,Dameon Pierce,RB,23,FLEX,True,15.700000000000001
2022,7,3,16799,Allen Robinson II,WR,20,BE,False,0.0
2022,7,3,2976499,Amari Cooper,WR,4,WR,True,10.4
2022,7,3,3895856,Christian Kirk,WR,23,FLEX,True,17.1
2022,7,3,15835,Zach Ertz,TE,6,TE,True,6.1
2022,7,3,4360234,Evan McPherson,K,17,K,True,5.0
2022,7,3,-16018,Saints D/ST,D/ST,16,D/ST,True,1.0
2022,7,3,4048244,Alexander Mattison,RB,20,BE,False,0.0
2022,7,3,2565969,Taylor Heinicke,QB,0,QB,True,18.44
2022,7,10,3139477,Patrick Mahomes,QB,0,QB,True,35.92
2022,7,10,4427366,Breece Hall,RB,2,RB,True,16.2
2022,7,10,2330,Tom Brady,QB,20,BE,False,11.7
2022,7,10,3915416,DJ Moore,WR,4,WR,True,19.6
2022,7,10,3045138,Mike Williams,WR,4,WR,True,21.6
2022,7,10,4360248,Kyle Pitts,TE,21,IR,False,3.9
2022,7,10,16731,Brandin Cooks,WR,20,BE,False,8.600000000000001
2022,7,10,4035538,David Montgomery,RB,20,BE,False,12.2
2022,7,10,4567048,Kenneth Walker III,RB,23,FLEX,True,31.7
2022,7,10,4426502,Drake London,WR,23,FLEX,True,1.9
2022,7,10,4040655,Darnell Mooney,WR,20,BE,False,8.3
2022,7,10,3059915,Kareem Hunt,RB,2,RB,True,7.800000000000001
2022,7,10,15683,Justin Tucker,K,17,K,True,13.0
2022,7,10,-16006,Cowboys D/ST,D/ST,16,D/ST,True,19.0
2022,7,10,4249087,Matt Gay,K,20,BE,False,0.0
2022,7,10,2975674,Robert Tonyan,TE,6,TE,True,6.2
2022,7,10,3924365,Hayden Hurst,TE,20,BE,False,10.8
2022,8,2,3042519,Aaron Jones,RB,2,RB,True,19.7
2022,8,2,2977187,Cooper Kupp,WR,4,WR,True,22.9
2022,8,2,3120348,JuJu Smith-Schuster,WR,20,BE,False,0.0
2022,8,2,3051392,Ezekiel Elliott,RB,20,BE,False,0.0
2022,8,2,3917315,Kyler Murray,QB,0,QB,True,30.64
2022,8,2,4258595,Cole Kmet,TE,23,FLEX,True,9.1
2022,8,2,-16011,Colts D/ST,D/ST,16,D/ST,True,5.0
2022,8,2,16339,Brandon McManus,K,20,BE,False,3.0
2022,8,2,3916433,Jakobi Meyers,WR,4,WR,True,21.0
2022,8,2,3115378,Russell Gage,WR,20,BE,False,0.0
2022,8,2,12460,Graham Gano,K,17,K,True,8.0
2022,8,2,4373626,Tyler Allgeier,RB,2,RB,True,17.5
2022,8,2,3051876,Evan Engram,TE,6,TE,True,15.5
2022,8,2,16782,Jerick McKinnon,RB,20,BE,False,0.0
2022,8,2,4569587,Wan'Dale Robinson,WR,23,FLEX,True,3.5
2022,8,2,2576434,Melvin Gordon III,RB,20,BE,False,14.200000000000001
2022,8,1,3045147,James Conner,RB,20,BE,False,0.0
2022,8,1,16800,Davante Adams,WR,4,WR,True,1.2000000000000002
2022,8,1,4239993,Tee Higgins,WR,4,WR,True,14.9
2022,8,1,3121422,Terry McLaurin,WR,23,FLEX,True,16.6
2022,8,1,3915511,Joe Burrow,QB,0,QB,True,18.48
2022,8,1,4241985,J.K. Dobbins,RB,21,IR,False,0.0
2022,8,1,16757,Derek Carr,QB,20,BE,False,1.94
2022,8,1,2573401,Tyler Higbee,TE,6,TE,True,3.5
2022,8,1,4567156,Treylon Burks,WR,21,IR,False,0.0
2022,8,1,4039359,Darrell Henderson Jr.,RB,2,RB,True,5.0
2022,8,1,-16014,Rams D/ST,D/ST,20,BE,False,2.0
2022,8,1,12731,Ryan Succop,K,17,K,True,10.0
2022,8,1,4361370,Chris Olave,WR,23,FLEX,True,10.2
2022,8,1,4372485,Rondale Moore,WR,20,BE,False,23.4
2022,8,1,4239934,AJ Dillon,RB,2,RB,True,7.300000000000001
2022,8,1,-16017,Patriots D/ST,D/ST,16,D/ST,True,9.0
2022,8,1,4361516,Daniel Bellinger,TE,20,BE,False,0.0
2022,8,1,3051926,Gus Edwards,RB,20,BE,False,6.5
2022,8,6,3116406,Tyreek Hill,WR,4,WR,True,31.5
2022,8,6,3916387,Lamar Jackson,QB,0,QB,True,25.82
2022,8,6,3126486,Deebo Samuel,WR,21,IR,False,0.0
2022,8,6,4569173,Rhamondre Stevenson,RB,2,RB,True,21.3
2022,8,6,3040151,George Kittle,TE,6,TE,True,12.9
2022,8,6,4374302,Amon-Ra St. Brown,WR,23,FLEX,True,13.9
2022,8,6,3916430,Nyheim Hines,RB,20,BE,False,12.9
2022,8,6,4360310,Trevor Lawrence,QB,20,BE,False,8.82
2022,8,6,4039050,Devin Duvernay,WR,20,BE,False,16.400000000000002
2022,8,6,2576414,Raheem Mostert,RB,2,RB,True,7.7
2022,8,6,16486,Brett Maher,K,17,K,True,7.0
2022,8,6,-16021,Eagles D/ST,D/ST,16,D/ST,True,13.0
2022,8,6,3115306,Josh Reynolds,WR,20,BE,False,3.4000000000000004
2022,8,6,3122976,Jeff Wilson Jr.,RB,20,BE,False,5.5
2022,8,6,4360939,Rashod Bateman,WR,4,WR,True,0.0
2022,8,6,-16007,Broncos D/ST,D/ST,20,BE,False,7.0
2022,8,6,4258195,Donovan Peoples-Jones,WR,23,FLEX,True,12.1
2022,8,4,4241457,Najee Harris,RB,2,RB,True,11.959999999999999
2022,8,4,3128720,Nick Chubb,RB,2,RB,True,25.400000000000002
2022,8,4,4372016,Jaylen Waddle,WR,4,WR,True,30.6
2022,8,4,4241479,Tua Tagovailoa,QB,0,QB,True,35.18
2022,8,4,4372414,Elijah Moore,WR,21,IR,False,0.0
2022,8,4,4241478,DeVonta Smith,WR,23,FLEX,True,7.300000000000001
2022,8,4,3128390,Allen Lazard,WR,20,BE,False,0.0
2022,8,4,10621,Nick Folk,K,17,K,True,21.0
2022,8,4,4035886,Khalil Herbert,RB,20,BE,False,15.9
2022,8,4,15072,Marvin Jones Jr.,WR,4,WR,True,0.0
2022,8,4,17359,Damien Williams,RB,21,IR,False,0.0
2022,8,4,-16004,Bengals D/ST,D/ST,16,D/ST,True,5.0
2022,8,4,2574808,Robbie Anderson,WR,20,BE,False,0.0
2022,8,4,-16016,Vikings D/ST,D/ST,20,BE,False,10.0
2022,8,4,3127292,Will Dissly,TE,6,TE,True,3.2
2022,8,4,16760,Jimmy Garoppolo,QB,20,BE,False,21.700000000000003
2022,8,4,4360078,Alec Pierce,WR,20,BE,False,9.5
2022,8,4,4360294,Antonio Gibson,RB,23,FLEX,True,20.700000000000003
2022,8,7,3116593,Dalvin Cook,RB,23,FLEX,True,25.1
2022,8,7,3116385,Joe Mixon,RB,2,RB,True,12.899999999999999
2022,8,7,3116365,Mark Andrews,TE,6,TE,True,6.300000000000001
2022,8,7,4045163,Miles Sanders,RB,23,FLEX,True,13.8
2022,8,7,2976316,Michael Thomas,WR,20,BE,False,0.0
2022,8,7,2576925,Darren Waller,TE,20,BE,False,0.0
2022,8,7,4047365,Josh Jacobs,RB,2,RB,True,7.4
2022,8,7,4241372,Marquise Brown,WR,21,IR,False,0.0
2022,8,7,8439,Aaron Rodgers,QB,20,BE,False,19.22
2022,8,7,-16033,Ravens D/ST,D/ST,16,D/ST,True,5.0
2022,8,7,4036348,Michael Gallup,WR,20,BE,False,8.9
2022,8,7,3121427,Curtis Samuel,WR,4,WR,True,10.9
2022,8,7,12483,Matthew Stafford,QB,0,QB,True,19.380000000000003
2022,8,7,15807,Cordarrelle Patterson,RB,21,IR,False,0.0
2022,8,7,4242873,Eno Benjamin,RB,20,BE,False,8.5
2022,8,7,4035656,Ben Skowronek,WR,20,BE,False,2.0
2022,8,7,14993,Greg Zuerlein,K,17,K,True,4.0
2022,8,7,4361432,Romeo Doubs,WR,4,WR,True,16.2
2022,8,11,3068267,Austin Ekeler,RB,20,BE,False,0.0
2022,8,11,3929630,Saquon Barkley,RB,2,RB,True,15.200000000000001
2022,8,11,4038941,Justin Herbert,QB,20,BE,False,0.0
2022,8,11,4360438,Brandon Aiyuk,WR,23,FLEX,True,20.1
2022,8,11,2577327,Tyler Lockett,WR,4,WR,True,15.3
2022,8,11,14880,Kirk Cousins,QB,0,QB,True,27.48
2022,8,11,3916148,Tony Pollard,RB,2,RB,True,36.7
2022,8,11,15795,DeAndre Hopkins,WR,4,WR,True,33.9
2022,8,11,4046692,Chase Claypool,WR,20,BE,False,14.54
2022,8,11,-16027,Buccaneers D/ST,D/ST,16,D/ST,True,1.0
2022,8,11,4036131,Noah Fant,TE,6,TE,True,3.9000000000000004
2022,8,11,13982,Julio Jones,WR,20,BE,False,10.1
2022,8,11,4242433,Joshua Palmer,WR,20,BE,False,0.0
2022,8,11,2468609,Taysom Hill,TE,20,BE,False,8.280000000000001
2022,8,11,2473037,Jason Myers,K,17,K,True,11.0
2022,8,11,3125116,D'Onta Foreman,RB,23,FLEX,True,31.8
2022,8,8,3054850,Alvin Kamara,RB,2,RB,True,42.800000000000004
2022,8,8,4259545,D'Andre Swift,RB,2,RB,True,14.3
2022,8,8,2976212,Stefon Diggs,WR,4,WR,True,22.8
2022,8,8,3918298,Josh Allen,QB,0,QB,True,21.62
2022,8,8,4035687,Michael Pittman Jr.,WR,4,WR,True,12.3
2022,8,8,3121023,Dallas Goedert,TE,6,TE,True,12.4
2022,8,8,-16025,49ers D/ST,D/ST,16,D/ST,True,5.0
2022,8,8,13981,Mark Ingram II,RB,20,BE,False,1.2
2022,8,8,4426354,George Pickens,WR,23,FLEX,True,0.0
2022,8,8,3051738,Marquez Valdes-Scantling,WR,20,BE,False,0.0
2022,8,8,15864,Geno Smith,QB,20,BE,False,23.08
2022,8,8,3055899,Harrison Butker,K,20,BE,False,0.0
2022,8,8,3051909,Daniel Carlson,K,17,K,True,0.0
2022,8,8,3915486,Tyler Conklin,TE,20,BE,False,25.9
2022,8,8,3045144,Tyler Boyd,WR,23,FLEX,True,12.8
2022,8,8,4241416,Chuba Hubbard,RB,20,BE,False,0.0
2022,8,9,3117251,Christian McCaffrey,RB,2,RB,True,42.26
2022,8,9,15847,Travis Kelce,TE,20,BE,False,0.0
2022,8,9,16737,Mike Evans,WR,4,WR,True,18.3
2022,8,9,4047650,DK Metcalf,WR,4,WR,True,17.5
2022,8,9,3116165,Chris Godwin,WR,23,FLEX,True,13.5
2022,8,9,4040761,Devin Singletary,RB,2,RB,True,9.3
2022,8,9,3128429,Courtland Sutton,WR,23,FLEX,True,2.3
2022,8,9,4569618,Garrett Wilson,WR,20,BE,False,17.5
2022,8,9,4240657,Michael Carter,RB,20,BE,False,10.1
2022,8,9,2980453,Jamaal Williams,RB,20,BE,False,22.6
2022,8,9,2971618,Nelson Agholor,WR,20,BE,False,1.2
2022,8,9,3917792,Daniel Jones,QB,0,QB,True,9.04
2022,8,9,2573079,Carson Wentz,QB,20,BE,False,0.0
2022,8,9,-16020,Jets D/ST,D/ST,16,D/ST,True,10.0
2022,8,9,3116164,Mike Gesicki,TE,6,TE,True,12.8
2022,8,9,2971573,Ka'imi Fairbairn,K,17,K,True,5.0
2022,8,10,3139477,Patrick Mahomes,QB,20,BE,False,0.0
2022,8,10,4427366,Breece Hall,RB,21,IR,False,0.0
2022,8,10,2330,Tom Brady,QB,0,QB,True,19.1
2022,8,10,3915416,DJ Moore,WR,4,WR,True,30.5
2022,8,10,3045138,Mike Williams,WR,20,BE,False,0.0
2022,8,10,4360248,Kyle Pitts,TE,6,TE,True,19.0
2022,8,10,16731,Brandin Cooks,WR,4,WR,True,11.3
2022,8,10,4035538,David Montgomery,RB,2,RB,True,8.5
2022,8,10,4567048,Kenneth Walker III,RB,2,RB,True,12.200000000000001
2022,8,10,4426502,Drake London,WR,23,FLEX,True,7.1
2022,8,10,4040655,Darnell Mooney,WR,20,BE,False,12.0
2022,8,10,3059915,Kareem Hunt,RB,23,FLEX,True,11.2
2022,8,10,15683,Justin Tucker,K,17,K,True,8.0
2022,8,10,-16006,Cowboys D/ST,D/ST,16,D/ST,True,11.0
2022,8,10,4249087,Matt Gay,K,20,BE,False,2.0
2022,8,10,2975674,Robert Tonyan,TE,20,BE,False,8.5
2022,8,10,3924365,Hayden Hurst,TE,20,BE,False,8.2
2022,8,5,4241389,CeeDee Lamb,WR,4,WR,True,18.8
2022,8,5,4242214,Clyde Edwards-Helaire,RB,20,BE,False,0.0
2022,8,5,4243537,Gabe Davis,WR,23,FLEX,True,5.5
2022,8,5,4036133,T.J. Hockenson,TE,6,TE,True,11.0
2022,8,5,2577417,Dak Prescott,QB,0,QB,True,29.4
2022,8,5,3124679,Jason Sanders,K,17,K,True,8.0
2022,8,5,3046779,Jared Goff,QB,20,BE,False,20.64
2022,8,5,3128724,Isaiah McKenzie,WR,20,BE,False,8.0
2022,8,5,15880,Robert Woods,WR,4,WR,True,2.6
2022,8,5,15818,Keenan Allen,WR,20,BE,False,0.0
2022,8,5,3119195,Chase Edmonds,RB,2,RB,True,1.4000000000000001
2022,8,5,3123076,David Njoku,TE,20,BE,False,0.0
2022,8,5,3916945,Darius Slayton,WR,23,FLEX,True,11.600000000000001
2022,8,5,4052042,James Robinson,RB,2,RB,True,1.7000000000000002
2022,8,5,-16010,Titans D/ST,D/ST,16,D/ST,True,12.0
2022,8,3,3043078,Derrick Henry,RB,2,RB,True,37.800000000000004
2022,8,3,4362628,Ja'Marr Chase,WR,20,BE,False,0.0
2022,8,3,4047646,A.J. Brown,WR,4,WR,True,39.6
2022,8,3,4239996,Travis Etienne Jr.,RB,2,RB,True,25.200000000000003
2022,8,3,4040715,Jalen Hurts,QB,0,QB,True,36.4
2022,8,3,4361411,Pat Freiermuth,TE,20,BE,False,9.7
2022,8,3,16460,Adam Thielen,WR,23,FLEX,True,12.7
2022,8,3,4360238,Dameon Pierce,RB,23,FLEX,True,14.1
2022,8,3,16799,Allen Robinson II,WR,20,BE,False,10.4
2022,8,3,2976499,Amari Cooper,WR,4,WR,True,22.1
2022,8,3,3895856,Christian Kirk,WR,20,BE,False,7.0
2022,8,3,15835,Zach Ertz,TE,6,TE,True,13.4
2022,8,3,4360234,Evan McPherson,K,17,K,True,-1.0
2022,8,3,-16018,Saints D/ST,D/ST,16,D/ST,True,15.0
2022,8,3,4048244,Alexander Mattison,RB,20,BE,False,10.0
2022,8,3,2565969,Taylor Heinicke,QB,20,BE,False,24.060000000000002
2022,8,12,4242335,Jonathan Taylor,RB,2,RB,True,5.6000000000000005
2022,8,12,4262921,Justin Jefferson,WR,4,WR,True,15.8
2022,8,12,3115364,Leonard Fournette,RB,2,RB,True,14.8
2022,8,12,4241463,Jerry Jeudy,WR,23,FLEX,True,18.3
2022,8,12,4241474,Brian Robinson Jr.,RB,23,FLEX,True,2.0
2022,8,12,4361409,Jahan Dotson,WR,20,BE,False,0.0
2022,8,12,3918639,Gerald Everett,TE,20,BE,False,0.0
2022,8,12,3049899,Younghoe Koo,K,17,K,True,14.0
2022,8,12,-16002,Bills D/ST,D/ST,16,D/ST,True,5.0
2022,8,12,15920,Latavius Murray,RB,20,BE,False,12.900000000000002
2022,8,12,3932905,Diontae Johnson,WR,4,WR,True,8.5
2022,8,12,14881,Russell Wilson,QB,0,QB,True,15.780000000000001
2022,8,12,3930086,Dawson Knox,TE,6,TE,True,9.0
2022,8,12,11237,Matt Ryan,QB,20,BE,False,0.0
2022,8,12,4240455,Deon Jackson,RB,20,BE,False,-0.4
2022,8,12,3121410,Parris Campbell,WR,20,BE,False,9.100000000000001
2022,9,6,3116406,Tyreek Hill,WR,4,WR,True,27.3
2022,9,6,3916387,Lamar Jackson,QB,0,QB,True,19.520000000000003
2022,9,6,3126486,Deebo Samuel,WR,21,IR,False,0.0
2022,9,6,4569173,Rhamondre Stevenson,RB,2,RB,True,16.0
2022,9,6,3040151,George Kittle,TE,20,BE,False,0.0
2022,9,6,4374302,Amon-Ra St. Brown,WR,23,FLEX,True,9.5
2022,9,6,3916430,Nyheim Hines,RB,20,BE,False,0.0
2022,9,6,4360310,Trevor Lawrence,QB,20,BE,False,18.700000000000003
2022,9,6,4039050,Devin Duvernay,WR,4,WR,True,1.5
2022,9,6,2576414,Raheem Mostert,RB,2,RB,True,8.6
2022,9,6,16486,Brett Maher,K,20,BE,False,0.0
2022,9,6,-16021,Eagles D/ST,D/ST,16,D/ST,True,8.0
2022,9,6,3122976,Jeff Wilson Jr.,RB,20,BE,False,16.200000000000003
2022,9,6,4258195,Donovan Peoples-Jones,WR,20,BE,False,0.0
2022,9,6,3917232,Tyler Bass,K,17,K,True,6.0
2022,9,6,3059722,Zay Jones,WR,23,FLEX,True,9.0
2022,9,6,4361050,Isaiah Likely,TE,6,TE,True,9.4
2022,9,2,3042519,Aaron Jones,RB,2,RB,True,6.5
2022,9,2,2977187,Cooper Kupp,WR,4,WR,True,29.8
2022,9,2,3120348,JuJu Smith-Schuster,WR,23,FLEX,True,18.8
2022,9,2,3051392,Ezekiel Elliott,RB,21,IR,False,0.0
2022,9,2,3917315,Kyler Murray,QB,0,QB,True,23.0
2022,9,2,4258595,Cole Kmet,TE,23,FLEX,True,22.0
2022,9,2,-16011,Colts D/ST,D/ST,16,D/ST,True,8.0
2022,9,2,16339,Brandon McManus,K,20,BE,False,0.0
2022,9,2,3916433,Jakobi Meyers,WR,4,WR,True,7.4
2022,9,2,3115378,Russell Gage,WR,20,BE,False,0.0
2022,9,2,12460,Graham Gano,K,20,BE,False,0.0
2022,9,2,4373626,Tyler Allgeier,RB,2,RB,True,13.3
2022,9,2,3051876,Evan Engram,TE,6,TE,True,1.8
2022,9,2,16782,Jerick McKinnon,RB,20,BE,False,10.4
2022,9,2,4569587,Wan'Dale Robinson,WR,20,BE,False,0.0
2022,9,2,2576434,Melvin Gordon III,RB,20,BE,False,0.0
2022,9,2,17427,Cairo Santos,K,17,K,True,6.0
2022,9,1,3045147,James Conner,RB,2,RB,True,11.4
2022,9,1,16800,Davante Adams,WR,4,WR,True,36.6
2022,9,1,4239993,Tee Higgins,WR,4,WR,True,13.0
2022,9,1,3121422,Terry McLaurin,WR,23,FLEX,True,10.600000000000001
2022,9,1,3915511,Joe Burrow,QB,0,QB,True,21.14
2022,9,1,4241985,J.K. Dobbins,RB,21,IR,False,0.0
2022,9,1,16757,Derek Carr,QB,20,BE,False,22.36
2022,9,1,2573401,Tyler Higbee,TE,6,TE,True,0.0
2022,9,1,4567156,Treylon Burks,WR,21,IR,False,0.0
2022,9,1,4039359,Darrell Henderson Jr.,RB,20,BE,False,5.6000000000000005
2022,9,1,12731,Ryan Succop,K,17,K,True,11.0
2022,9,1,4361370,Chris Olave,WR,23,FLEX,True,13.100000000000001
2022,9,1,4372485,Rondale Moore,WR,20,BE,False,14.9
2022,9,1,4239934,AJ Dillon,RB,20,BE,False,6.4
2022,9,1,-16017,Patriots D/ST,D/ST,16,D/ST,True,27.0
2022,9,1,3051926,Gus Edwards,RB,20,BE,False,0.0
2022,9,1,2979843,Kenyan Drake,RB,2,RB,True,24.900000000000002
2022,9,1,2973405,Kalif Raymond,WR,20,BE,False,4.7
2022,9,7,3116593,Dalvin Cook,RB,23,FLEX,True,13.6
2022,9,7,3116385,Joe Mixon,RB,2,RB,True,55.099999999999994
2022,9,7,3116365,Mark Andrews,TE,20,BE,False,0.0
2022,9,7,4045163,Miles Sanders,RB,23,FLEX,True,15.3
2022,9,7,4047365,Josh Jacobs,RB,2,RB,True,11.7
2022,9,7,4241372,Marquise Brown,WR,21,IR,False,0.0
2022,9,7,8439,Aaron Rodgers,QB,0,QB,True,15.64
2022,9,7,-16033,Ravens D/ST,D/ST,16,D/ST,True,11.0
2022,9,7,4036348,Michael Gallup,WR,20,BE,False,0.0
2022,9,7,3121427,Curtis Samuel,WR,4,WR,True,18.1
2022,9,7,12483,Matthew Stafford,QB,20,BE,False,15.5
2022,9,7,15807,Cordarrelle Patterson,RB,20,BE,False,18.299999999999997
2022,9,7,4242873,Eno Benjamin,RB,20,BE,False,3.7
2022,9,7,14993,Greg Zuerlein,K,17,K,True,10.0
2022,9,7,4361432,Romeo Doubs,WR,4,WR,True,2.8
2022,9,7,4035004,Mecole Hardman,WR,20,BE,False,19.9
2022,9,7,3930086,Dawson Knox,TE,6,TE,True,5.5
2022,9,4,4241457,Najee Harris,RB,20,BE,False,0.0
2022,9,4,3128720,Nick Chubb,RB,20,BE,False,0.0
2022,9,4,4372016,Jaylen Waddle,WR,4,WR,True,19.5
2022,9,4,4241479,Tua Tagovailoa,QB,0,QB,True,30.08
2022,9,4,4372414,Elijah Moore,WR,21,IR,False,0.0
2022,9,4,4241478,DeVonta Smith,WR,23,FLEX,True,4.2
2022,9,4,3128390,Allen Lazard,WR,23,FLEX,True,18.700000000000003
2022,9,4,10621,Nick Folk,K,17,K,True,17.0
2022,9,4,4035886,Khalil Herbert,RB,2,RB,True,2.3000000000000003
2022,9,4,15072,Marvin Jones Jr.,WR,4,WR,True,9.8
2022,9,4,17359,Damien Williams,RB,21,IR,False,0.0
2022,9,4,-16004,Bengals D/ST,D/ST,16,D/ST,True,8.0
2022,9,4,2574808,Robbie Anderson,WR,20,BE,False,0.6
2022,9,4,-16016,Vikings D/ST,D/ST,20,BE,False,8.0
2022,9,4,3127292,Will Dissly,TE,6,TE,True,5.4
2022,9,4,16760,Jimmy Garoppolo,QB,20,BE,False,0.0
2022,9,4,4360078,Alec Pierce,WR,20,BE,False,3.3000000000000003
2022,9,4,4360294,Antonio Gibson,RB,2,RB,True,6.699999999999999
2022,9,8,3054850,Alvin Kamara,RB,2,RB,True,9.2
2022,9,8,4259545,D'Andre Swift,RB,2,RB,True,8.0
2022,9,8,2976212,Stefon Diggs,WR,4,WR,True,14.3
2022,9,8,3918298,Josh Allen,QB,0,QB,True,24.8
2022,9,8,4035687,Michael Pittman Jr.,WR,4,WR,True,5.2
2022,9,8,3121023,Dallas Goedert,TE,6,TE,True,24.0
2022,9,8,-16025,49ers D/ST,D/ST,20,BE,False,0.0
2022,9,8,13981,Mark Ingram II,RB,20,BE,False,0.0
2022,9,8,4426354,George Pickens,WR,20,BE,False,0.0
2022,9,8,3051738,Marquez Valdes-Scantling,WR,23,FLEX,True,2.2
2022,9,8,15864,Geno Smith,QB,20,BE,False,24.8
2022,9,8,3055899,Harrison Butker,K,17,K,True,4.0
2022,9,8,3051909,Daniel Carlson,K,20,BE,False,8.0
2022,9,8,3915486,Tyler Conklin,TE,20,BE,False,1.7000000000000002
2022,9,8,3045144,Tyler Boyd,WR,23,FLEX,True,9.4
2022,9,8,4241416,Chuba Hubbard,RB,21,IR,False,0.0
2022,9,8,-16015,Dolphins D/ST,D/ST,16,D/ST,True,9.0
2022,9,11,3068267,Austin Ekeler,RB,2,RB,True,24.1
2022,9,11,3929630,Saquon Barkley,RB,20,BE,False,0.0
2022,9,11,4038941,Justin Herbert,QB,0,QB,True,14.100000000000001
2022,9,11,4360438,Brandon Aiyuk,WR,20,BE,False,0.0
2022,9,11,2577327,Tyler Lockett,WR,4,WR,True,17.7
2022,9,11,14880,Kirk Cousins,QB,20,BE,False,20.4
2022,9,11,3916148,Tony Pollard,RB,20,BE,False,0.0
2022,9,11,15795,DeAndre Hopkins,WR,4,WR,True,13.6
2022,9,11,4046692,Chase Claypool,WR,20,BE,False,3.7
2022,9,11,-16027,Buccaneers D/ST,D/ST,16,D/ST,True,9.0
2022,9,11,4036131,Noah Fant,TE,20,BE,False,14.600000000000001
2022,9,11,13982,Julio Jones,WR,23,FLEX,True,4.800000000000001
2022,9,11,4242433,Joshua Palmer,WR,23,FLEX,True,18.6
2022,9,11,2468609,Taysom Hill,TE,6,TE,True,1.12
2022,9,11,2473037,Jason Myers,K,17,K,True,8.0
2022,9,11,3125116,D'Onta Foreman,RB,2,RB,True,4.1000000000000005
2022,9,10,3139477,Patrick Mahomes,QB,0,QB,True,38.14
2022,9,10,4427366,Breece Hall,RB,21,IR,False,0.0
2022,9,10,2330,Tom Brady,QB,20,BE,False,17.200000000000003
2022,9,10,3915416,DJ Moore,WR,4,WR,True,4.4
2022,9,10,3045138,Mike Williams,WR,21,IR,False,0.0
2022,9,10,4360248,Kyle Pitts,TE,6,TE,True,4.7
2022,9,10,16731,Brandin Cooks,WR,20,BE,False,0.0
2022,9,10,4035538,David Montgomery,RB,2,RB,True,5.3999999999999995
2022,9,10,4567048,Kenneth Walker III,RB,2,RB,True,27.9
2022,9,10,4426502,Drake London,WR,4,WR,True,3.3000000000000003
2022,9,10,4040655,Darnell Mooney,WR,23,FLEX,True,17.5
2022,9,10,3059915,Kareem Hunt,RB,20,BE,False,0.0
2022,9,10,15683,Justin Tucker,K,17,K,True,10.0
2022,9,10,-16006,Cowboys D/ST,D/ST,20,BE,False,0.0
2022,9,10,4249087,Matt Gay,K,20,BE,False,7.0
2022,9,10,2975674,Robert Tonyan,TE,20,BE,False,5.9
2022,9,10,3924365,Hayden Hurst,TE,23,FLEX,True,8.5
2022,9,10,-16012,Chiefs D/ST,D/ST,16,D/ST,True,6.0
2022,9,9,3117251,Christian McCaffrey,RB,20,BE,False,0.0
2022,9,9,15847,Travis Kelce,TE,6,TE,True,20.6
2022,9,9,16737,Mike Evans,WR,4,WR,True,9.0
2022,9,9,4047650,DK Metcalf,WR,4,WR,True,14.7
2022,9,9,3116165,Chris Godwin,WR,23,FLEX,True,10.7
2022,9,9,4040761,Devin Singletary,RB,2,RB,True,8.8
2022,9,9,3128429,Courtland Sutton,WR,20,BE,False,0.0
2022,9,9,4569618,Garrett Wilson,WR,20,BE,False,17.9
2022,9,9,4240657,Michael Carter,RB,23,FLEX,True,15.600000000000001
2022,9,9,2980453,Jamaal Williams,RB,2,RB,True,10.1
2022,9,9,2971618,Nelson Agholor,WR,20,BE,False,0.0
2022,9,9,3917792,Daniel Jones,QB,20,BE,False,0.0
2022,9,9,2573079,Carson Wentz,QB,21,IR,False,0.0
2022,9,9,3116164,Mike Gesicki,TE,20,BE,False,1.3
2022,9,9,2971573,Ka'imi Fairbairn,K,17,K,True,5.0
2022,9,9,14012,Andy Dalton,QB,0,QB,True,13.9
2022,9,9,-16009,Packers D/ST,D/ST,16,D/ST,True,5.0
2022,9,3,3043078,Derrick Henry,RB,2,RB,True,23.5
2022,9,3,4362628,Ja'Marr Chase,WR,20,BE,False,0.0
2022,9,3,4047646,A.J. Brown,WR,4,WR,True,15.9
2022,9,3,4239996,Travis Etienne Jr.,RB,2,RB,True,26.599999999999998
2022,9,3,4040715,Jalen Hurts,QB,0,QB,True,24.020000000000003
2022,9,3,4361411,Pat Freiermuth,TE,20,BE,False,0.0
2022,9,3,16460,Adam Thielen,WR,23,FLEX,True,9.7
2022,9,3,4360238,Dameon Pierce,RB,23,FLEX,True,13.9
2022,9,3,16799,Allen Robinson II,WR,20,BE,False,5.4
2022,9,3,2976499,Amari Cooper,WR,20,BE,False,0.0
2022,9,3,3895856,Christian Kirk,WR,4,WR,True,21.6
2022,9,3,15835,Zach Ertz,TE,6,TE,True,15.0
2022,9,3,4360234,Evan McPherson,K,17,K,True,5.0
2022,9,3,-16018,Saints D/ST,D/ST,16,D/ST,True,3.0
2022,9,3,4048244,Alexander Mattison,RB,20,BE,False,1.1
2022,9,3,2565969,Taylor Heinicke,QB,20,BE,False,18.66
2022,9,5,4241389,CeeDee Lamb,WR,20,BE,False,0.0
2022,9,5,4242214,Clyde Edwards-Helaire,RB,2,RB,True,2.9000000000000004
2022,9,5,4243537,Gabe Davis,WR,4,WR,True,5.300000000000001
2022,9,5,4036133,T.J. Hockenson,TE,6,TE,True,16.0
2022,9,5,2577417,Dak Prescott,QB,20,BE,False,0.0
2022,9,5,3124679,Jason Sanders,K,17,K,True,4.0
2022,9,5,3046779,Jared Goff,QB,0,QB,True,15.380000000000003
2022,9,5,3128724,Isaiah McKenzie,WR,23,FLEX,True,4.1
2022,9,5,15880,Robert Woods,WR,4,WR,True,0.0
2022,9,5,15818,Keenan Allen,WR,20,BE,False,0.0
2022,9,5,3119195,Chase Edmonds,RB,20,BE,False,0.0
2022,9,5,3123076,David Njoku,TE,20,BE,False,0.0
2022,9,5,4052042,James Robinson,RB,20,BE,False,13.3
2022,9,5,-16010,Titans D/ST,D/ST,16,D/ST,True,2.0
2022,9,5,4362630,Terrace Marshall Jr.,WR,23,FLEX,True,14.3
2022,9,5,4244732,Caleb Huntley,RB,2,RB,True,3.4000000000000004
2022,9,12,4242335,Jonathan Taylor,RB,21,IR,False,0.0
2022,9,12,4262921,Justin Jefferson,WR,4,WR,True,25.5
2022,9,12,3115364,Leonard Fournette,RB,2,RB,True,11.0
2022,9,12,4241463,Jerry Jeudy,WR,20,BE,False,0.0
2022,9,12,4241474,Brian Robinson Jr.,RB,23,FLEX,True,5.800000000000001
2022,9,12,4361409,Jahan Dotson,WR,21,IR,False,0.0
2022,9,12,3918639,Gerald Everett,TE,6,TE,True,8.6
2022,9,12,3049899,Younghoe Koo,K,17,K,True,4.0
2022,9,12,-16002,Bills D/ST,D/ST,16,D/ST,True,4.0
2022,9,12,15920,Latavius Murray,RB,20,BE,False,0.0
2022,9,12,3932905,Diontae Johnson,WR,20,BE,False,0.0
2022,9,12,14881,Russell Wilson,QB,20,BE,False,0.0
2022,9,12,4240455,Deon Jackson,RB,2,RB,True,5.6000000000000005
2022,9,12,3121410,Parris Campbell,WR,4,WR,True,3.6
2022,9,12,2576980,Marcus Mariota,QB,20,BE,False,7.5600000000000005
2022,9,12,4362887,Justin Fields,QB,0,QB,True,51.72
2022,9,12,2991662,Mack Hollins,WR,23,FLEX,True,3.7
2022,9,12,2580216,DeAndre Carter,WR,20,BE,False,10.3
2022,10,2,3042519,Aaron Jones,RB,2,RB,True,23.6
2022,10,2,2977187,Cooper Kupp,WR,4,WR,True,2.9
2022,10,2,3120348,JuJu Smith-Schuster,WR,4,WR,True,5.300000000000001
2022,10,2,3051392,Ezekiel Elliott,RB,21,IR,False,0.0
2022,10,2,3917315,Kyler Murray,QB,20,BE,False,0.0
2022,10,2,4258595,Cole Kmet,TE,23,FLEX,True,26.4
2022,10,2,-16011,Colts D/ST,D/ST,16,D/ST,True,2.0
2022,10,2,16339,Brandon McManus,K,20,BE,False,4.0
2022,10,2,3916433,Jakobi Meyers,WR,20,BE,False,0.0
2022,10,2,3115378,Russell Gage,WR,20,BE,False,0.0
2022,10,2,12460,Graham Gano,K,17,K,True,7.0
2022,10,2,4373626,Tyler Allgeier,RB,2,RB,True,3.3
2022,10,2,3051876,Evan Engram,TE,6,TE,True,4.4
2022,10,2,16782,Jerick McKinnon,RB,23,FLEX,True,11.8
2022,10,2,4569587,Wan'Dale Robinson,WR,20,BE,False,3.5
2022,10,2,2576434,Melvin Gordon III,RB,20,BE,False,11.0
2022,10,2,4240703,Kenny Pickett,QB,0,QB,True,19.060000000000002
2022,10,7,3116593,Dalvin Cook,RB,23,FLEX,True,26.599999999999998
2022,10,7,3116385,Joe Mixon,RB,20,BE,False,0.0
2022,10,7,3116365,Mark Andrews,TE,20,BE,False,0.0
2022,10,7,4045163,Miles Sanders,RB,23,FLEX,True,5.4
2022,10,7,4047365,Josh Jacobs,RB,2,RB,True,22.6
2022,10,7,4241372,Marquise Brown,WR,21,IR,False,0.0
2022,10,7,8439,Aaron Rodgers,QB,20,BE,False,28.36
2022,10,7,-16033,Ravens D/ST,D/ST,20,BE,False,0.0
2022,10,7,4036348,Michael Gallup,WR,4,WR,True,7.5
2022,10,7,3121427,Curtis Samuel,WR,4,WR,True,6.0
2022,10,7,15807,Cordarrelle Patterson,RB,2,RB,True,3.0
2022,10,7,4242873,Eno Benjamin,RB,20,BE,False,0.0
2022,10,7,4035004,Mecole Hardman,WR,20,BE,False,0.0
2022,10,7,3930086,Dawson Knox,TE,6,TE,True,9.7
2022,10,7,-16001,Falcons D/ST,D/ST,16,D/ST,True,1.0
2022,10,7,2578570,Jacoby Brissett,QB,0,QB,True,18.48
2022,10,7,3917232,Tyler Bass,K,17,K,True,13.0
2022,10,8,3054850,Alvin Kamara,RB,2,RB,True,7.5
2022,10,8,4259545,D'Andre Swift,RB,2,RB,True,8.2
2022,10,8,2976212,Stefon Diggs,WR,4,WR,True,24.8
2022,10,8,3918298,Josh Allen,QB,20,BE,False,21.6
2022,10,8,4035687,Michael Pittman Jr.,WR,4,WR,True,12.3
2022,10,8,3121023,Dallas Goedert,TE,6,TE,True,9.3
2022,10,8,-16025,49ers D/ST,D/ST,16,D/ST,True,8.0
2022,10,8,4426354,George Pickens,WR,23,FLEX,True,14.5
2022,10,8,3051738,Marquez Valdes-Scantling,WR,20,BE,False,15.0
2022,10,8,15864,Geno Smith,QB,0,QB,True,23.2
2022,10,8,3055899,Harrison Butker,K,17,K,True,2.0
2022,10,8,3051909,Daniel Carlson,K,20,BE,False,2.0
2022,10,8,3915486,Tyler Conklin,TE,20,BE,False,0.0
2022,10,8,3045144,Tyler Boyd,WR,20,BE,False,0.0
2022,10,8,4241416,Chuba Hubbard,RB,23,FLEX,True,1.4000000000000001
2022,10,8,4241555,Elijah Mitchell,RB,20,BE,False,9.8
2022,10,6,3116406,Tyreek Hill,WR,4,WR,True,15.4
2022,10,6,3916387,Lamar Jackson,QB,20,BE,False,0.0
2022,10,6,3126486,Deebo Samuel,WR,23,FLEX,True,7.1000000000000005
2022,10,6,4569173,Rhamondre Stevenson,RB,20,BE,False,0.0
2022,10,6,3040151,George Kittle,TE,6,TE,True,3.1
2022,10,6,4374302,Amon-Ra St. Brown,WR,23,FLEX,True,22.1
2022,10,6,4360310,Trevor Lawrence,QB,0,QB,True,24.96
2022,10,6,4039050,Devin Duvernay,WR,20,BE,False,0.0
2022,10,6,2576414,Raheem Mostert,RB,2,RB,True,18.7
2022,10,6,16486,Brett Maher,K,17,K,True,4.0
2022,10,6,-16021,Eagles D/ST,D/ST,16,D/ST,True,7.0
2022,10,6,3122976,Jeff Wilson Jr.,RB,2,RB,True,22.299999999999997
2022,10,6,4258195,Donovan Peoples-Jones,WR,4,WR,True,14.9
2022,10,6,3059722,Zay Jones,WR,20,BE,False,14.8
2022,10,6,4697815,Rachaad White,RB,20,BE,False,10.5
2022,10,6,4239934,AJ Dillon,RB,20,BE,False,6.5
2022,10,10,3139477,Patrick Mahomes,QB,0,QB,True,39.14
2022,10,10,4427366,Breece Hall,RB,21,IR,False,0.0
2022,10,10,2330,Tom Brady,QB,20,BE,False,20.02
2022,10,10,3915416,DJ Moore,WR,4,WR,True,6.9
2022,10,10,3045138,Mike Williams,WR,21,IR,False,0.0
2022,10,10,4360248,Kyle Pitts,TE,6,TE,True,4.800000000000001
2022,10,10,16731,Brandin Cooks,WR,23,FLEX,True,8.2
2022,10,10,4035538,David Montgomery,RB,2,RB,True,5.4
2022,10,10,4567048,Kenneth Walker III,RB,2,RB,True,13.2
2022,10,10,4426502,Drake London,WR,4,WR,True,14.8
2022,10,10,4040655,Darnell Mooney,WR,23,FLEX,True,9.7
2022,10,10,3059915,Kareem Hunt,RB,20,BE,False,2.9
2022,10,10,15683,Justin Tucker,K,20,BE,False,0.0
2022,10,10,-16006,Cowboys D/ST,D/ST,16,D/ST,True,3.0
2022,10,10,4249087,Matt Gay,K,17,K,True,5.0
2022,10,10,2975674,Robert Tonyan,TE,20,BE,False,1.8
2022,10,10,3924365,Hayden Hurst,TE,20,BE,False,0.0
2022,10,10,-16012,Chiefs D/ST,D/ST,20,BE,False,6.0
2022,10,1,3045147,James Conner,RB,2,RB,True,23.599999999999998
2022,10,1,16800,Davante Adams,WR,4,WR,True,28.6
2022,10,1,4239993,Tee Higgins,WR,20,BE,False,0.0
2022,10,1,3121422,Terry McLaurin,WR,23,FLEX,True,20.8
2022,10,1,3915511,Joe Burrow,QB,20,BE,False,0.0
2022,10,1,4241985,J.K. Dobbins,RB,21,IR,False,0.0
2022,10,1,16757,Derek Carr,QB,0,QB,True,22.92
2022,10,1,2573401,Tyler Higbee,TE,6,TE,True,15.3
2022,10,1,4567156,Treylon Burks,WR,21,IR,False,5.4
2022,10,1,4039359,Darrell Henderson Jr.,RB,2,RB,True,10.2
2022,10,1,12731,Ryan Succop,K,17,K,True,2.0
2022,10,1,4361370,Chris Olave,WR,23,FLEX,True,7.0
2022,10,1,4372485,Rondale Moore,WR,4,WR,True,18.4
2022,10,1,-16017,Patriots D/ST,D/ST,20,BE,False,0.0
2022,10,1,3051926,Gus Edwards,RB,20,BE,False,0.0
2022,10,1,2979843,Kenyan Drake,RB,20,BE,False,0.0
2022,10,1,-16019,Giants D/ST,D/ST,16,D/ST,True,9.0
2022,10,1,4569987,Jaylen Warren,RB,20,BE,False,10.7
2022,10,3,3043078,Derrick Henry,RB,2,RB,True,8.700000000000001
2022,10,3,4362628,Ja'Marr Chase,WR,20,BE,False,0.0
2022,10,3,4047646,A.J. Brown,WR,4,WR,True,1.7000000000000002
2022,10,3,4239996,Travis Etienne Jr.,RB,2,RB,True,10.3
2022,10,3,4040715,Jalen Hurts,QB,0,QB,True,25.8
2022,10,3,4361411,Pat Freiermuth,TE,20,BE,False,7.6
2022,10,3,16460,Adam Thielen,WR,23,FLEX,True,9.9
2022,10,3,4360238,Dameon Pierce,RB,23,FLEX,True,12.200000000000001
2022,10,3,16799,Allen Robinson II,WR,20,BE,False,8.4
2022,10,3,2976499,Amari Cooper,WR,20,BE,False,6.2
2022,10,3,3895856,Christian Kirk,WR,4,WR,True,31.5
2022,10,3,15835,Zach Ertz,TE,6,TE,True,2.2
2022,10,3,-16018,Saints D/ST,D/ST,16,D/ST,True,6.0
2022,10,3,4048244,Alexander Mattison,RB,20,BE,False,2.9000000000000004
2022,10,3,2565969,Taylor Heinicke,QB,20,BE,False,5.4399999999999995
2022,10,3,3050478,Jake Elliott,K,17,K,True,3.0
2022,10,4,4241457,Najee Harris,RB,20,BE,False,9.9
2022,10,4,3128720,Nick Chubb,RB,20,BE,False,15.100000000000001
2022,10,4,4372016,Jaylen Waddle,WR,4,WR,True,10.600000000000001
2022,10,4,4241479,Tua Tagovailoa,QB,0,QB,True,29.4
2022,10,4,4372414,Elijah Moore,WR,20,BE,False,0.0
2022,10,4,4241478,DeVonta Smith,WR,23,FLEX,True,13.9
2022,10,4,3128390,Allen Lazard,WR,23,FLEX,True,7.5
2022,10,4,4035886,Khalil Herbert,RB,2,RB,True,5.7
2022,10,4,15072,Marvin Jones Jr.,WR,4,WR,True,4.300000000000001
2022,10,4,-16004,Bengals D/ST,D/ST,20,BE,False,0.0
2022,10,4,2574808,Robbie Anderson,WR,20,BE,False,0.0
2022,10,4,3127292,Will Dissly,TE,6,TE,True,4.800000000000001
2022,10,4,16760,Jimmy Garoppolo,QB,20,BE,False,15.899999999999999
2022,10,4,4360294,Antonio Gibson,RB,2,RB,True,14.8
2022,10,4,-16022,Cardinals D/ST,D/ST,16,D/ST,True,10.0
2022,10,4,9354,Robbie Gould,K,17,K,True,9.0
2022,10,12,4242335,Jonathan Taylor,RB,2,RB,True,27.300000000000004
2022,10,12,4262921,Justin Jefferson,WR,4,WR,True,35.3
2022,10,12,3115364,Leonard Fournette,RB,2,RB,True,10.799999999999999
2022,10,12,4241463,Jerry Jeudy,WR,23,FLEX,True,0.0
2022,10,12,4241474,Brian Robinson Jr.,RB,20,BE,False,14.6
2022,10,12,4361409,Jahan Dotson,WR,21,IR,False,2.4000000000000004
2022,10,12,3918639,Gerald Everett,TE,6,TE,True,4.300000000000001
2022,10,12,3049899,Younghoe Koo,K,17,K,True,1.0
2022,10,12,-16002,Bills D/ST,D/ST,16,D/ST,True,4.0
2022,10,12,15920,Latavius Murray,RB,20,BE,False,7.700000000000001
2022,10,12,3932905,Diontae Johnson,WR,4,WR,True,10.3
2022,10,12,14881,Russell Wilson,QB,20,BE,False,19.240000000000002
2022,10,12,4240455,Deon Jackson,RB,20,BE,False,0.0
2022,10,12,3121410,Parris Campbell,WR,23,FLEX,True,20.6
2022,10,12,2576980,Marcus Mariota,QB,20,BE,False,21.740000000000002
2022,10,12,4362887,Justin Fields,QB,0,QB,True,49.38
2022,10,12,2991662,Mack Hollins,WR,20,BE,False,3.8
2022,10,11,3068267,Austin Ekeler,RB,2,RB,True,13.3
2022,10,11,3929630,Saquon Barkley,RB,2,RB,True,23.000000000000004
2022,10,11,4038941,Justin Herbert,QB,0,QB,True,14.04
2022,10,11,4360438,Brandon Aiyuk,WR,20,BE,False,12.4
2022,10,11,2577327,Tyler Lockett,WR,4,WR,True,13.2
2022,10,11,14880,Kirk Cousins,QB,20,BE,False,17.48
2022,10,11,3916148,Tony Pollard,RB,23,FLEX,True,21.8
2022,10,11,15795,DeAndre Hopkins,WR,4,WR,True,19.8
2022,10,11,4046692,Chase Claypool,WR,20,BE,False,1.8
2022,10,11,-16027,Buccaneers D/ST,D/ST,16,D/ST,True,8.0
2022,10,11,4036131,Noah Fant,TE,6,TE,True,6.4
2022,10,11,13982,Julio Jones,WR,20,BE,False,14.3
2022,10,11,4242433,Joshua Palmer,WR,23,FLEX,True,7.4
2022,10,11,2468609,Taysom Hill,TE,20,BE,False,0.1
2022,10,11,2473037,Jason Myers,K,17,K,True,6.0
2022,10,11,3125116,D'Onta Foreman,RB,20,BE,False,19.0
2022,10,5,4241389,CeeDee Lamb,WR,23,FLEX,True,38.0
2022,10,5,4242214,Clyde Edwards-Helaire,RB,2,RB,True,0.0
2022,10,5,4243537,Gabe Davis,WR,4,WR,True,21.3
2022,10,5,4036133,T.J. Hockenson,TE,6,TE,True,11.5
2022,10,5,2577417,Dak Prescott,QB,0,QB,True,25.2
2022,10,5,3124679,Jason Sanders,K,17,K,True,7.0
2022,10,5,3046779,Jared Goff,QB,20,BE,False,16.84
2022,10,5,3128724,Isaiah McKenzie,WR,20,BE,False,9.5
2022,10,5,15880,Robert Woods,WR,4,WR,True,3.0
2022,10,5,15818,Keenan Allen,WR,20,BE,False,0.0
2022,10,5,3119195,Chase Edmonds,RB,20,BE,False,1.9
2022,10,5,3123076,David Njoku,TE,20,BE,False,0.0
2022,10,5,4052042,James Robinson,RB,20,BE,False,0.0
2022,10,5,-16010,Titans D/ST,D/ST,16,D/ST,True,11.0
2022,10,5,4362630,Terrace Marshall Jr.,WR,23,FLEX,True,5.3
2022,10,5,4244732,Caleb Huntley,RB,2,RB,True,3.2
2022,10,9,3117251,Christian McCaffrey,RB,2,RB,True,17.700000000000003
2022,10,9,15847,Travis Kelce,TE,6,TE,True,20.1
2022,10,9,16737,Mike Evans,WR,4,WR,True,10.4
2022,10,9,4047650,DK Metcalf,WR,4,WR,True,13.100000000000001
2022,10,9,3116165,Chris Godwin,WR,23,FLEX,True,19.1
2022,10,9,4040761,Devin Singletary,RB,20,BE,False,15.7
2022,10,9,3128429,Courtland Sutton,WR,23,FLEX,True,12.600000000000001
2022,10,9,4569618,Garrett Wilson,WR,20,BE,False,0.0
2022,10,9,4240657,Michael Carter,RB,20,BE,False,0.0
2022,10,9,2980453,Jamaal Williams,RB,2,RB,True,11.9
2022,10,9,2971618,Nelson Agholor,WR,20,BE,False,0.0
2022,10,9,3917792,Daniel Jones,QB,0,QB,True,25.28
2022,10,9,2573079,Carson Wentz,QB,21,IR,False,0.0
2022,10,9,3116164,Mike Gesicki,TE,20,BE,False,5.1
2022,10,9,2971573,Ka'imi Fairbairn,K,17,K,True,11.0
2022,10,9,14012,Andy Dalton,QB,20,BE,False,9.059999999999999
2022,10,9,-16009,Packers D/ST,D/ST,16,D/ST,True,3.0
2022,11,8,3054850,Alvin Kamara,RB,2,RB,True,12.899999999999999
2022,11,8,4259545,D'Andre Swift,RB,2,RB,True,12.2
2022,11,8,2976212,Stefon Diggs,WR,4,WR,True,14.8
2022,11,8,3918298,Josh Allen,QB,0,QB,True,14.58
2022,11,8,4035687,Michael Pittman Jr.,WR,4,WR,True,13.5
2022,11,8,3121023,Dallas Goedert,TE,21,IR,False,0.0
2022,11,8,-16025,49ers D/ST,D/ST,16,D/ST,True,10.0
2022,11,8,4426354,George Pickens,WR,20,BE,False,18.3
2022,11,8,3051738,Marquez Valdes-Scantling,WR,23,FLEX,True,2.8
2022,11,8,15864,Geno Smith,QB,20,BE,False,0.0
2022,11,8,3055899,Harrison Butker,K,17,K,True,14.0
2022,11,8,3051909,Daniel Carlson,K,20,BE,False,13.0
2022,11,8,3915486,Tyler Conklin,TE,6,TE,True,3.5
2022,11,8,3045144,Tyler Boyd,WR,23,FLEX,True,6.2
2022,11,8,4241416,Chuba Hubbard,RB,20,BE,False,4.5
2022,11,8,4241555,Elijah Mitchell,RB,20,BE,False,5.9
2022,11,2,3042519,Aaron Jones,RB,2,RB,True,14.0
2022,11,2,2977187,Cooper Kupp,WR,21,IR,False,0.0
2022,11,2,3120348,JuJu Smith-Schuster,WR,4,WR,True,0.0
2022,11,2,3051392,Ezekiel Elliott,RB,21,IR,False,17.7
2022,11,2,3917315,Kyler Murray,QB,20,BE,False,0.0
2022,11,2,4258595,Cole Kmet,TE,6,TE,True,6.5
2022,11,2,-16011,Colts D/ST,D/ST,16,D/ST,True,8.0
2022,11,2,16339,Brandon McManus,K,20,BE,False,13.0
2022,11,2,3916433,Jakobi Meyers,WR,4,WR,True,9.2
2022,11,2,3115378,Russell Gage,WR,20,BE,False,0.0
2022,11,2,12460,Graham Gano,K,17,K,True,-2.0
2022,11,2,4373626,Tyler Allgeier,RB,2,RB,True,7.4
2022,11,2,3051876,Evan Engram,TE,20,BE,False,0.0
2022,11,2,16782,Jerick McKinnon,RB,23,FLEX,True,1.4000000000000004
2022,11,2,4569587,Wan'Dale Robinson,WR,20,BE,False,19.4
2022,11,2,2576434,Melvin Gordon III,RB,23,FLEX,True,12.0
2022,11,2,4240703,Kenny Pickett,QB,0,QB,True,18.0
2022,11,7,3116593,Dalvin Cook,RB,23,FLEX,True,7.2
2022,11,7,3116385,Joe Mixon,RB,2,RB,True,9.2
2022,11,7,3116365,Mark Andrews,TE,6,TE,True,12.3
2022,11,7,4045163,Miles Sanders,RB,23,FLEX,True,5.8
2022,11,7,4047365,Josh Jacobs,RB,2,RB,True,19.0
2022,11,7,4241372,Marquise Brown,WR,20,BE,False,0.0
2022,11,7,8439,Aaron Rodgers,QB,0,QB,True,23.08
2022,11,7,-16033,Ravens D/ST,D/ST,16,D/ST,True,16.0
2022,11,7,4036348,Michael Gallup,WR,4,WR,True,7.1000000000000005
2022,11,7,3121427,Curtis Samuel,WR,20,BE,False,9.8
2022,11,7,15807,Cordarrelle Patterson,RB,20,BE,False,11.899999999999999
2022,11,7,4035004,Mecole Hardman,WR,21,IR,False,0.0
2022,11,7,3930086,Dawson Knox,TE,20,BE,False,14.0
2022,11,7,3917232,Tyler Bass,K,17,K,True,23.0
2022,11,7,4248528,Christian Watson,WR,20,BE,False,21.1
2022,11,7,12483,Matthew Stafford,QB,20,BE,False,21.76
2022,11,7,13983,A.J. Green,WR,4,WR,True,10.0
2022,11,10,3139477,Patrick Mahomes,QB,0,QB,True,33.46
2022,11,10,4427366,Breece Hall,RB,21,IR,False,0.0
2022,11,10,2330,Tom Brady,QB,20,BE,False,0.0
2022,11,10,3915416,DJ Moore,WR,4,WR,True,5.4
2022,11,10,3045138,Mike Williams,WR,21,IR,False,2.5
2022,11,10,4360248,Kyle Pitts,TE,6,TE,True,7.3
2022,11,10,16731,Brandin Cooks,WR,23,FLEX,True,10.0
2022,11,10,4035538,David Montgomery,RB,2,RB,True,21.1
2022,11,10,4567048,Kenneth Walker III,RB,20,BE,False,0.0
2022,11,10,4426502,Drake London,WR,4,WR,True,7.2
2022,11,10,4040655,Darnell Mooney,WR,23,FLEX,True,12.9
2022,11,10,3059915,Kareem Hunt,RB,2,RB,True,7.4
2022,11,10,15683,Justin Tucker,K,17,K,True,7.0
2022,11,10,-16006,Cowboys D/ST,D/ST,16,D/ST,True,17.0
2022,11,10,4249087,Matt Gay,K,20,BE,False,10.0
2022,11,10,2975674,Robert Tonyan,TE,20,BE,False,3.9000000000000004
2022,11,10,3924365,Hayden Hurst,TE,20,BE,False,4.800000000000001
2022,11,10,-16012,Chiefs D/ST,D/ST,20,BE,False,9.0
2022,11,6,3116406,Tyreek Hill,WR,20,BE,False,0.0
2022,11,6,3916387,Lamar Jackson,QB,0,QB,True,15.46
2022,11,6,3126486,Deebo Samuel,WR,4,WR,True,22.4
2022,11,6,4569173,Rhamondre Stevenson,RB,2,RB,True,14.2
2022,11,6,3040151,George Kittle,TE,6,TE,True,24.4
2022,11,6,4374302,Amon-Ra St. Brown,WR,4,WR,True,15.0
2022,11,6,4360310,Trevor Lawrence,QB,20,BE,False,0.0
2022,11,6,4039050,Devin Duvernay,WR,23,FLEX,True,1.7
2022,11,6,2576414,Raheem Mostert,RB,20,BE,False,0.0
2022,11,6,16486,Brett Maher,K,17,K,True,23.0
2022,11,6,-16021,Eagles D/ST,D/ST,16,D/ST,True,9.0
2022,11,6,3122976,Jeff Wilson Jr.,RB,20,BE,False,0.0
2022,11,6,4258195,Donovan Peoples-Jones,WR,20,BE,False,17.1
2022,11,6,3117256,Dalton Schultz,TE,20,BE,False,5.2
2022,11,6,4240600,Kadarius Toney,WR,23,FLEX,True,0.0
2022,11,6,4361529,Isiah Pacheco,RB,2,RB,True,10.700000000000001
2022,11,3,3043078,Derrick Henry,RB,2,RB,True,27.360000000000003
2022,11,3,4362628,Ja'Marr Chase,WR,20,BE,False,0.0
2022,11,3,4047646,A.J. Brown,WR,4,WR,True,9.0
2022,11,3,4239996,Travis Etienne Jr.,RB,20,BE,False,0.0
2022,11,3,4040715,Jalen Hurts,QB,0,QB,True,26.2
2022,11,3,4361411,Pat Freiermuth,TE,6,TE,True,15.9
2022,11,3,16460,Adam Thielen,WR,23,FLEX,True,4.5
2022,11,3,4360238,Dameon Pierce,RB,2,RB,True,3.6999999999999997
2022,11,3,16799,Allen Robinson II,WR,4,WR,True,14.7
2022,11,3,2976499,Amari Cooper,WR,23,FLEX,True,31.3
2022,11,3,3895856,Christian Kirk,WR,20,BE,False,0.0
2022,11,3,15835,Zach Ertz,TE,20,BE,False,0.0
2022,11,3,-16018,Saints D/ST,D/ST,16,D/ST,True,4.0
2022,11,3,4048244,Alexander Mattison,RB,20,BE,False,1.8
2022,11,3,2565969,Taylor Heinicke,QB,20,BE,False,7.840000000000001
2022,11,3,3050478,Jake Elliott,K,17,K,True,5.0
2022,11,1,3045147,James Conner,RB,2,RB,True,13.399999999999999
2022,11,1,16800,Davante Adams,WR,4,WR,True,33.1
2022,11,1,4239993,Tee Higgins,WR,4,WR,True,23.8
2022,11,1,3121422,Terry McLaurin,WR,23,FLEX,True,9.6
2022,11,1,3915511,Joe Burrow,QB,0,QB,True,34.7
2022,11,1,4241985,J.K. Dobbins,RB,21,IR,False,0.0
2022,11,1,16757,Derek Carr,QB,20,BE,False,24.28
2022,11,1,2573401,Tyler Higbee,TE,6,TE,True,8.5
2022,11,1,4567156,Treylon Burks,WR,20,BE,False,18.1
2022,11,1,4039359,Darrell Henderson Jr.,RB,20,BE,False,0.9
2022,11,1,12731,Ryan Succop,K,20,BE,False,0.0
2022,11,1,4361370,Chris Olave,WR,23,FLEX,True,24.200000000000003
2022,11,1,4372485,Rondale Moore,WR,20,BE,False,-0.6000000000000001
2022,11,1,-16017,Patriots D/ST,D/ST,16,D/ST,True,18.0
2022,11,1,3051926,Gus Edwards,RB,2,RB,True,0.0
2022,11,1,2979843,Kenyan Drake,RB,20,BE,False,7.300000000000001
2022,11,1,10621,Nick Folk,K,17,K,True,2.0
2022,11,12,4242335,Jonathan Taylor,RB,2,RB,True,16.4
2022,11,12,4262921,Justin Jefferson,WR,4,WR,True,6.300000000000001
2022,11,12,3115364,Leonard Fournette,RB,20,BE,False,0.0
2022,11,12,4241463,Jerry Jeudy,WR,20,BE,False,0.0
2022,11,12,4241474,Brian Robinson Jr.,RB,23,FLEX,True,5.7
2022,11,12,4361409,Jahan Dotson,WR,20,BE,False,2.6
2022,11,12,3918639,Gerald Everett,TE,6,TE,True,0.0
2022,11,12,3049899,Younghoe Koo,K,17,K,True,12.0
2022,11,12,-16002,Bills D/ST,D/ST,16,D/ST,True,5.0
2022,11,12,15920,Latavius Murray,RB,2,RB,True,17.2
2022,11,12,3932905,Diontae Johnson,WR,4,WR,True,6.199999999999999
2022,11,12,14881,Russell Wilson,QB,20,BE,False,10.680000000000001
2022,11,12,4240455,Deon Jackson,RB,20,BE,False,5.0
2022,11,12,3121410,Parris Campbell,WR,23,FLEX,True,11.7
2022,11,12,2576980,Marcus Mariota,QB,20,BE,False,19.740000000000002
2022,11,12,4362887,Justin Fields,QB,0,QB,True,24.62
2022,11,4,4241457,Najee Harris,RB,23,FLEX,True,27.6
2022,11,4,3128720,Nick Chubb,RB,2,RB,True,9.700000000000001
2022,11,4,4372016,Jaylen Waddle,WR,20,BE,False,0.0
2022,11,4,4241479,Tua Tagovailoa,QB,20,BE,False,0.0
2022,11,4,4241478,DeVonta Smith,WR,23,FLEX,True,13.8
2022,11,4,3128390,Allen Lazard,WR,4,WR,True,10.7
2022,11,4,4035886,Khalil Herbert,RB,21,IR,False,0.0
2022,11,4,15072,Marvin Jones Jr.,WR,20,BE,False,0.0
2022,11,4,-16004,Bengals D/ST,D/ST,16,D/ST,True,1.0
2022,11,4,3127292,Will Dissly,TE,20,BE,False,0.0
2022,11,4,16760,Jimmy Garoppolo,QB,0,QB,True,33.42
2022,11,4,4360294,Antonio Gibson,RB,2,RB,True,13.299999999999999
2022,11,4,-16022,Cardinals D/ST,D/ST,20,BE,False,-3.0
2022,11,4,9354,Robbie Gould,K,17,K,True,8.0
2022,11,4,3916945,Darius Slayton,WR,20,BE,False,13.6
2022,11,4,3843945,Foster Moreau,TE,6,TE,True,4.300000000000001
2022,11,4,16790,Jarvis Landry,WR,4,WR,True,12.3
2022,11,5,4241389,CeeDee Lamb,WR,23,FLEX,True,9.5
2022,11,5,4242214,Clyde Edwards-Helaire,RB,2,RB,True,0.9
2022,11,5,4243537,Gabe Davis,WR,4,WR,True,11.8
2022,11,5,4036133,T.J. Hockenson,TE,6,TE,True,8.4
2022,11,5,2577417,Dak Prescott,QB,0,QB,True,27.64
2022,11,5,3046779,Jared Goff,QB,20,BE,False,6.500000000000001
2022,11,5,3128724,Isaiah McKenzie,WR,20,BE,False,0.0
2022,11,5,15818,Keenan Allen,WR,20,BE,False,12.4
2022,11,5,3119195,Chase Edmonds,RB,20,BE,False,0.6000000000000001
2022,11,5,3123076,David Njoku,TE,20,BE,False,3.7
2022,11,5,4052042,James Robinson,RB,2,RB,True,1.0
2022,11,5,-16010,Titans D/ST,D/ST,16,D/ST,True,6.0
2022,11,5,4362630,Terrace Marshall Jr.,WR,23,FLEX,True,10.600000000000001
2022,11,5,4244732,Caleb Huntley,RB,20,BE,False,1.5999999999999999
2022,11,5,3124084,Joey Slye,K,17,K,True,12.0
2022,11,5,3929785,Nick Westbrook-Ikhine,WR,4,WR,True,4.800000000000001
2022,11,11,3068267,Austin Ekeler,RB,2,RB,True,18.0
2022,11,11,3929630,Saquon Barkley,RB,2,RB,True,5.5
2022,11,11,4038941,Justin Herbert,QB,0,QB,True,26.700000000000003
2022,11,11,4360438,Brandon Aiyuk,WR,4,WR,True,16.0
2022,11,11,2577327,Tyler Lockett,WR,20,BE,False,0.0
2022,11,11,14880,Kirk Cousins,QB,20,BE,False,2.2
2022,11,11,3916148,Tony Pollard,RB,23,FLEX,True,39.9
2022,11,11,15795,DeAndre Hopkins,WR,4,WR,True,18.1
2022,11,11,4046692,Chase Claypool,WR,20,BE,False,3.1
2022,11,11,4036131,Noah Fant,TE,20,BE,False,0.0
2022,11,11,13982,Julio Jones,WR,20,BE,False,0.0
2022,11,11,4242433,Joshua Palmer,WR,20,BE,False,33.6
2022,11,11,2468609,Taysom Hill,TE,6,TE,True,7.56
2022,11,11,3125116,D'Onta Foreman,RB,23,FLEX,True,2.4000000000000004
2022,11,11,-16020,Jets D/ST,D/ST,16,D/ST,True,11.0
2022,11,11,17427,Cairo Santos,K,17,K,True,6.0
2022,11,9,3117251,Christian McCaffrey,RB,2,RB,True,17.6
2022,11,9,15847,Travis Kelce,TE,6,TE,True,35.5
2022,11,9,16737,Mike Evans,WR,20,BE,False,0.0
2022,11,9,4047650,DK Metcalf,WR,20,BE,False,0.0
2022,11,9,3116165,Chris Godwin,WR,20,BE,False,0.0
2022,11,9,4040761,Devin Singletary,RB,23,FLEX,True,17.700000000000003
2022,11,9,3128429,Courtland Sutton,WR,4,WR,True,13.0
2022,11,9,4569618,Garrett Wilson,WR,4,WR,True,3.2
2022,11,9,4240657,Michael Carter,RB,23,FLEX,True,2.7
2022,11,9,2980453,Jamaal Williams,RB,2,RB,True,24.4
2022,11,9,2971618,Nelson Agholor,WR,20,BE,False,3.8
2022,11,9,3917792,Daniel Jones,QB,0,QB,True,26.64
2022,11,9,2573079,Carson Wentz,QB,21,IR,False,0.0
2022,11,9,3116164,Mike Gesicki,TE,20,BE,False,0.0
2022,11,9,2971573,Ka'imi Fairbairn,K,17,K,True,4.0
2022,11,9,14012,Andy Dalton,QB,20,BE,False,31.200000000000003
2022,11,9,-16009,Packers D/ST,D/ST,16,D/ST,True,3.0
2022,12,2,3042519,Aaron Jones,RB,2,RB,True,18.900000000000002
2022,12,2,2977187,Cooper Kupp,WR,21,IR,False,0.0
2022,12,2,3120348,JuJu Smith-Schuster,WR,4,WR,True,6.800000000000001
2022,12,2,3051392,Ezekiel Elliott,RB,2,RB,True,16.500000000000004
2022,12,2,3917315,Kyler Murray,QB,0,QB,True,29.240000000000002
2022,12,2,4258595,Cole Kmet,TE,6,TE,True,5.7
2022,12,2,-16011,Colts D/ST,D/ST,16,D/ST,True,3.0
2022,12,2,16339,Brandon McManus,K,20,BE,False,3.0
2022,12,2,3916433,Jakobi Meyers,WR,4,WR,True,9.2
2022,12,2,3115378,Russell Gage,WR,20,BE,False,0.0
2022,12,2,12460,Graham Gano,K,17,K,True,11.0
2022,12,2,4373626,Tyler Allgeier,RB,20,BE,False,5.4
2022,12,2,3051876,Evan Engram,TE,23,FLEX,True,1.4
2022,12,2,16782,Jerick McKinnon,RB,23,FLEX,True,5.6
2022,12,2,4569587,Wan'Dale Robinson,WR,20,BE,False,0.0
2022,12,2,2576434,Melvin Gordon III,RB,20,BE,False,0.0
2022,12,2,4240703,Kenny Pickett,QB,20,BE,False,12.16
2022,12,10,3139477,Patrick Mahomes,QB,0,QB,True,20.400000000000002
2022,12,10,4427366,Breece Hall,RB,21,IR,False,0.0
2022,12,10,2330,Tom Brady,QB,20,BE,False,22.04
2022,12,10,3915416,DJ Moore,WR,4,WR,True,20.3
2022,12,10,3045138,Mike Williams,WR,21,IR,False,0.0
2022,12,10,4360248,Kyle Pitts,TE,20,BE,False,0.0
2022,12,10,16731,Brandin Cooks,WR,23,FLEX,True,11.100000000000001
2022,12,10,4035538,David Montgomery,RB,2,RB,True,14.3
2022,12,10,4567048,Kenneth Walker III,RB,2,RB,True,16.9
2022,12,10,4426502,Drake London,WR,4,WR,True,4.9
2022,12,10,4040655,Darnell Mooney,WR,23,FLEX,True,0.0
2022,12,10,3059915,Kareem Hunt,RB,20,BE,False,3.1
2022,12,10,15683,Justin Tucker,K,17,K,True,14.0
2022,12,10,-16006,Cowboys D/ST,D/ST,20,BE,False,3.0
2022,12,10,4249087,Matt Gay,K,20,BE,False,5.0
2022,12,10,2975674,Robert Tonyan,TE,20,BE,False,5.0
2022,12,10,3924365,Hayden Hurst,TE,6,TE,True,11.7
2022,12,10,-16012,Chiefs D/ST,D/ST,16,D/ST,True,14.0
2022,12,3,3043078,Derrick Henry,RB,2,RB,True,14.700000000000001
2022,12,3,4362628,Ja'Marr Chase,WR,20,BE,False,0.0
2022,12,3,4047646,A.J. Brown,WR,4,WR,True,12.600000000000001
2022,12,3,4239996,Travis Etienne Jr.,RB,2,RB,True,0.30000000000000004
2022,12,3,4040715,Jalen Hurts,QB,0,QB,True,33.82
2022,12,3,4361411,Pat Freiermuth,TE,6,TE,True,6.9
2022,12,3,16460,Adam Thielen,WR,20,BE,False,21.1
2022,12,3,4360238,Dameon Pierce,RB,23,FLEX,True,4.6
2022,12,3,16799,Allen Robinson II,WR,20,BE,False,0.0
2022,12,3,2976499,Amari Cooper,WR,23,FLEX,True,16.4
2022,12,3,3895856,Christian Kirk,WR,4,WR,True,8.100000000000001
2022,12,3,15835,Zach Ertz,TE,20,BE,False,0.0
2022,12,3,-16018,Saints D/ST,D/ST,16,D/ST,True,4.0
2022,12,3,4048244,Alexander Mattison,RB,20,BE,False,1.1
2022,12,3,2565969,Taylor Heinicke,QB,20,BE,False,15.420000000000002
2022,12,3,3050478,Jake Elliott,K,17,K,True,11.0
2022,12,8,3054850,Alvin Kamara,RB,2,RB,True,7.0
2022,12,8,4259545,D'Andre Swift,RB,2,RB,True,10.3
2022,12,8,2976212,Stefon Diggs,WR,4,WR,True,21.7
2022,12,8,3918298,Josh Allen,QB,0,QB,True,33.92
2022,12,8,4035687,Michael Pittman Jr.,WR,4,WR,True,19.1
2022,12,8,3121023,Dallas Goedert,TE,21,IR,False,0.0
2022,12,8,-16025,49ers D/ST,D/ST,16,D/ST,True,12.0
2022,12,8,4426354,George Pickens,WR,23,FLEX,True,10.7
2022,12,8,3051738,Marquez Valdes-Scantling,WR,20,BE,False,9.600000000000001
2022,12,8,15864,Geno Smith,QB,20,BE,False,23.32
2022,12,8,3055899,Harrison Butker,K,17,K,True,14.0
2022,12,8,3051909,Daniel Carlson,K,20,BE,False,9.0
2022,12,8,3915486,Tyler Conklin,TE,6,TE,True,8.0
2022,12,8,3045144,Tyler Boyd,WR,23,FLEX,True,3.6
2022,12,8,4241416,Chuba Hubbard,RB,20,BE,False,6.5
2022,12,8,4241555,Elijah Mitchell,RB,20,BE,False,6.3
2022,12,12,4242335,Jonathan Taylor,RB,2,RB,True,18.8
2022,12,12,4262921,Justin Jefferson,WR,4,WR,True,29.34
2022,12,12,3115364,Leonard Fournette,RB,20,BE,False,0.0
2022,12,12,4241463,Jerry Jeudy,WR,20,BE,False,0.0
2022,12,12,4241474,Brian Robinson Jr.,RB,20,BE,False,20.5
2022,12,12,4361409,Jahan Dotson,WR,20,BE,False,0.0
2022,12,12,3918639,Gerald Everett,TE,6,TE,True,7.8
2022,12,12,3049899,Younghoe Koo,K,17,K,True,8.0
2022,12,12,-16002,Bills D/ST,D/ST,16,D/ST,True,8.0
2022,12,12,15920,Latavius Murray,RB,2,RB,True,10.8
2022,12,12,3932905,Diontae Johnson,WR,4,WR,True,9.9
2022,12,12,3121410,Parris Campbell,WR,23,FLEX,True,3.4000000000000004
2022,12,12,2576980,Marcus Mariota,QB,0,QB,True,15.86
2022,12,12,4362887,Justin Fields,QB,20,BE,False,0.0
2022,12,12,4697815,Rachaad White,RB,23,FLEX,True,19.9
2022,12,12,3929645,Juwan Johnson,TE,20,BE,False,0.0
2022,12,7,3116593,Dalvin Cook,RB,23,FLEX,True,9.6
2022,12,7,3116385,Joe Mixon,RB,20,BE,False,0.0
2022,12,7,3116365,Mark Andrews,TE,6,TE,True,11.0
2022,12,7,4045163,Miles Sanders,RB,2,RB,True,31.0
2022,12,7,4047365,Josh Jacobs,RB,2,RB,True,53.300000000000004
2022,12,7,4241372,Marquise Brown,WR,4,WR,True,10.600000000000001
2022,12,7,8439,Aaron Rodgers,QB,20,BE,False,13.5
2022,12,7,-16033,Ravens D/ST,D/ST,16,D/ST,True,5.0
2022,12,7,4036348,Michael Gallup,WR,20,BE,False,11.3
2022,12,7,3121427,Curtis Samuel,WR,23,FLEX,True,1.3
2022,12,7,15807,Cordarrelle Patterson,RB,20,BE,False,10.1
2022,12,7,3930086,Dawson Knox,TE,20,BE,False,3.7
2022,12,7,3917232,Tyler Bass,K,17,K,True,9.0
2022,12,7,4248528,Christian Watson,WR,4,WR,True,24.0
2022,12,7,2578570,Jacoby Brissett,QB,0,QB,True,15.100000000000001
2022,12,7,4037235,Greg Dortch,WR,20,BE,False,0.0
2022,12,5,4241389,CeeDee Lamb,WR,23,FLEX,True,17.700000000000003
2022,12,5,4243537,Gabe Davis,WR,4,WR,True,7.800000000000001
2022,12,5,4036133,T.J. Hockenson,TE,6,TE,True,15.3
2022,12,5,2577417,Dak Prescott,QB,20,BE,False,18.84
2022,12,5,15818,Keenan Allen,WR,4,WR,True,15.9
2022,12,5,4052042,James Robinson,RB,2,RB,True,0.0
2022,12,5,-16010,Titans D/ST,D/ST,16,D/ST,True,1.0
2022,12,5,4362630,Terrace Marshall Jr.,WR,20,BE,False,1.8
2022,12,5,4244732,Caleb Huntley,RB,2,RB,True,2.3000000000000003
2022,12,5,3124084,Joey Slye,K,17,K,True,7.0
2022,12,5,14876,Ryan Tannehill,QB,0,QB,True,12.540000000000001
2022,12,5,3700815,Kendall Hinton,WR,23,FLEX,True,9.8
2022,12,5,3043275,Austin Hooper,TE,20,BE,False,6.0
2022,12,5,4258173,Nico Collins,WR,20,BE,False,10.4
2022,12,5,3116389,Samaje Perine,RB,20,BE,False,19.3
2022,12,5,4239934,AJ Dillon,RB,20,BE,False,17.8
2022,12,6,3116406,Tyreek Hill,WR,4,WR,True,15.0
2022,12,6,3916387,Lamar Jackson,QB,0,QB,True,25.060000000000002
2022,12,6,3126486,Deebo Samuel,WR,23,FLEX,True,7.3
2022,12,6,4569173,Rhamondre Stevenson,RB,2,RB,True,20.2
2022,12,6,3040151,George Kittle,TE,6,TE,True,5.6
2022,12,6,4374302,Amon-Ra St. Brown,WR,4,WR,True,27.9
2022,12,6,4360310,Trevor Lawrence,QB,20,BE,False,30.939999999999998
2022,12,6,2576414,Raheem Mostert,RB,20,BE,False,0.0
2022,12,6,16486,Brett Maher,K,17,K,True,3.0
2022,12,6,-16021,Eagles D/ST,D/ST,20,BE,False,6.0
2022,12,6,3122976,Jeff Wilson Jr.,RB,2,RB,True,12.200000000000001
2022,12,6,4258195,Donovan Peoples-Jones,WR,20,BE,False,3.6
2022,12,6,3117256,Dalton Schultz,TE,23,FLEX,True,19.1
2022,12,6,4361529,Isiah Pacheco,RB,20,BE,False,15.600000000000001
2022,12,6,3043116,Demarcus Robinson,WR,20,BE,False,2.7
2022,12,6,-16015,Dolphins D/ST,D/ST,16,D/ST,True,20.0
2022,12,9,3117251,Christian McCaffrey,RB,2,RB,True,8.9
2022,12,9,15847,Travis Kelce,TE,6,TE,True,15.7
2022,12,9,16737,Mike Evans,WR,23,FLEX,True,5.1
2022,12,9,4047650,DK Metcalf,WR,4,WR,True,20.0
2022,12,9,3116165,Chris Godwin,WR,4,WR,True,29.0
2022,12,9,4040761,Devin Singletary,RB,23,FLEX,True,9.0
2022,12,9,3128429,Courtland Sutton,WR,20,BE,False,13.5
2022,12,9,4569618,Garrett Wilson,WR,20,BE,False,29.4
2022,12,9,4240657,Michael Carter,RB,20,BE,False,5.6
2022,12,9,2980453,Jamaal Williams,RB,2,RB,True,10.600000000000001
2022,12,9,2971618,Nelson Agholor,WR,20,BE,False,18.5
2022,12,9,3917792,Daniel Jones,QB,0,QB,True,16.520000000000003
2022,12,9,2573079,Carson Wentz,QB,21,IR,False,0.0
2022,12,9,3116164,Mike Gesicki,TE,20,BE,False,0.0
2022,12,9,2971573,Ka'imi Fairbairn,K,17,K,True,3.0
2022,12,9,14012,Andy Dalton,QB,20,BE,False,10.26
2022,12,9,-16020,Jets D/ST,D/ST,16,D/ST,True,9.0
2022,12,1,3045147,James Conner,RB,2,RB,True,21.0
2022,12,1,16800,Davante Adams,WR,4,WR,True,14.4
2022,12,1,4239993,Tee Higgins,WR,4,WR,True,24.4
2022,12,1,3121422,Terry McLaurin,WR,23,FLEX,True,9.3
2022,12,1,3915511,Joe Burrow,QB,0,QB,True,20.0
2022,12,1,4241985,J.K. Dobbins,RB,21,IR,False,0.0
2022,12,1,16757,Derek Carr,QB,20,BE,False,26.8
2022,12,1,2573401,Tyler Higbee,TE,6,TE,True,0.0
2022,12,1,4567156,Treylon Burks,WR,20,BE,False,17.0
2022,12,1,12731,Ryan Succop,K,17,K,True,6.0
2022,12,1,4361370,Chris Olave,WR,23,FLEX,True,11.2
2022,12,1,4372485,Rondale Moore,WR,20,BE,False,0.0
2022,12,1,-16017,Patriots D/ST,D/ST,16,D/ST,True,2.0
2022,12,1,3051926,Gus Edwards,RB,2,RB,True,9.2
2022,12,1,2979843,Kenyan Drake,RB,20,BE,False,0.2
2022,12,1,4240021,Cam Akers,RB,20,BE,False,3.7
2022,12,1,-16007,Broncos D/ST,D/ST,20,BE,False,2.0
2022,12,11,3068267,Austin Ekeler,RB,2,RB,True,25.0
2022,12,11,3929630,Saquon Barkley,RB,2,RB,True,15.200000000000001
2022,12,11,4038941,Justin Herbert,QB,0,QB,True,34.760000000000005
2022,12,11,4360438,Brandon Aiyuk,WR,23,FLEX,True,11.5
2022,12,11,2577327,Tyler Lockett,WR,4,WR,True,15.8
2022,12,11,14880,Kirk Cousins,QB,20,BE,False,27.86
2022,12,11,3916148,Tony Pollard,RB,23,FLEX,True,8.1
2022,12,11,15795,DeAndre Hopkins,WR,4,WR,True,18.700000000000003
2022,12,11,4046692,Chase Claypool,WR,20,BE,False,7.1000000000000005
2022,12,11,4036131,Noah Fant,TE,6,TE,True,6.4
2022,12,11,13982,Julio Jones,WR,20,BE,False,8.5
2022,12,11,4242433,Joshua Palmer,WR,20,BE,False,10.600000000000001
2022,12,11,2468609,Taysom Hill,TE,20,BE,False,3.0
2022,12,11,3125116,D'Onta Foreman,RB,20,BE,False,11.3
2022,12,11,2473037,Jason Myers,K,17,K,True,10.0
2022,12,11,-16028,Commanders D/ST,D/ST,16,D/ST,True,6.0
2022,12,4,4241457,Najee Harris,RB,23,FLEX,True,10.9
2022,12,4,3128720,Nick Chubb,RB,2,RB,True,20.200000000000003
2022,12,4,4372016,Jaylen Waddle,WR,4,WR,True,13.5
2022,12,4,4241479,Tua Tagovailoa,QB,0,QB,True,17.96
2022,12,4,4241478,DeVonta Smith,WR,23,FLEX,True,9.0
2022,12,4,3128390,Allen Lazard,WR,4,WR,True,4.4
2022,12,4,4035886,Khalil Herbert,RB,21,IR,False,0.0
2022,12,4,15072,Marvin Jones Jr.,WR,20,BE,False,11.2
2022,12,4,3127292,Will Dissly,TE,20,BE,False,3.7
2022,12,4,16760,Jimmy Garoppolo,QB,20,BE,False,15.280000000000001
2022,12,4,4360294,Antonio Gibson,RB,2,RB,True,8.4
2022,12,4,-16022,Cardinals D/ST,D/ST,20,BE,False,4.0
2022,12,4,9354,Robbie Gould,K,17,K,True,8.0
2022,12,4,3916945,Darius Slayton,WR,20,BE,False,9.3
2022,12,4,3843945,Foster Moreau,TE,6,TE,True,12.3
2022,12,4,16790,Jarvis Landry,WR,20,BE,False,4.0
2022,12,4,-16029,Panthers D/ST,D/ST,16,D/ST,True,12.0
2022,13,3,3043078,Derrick Henry,RB,2,RB,True,5.8
2022,13,3,4362628,Ja'Marr Chase,WR,23,FLEX,True,16.700000000000003
2022,13,3,4047646,A.J. Brown,WR,4,WR,True,32.9
2022,13,3,4239996,Travis Etienne Jr.,RB,2,RB,True,7.6000000000000005
2022,13,3,4040715,Jalen Hurts,QB,0,QB,True,41.400000000000006
2022,13,3,4361411,Pat Freiermuth,TE,6,TE,True,10.600000000000001
2022,13,3,16460,Adam Thielen,WR,20,BE,False,4.7
2022,13,3,4360238,Dameon Pierce,RB,23,FLEX,True,12.5
2022,13,3,16799,Allen Robinson II,WR,20,BE,False,0.0
2022,13,3,2976499,Amari Cooper,WR,20,BE,False,8.0
2022,13,3,3895856,Christian Kirk,WR,4,WR,True,16.4
2022,13,3,15835,Zach Ertz,TE,20,BE,False,0.0
2022,13,3,-16018,Saints D/ST,D/ST,16,D/ST,True,6.0
2022,13,3,4048244,Alexander Mattison,RB,20,BE,False,9.8
2022,13,3,2565969,Taylor Heinicke,QB,20,BE,False,21.6
2022,13,3,3050478,Jake Elliott,K,17,K,True,5.0
2022,13,2,3042519,Aaron Jones,RB,2,RB,True,10.0
2022,13,2,2977187,Cooper Kupp,WR,21,IR,False,0.0
2022,13,2,3120348,JuJu Smith-Schuster,WR,4,WR,True,6.5
2022,13,2,3051392,Ezekiel Elliott,RB,2,RB,True,18.099999999999998
2022,13,2,3917315,Kyler Murray,QB,20,BE,False,0.0
2022,13,2,4258595,Cole Kmet,TE,6,TE,True,13.2
2022,13,2,-16011,Colts D/ST,D/ST,16,D/ST,True,0.0
2022,13,2,16339,Brandon McManus,K,20,BE,False,13.0
2022,13,2,3916433,Jakobi Meyers,WR,4,WR,True,5.2
2022,13,2,3115378,Russell Gage,WR,20,BE,False,2.1
2022,13,2,12460,Graham Gano,K,17,K,True,8.0
2022,13,2,4373626,Tyler Allgeier,RB,23,FLEX,True,5.2
2022,13,2,3051876,Evan Engram,TE,23,FLEX,True,14.0
2022,13,2,16782,Jerick McKinnon,RB,20,BE,False,14.000000000000002
2022,13,2,4569587,Wan'Dale Robinson,WR,20,BE,False,0.0
2022,13,2,2576434,Melvin Gordon III,RB,20,BE,False,0.0
2022,13,2,4240703,Kenny Pickett,QB,0,QB,True,15.28
2022,13,10,3139477,Patrick Mahomes,QB,0,QB,True,21.82
2022,13,10,2330,Tom Brady,QB,20,BE,False,21.14
2022,13,10,3915416,DJ Moore,WR,20,BE,False,0.0
2022,13,10,3045138,Mike Williams,WR,21,IR,False,0.0
2022,13,10,16731,Brandin Cooks,WR,20,BE,False,0.0
2022,13,10,4035538,David Montgomery,RB,2,RB,True,16.700000000000003
2022,13,10,4567048,Kenneth Walker III,RB,2,RB,True,3.6
2022,13,10,4426502,Drake London,WR,4,WR,True,15.5
2022,13,10,4040655,Darnell Mooney,WR,21,IR,False,0.0
2022,13,10,3059915,Kareem Hunt,RB,23,FLEX,True,9.4
2022,13,10,15683,Justin Tucker,K,17,K,True,4.0
2022,13,10,-16006,Cowboys D/ST,D/ST,16,D/ST,True,19.0
2022,13,10,4249087,Matt Gay,K,20,BE,False,14.0
2022,13,10,2975674,Robert Tonyan,TE,20,BE,False,2.0
2022,13,10,3924365,Hayden Hurst,TE,6,TE,True,3.2
2022,13,10,-16012,Chiefs D/ST,D/ST,20,BE,False,-1.0
2022,13,10,3930066,Van Jefferson,WR,4,WR,True,5.9
2022,13,10,2991662,Mack Hollins,WR,23,FLEX,True,8.5
2022,13,12,4242335,Jonathan Taylor,RB,2,RB,True,13.3
2022,13,12,4262921,Justin Jefferson,WR,4,WR,True,18.6
2022,13,12,3115364,Leonard Fournette,RB,20,BE,False,14.100000000000001
2022,13,12,4241463,Jerry Jeudy,WR,20,BE,False,10.5
2022,13,12,4241474,Brian Robinson Jr.,RB,2,RB,True,13.100000000000001
2022,13,12,3918639,Gerald Everett,TE,6,TE,True,13.0
2022,13,12,3049899,Younghoe Koo,K,17,K,True,14.0
2022,13,12,-16002,Bills D/ST,D/ST,16,D/ST,True,6.0
2022,13,12,15920,Latavius Murray,RB,20,BE,False,10.1
2022,13,12,3932905,Diontae Johnson,WR,4,WR,True,11.0
2022,13,12,3121410,Parris Campbell,WR,23,FLEX,True,8.5
2022,13,12,2576980,Marcus Mariota,QB,20,BE,False,12.379999999999999
2022,13,12,4362887,Justin Fields,QB,0,QB,True,22.26
2022,13,12,4697815,Rachaad White,RB,23,FLEX,True,16.900000000000002
2022,13,12,3929645,Juwan Johnson,TE,20,BE,False,0.0
2022,13,12,2580216,DeAndre Carter,WR,20,BE,False,2.4000000000000004
2022,13,8,3054850,Alvin Kamara,RB,2,RB,True,5.699999999999999
2022,13,8,4259545,D'Andre Swift,RB,2,RB,True,21.1
2022,13,8,2976212,Stefon Diggs,WR,4,WR,True,22.200000000000003
2022,13,8,3918298,Josh Allen,QB,0,QB,True,20.92
2022,13,8,4035687,Michael Pittman Jr.,WR,4,WR,True,3.6
2022,13,8,3121023,Dallas Goedert,TE,21,IR,False,0.0
2022,13,8,-16025,49ers D/ST,D/ST,16,D/ST,True,18.0
2022,13,8,4426354,George Pickens,WR,23,FLEX,True,1.2
2022,13,8,3051738,Marquez Valdes-Scantling,WR,20,BE,False,9.100000000000001
2022,13,8,15864,Geno Smith,QB,20,BE,False,28.98
2022,13,8,3055899,Harrison Butker,K,17,K,True,5.0
2022,13,8,3051909,Daniel Carlson,K,20,BE,False,10.0
2022,13,8,3915486,Tyler Conklin,TE,6,TE,True,2.9
2022,13,8,3045144,Tyler Boyd,WR,20,BE,False,10.0
2022,13,8,4241416,Chuba Hubbard,RB,20,BE,False,0.0
2022,13,8,4241555,Elijah Mitchell,RB,21,IR,False,0.0
2022,13,8,4427728,Zonovan Knight,RB,23,FLEX,True,16.8
2022,13,5,4241389,CeeDee Lamb,WR,23,FLEX,True,20.400000000000002
2022,13,5,4243537,Gabe Davis,WR,4,WR,True,9.5
2022,13,5,4036133,T.J. Hockenson,TE,6,TE,True,7.300000000000001
2022,13,5,2577417,Dak Prescott,QB,0,QB,True,22.8
2022,13,5,15818,Keenan Allen,WR,4,WR,True,20.8
2022,13,5,4052042,James Robinson,RB,2,RB,True,1.0
2022,13,5,-16010,Titans D/ST,D/ST,16,D/ST,True,-5.0
2022,13,5,4362630,Terrace Marshall Jr.,WR,20,BE,False,0.0
2022,13,5,4244732,Caleb Huntley,RB,20,BE,False,1.7000000000000002
2022,13,5,3124084,Joey Slye,K,17,K,True,8.0
2022,13,5,14876,Ryan Tannehill,QB,20,BE,False,15.04
2022,13,5,3700815,Kendall Hinton,WR,20,BE,False,2.1
2022,13,5,3043275,Austin Hooper,TE,20,BE,False,5.2
2022,13,5,4258173,Nico Collins,WR,23,FLEX,True,12.5
2022,13,5,3116389,Samaje Perine,RB,20,BE,False,21.5
2022,13,5,4239934,AJ Dillon,RB,2,RB,True,20.900000000000002
2022,13,7,3116593,Dalvin Cook,RB,23,FLEX,True,16.3
2022,13,7,3116385,Joe Mixon,RB,20,BE,False,0.0
2022,13,7,3116365,Mark Andrews,TE,6,TE,True,9.4
2022,13,7,4045163,Miles Sanders,RB,2,RB,True,11.8
2022,13,7,4047365,Josh Jacobs,RB,2,RB,True,21.0
2022,13,7,4241372,Marquise Brown,WR,20,BE,False,0.0
2022,13,7,8439,Aaron Rodgers,QB,0,QB,True,15.68
2022,13,7,-16033,Ravens D/ST,D/ST,16,D/ST,True,7.0
2022,13,7,4036348,Michael Gallup,WR,4,WR,True,18.3
2022,13,7,3121427,Curtis Samuel,WR,20,BE,False,14.600000000000001
2022,13,7,15807,Cordarrelle Patterson,RB,20,BE,False,6.0
2022,13,7,3930086,Dawson Knox,TE,20,BE,False,0.0
2022,13,7,3917232,Tyler Bass,K,17,K,True,7.0
2022,13,7,4248528,Christian Watson,WR,4,WR,True,25.400000000000002
2022,13,7,3122840,Deshaun Watson,QB,20,BE,False,5.34
2022,13,7,4430191,Skyy Moore,WR,23,FLEX,True,1.2000000000000002
2022,13,9,3117251,Christian McCaffrey,RB,2,RB,True,28.6
2022,13,9,15847,Travis Kelce,TE,6,TE,True,7.6000000000000005
2022,13,9,16737,Mike Evans,WR,23,FLEX,True,9.9
2022,13,9,4047650,DK Metcalf,WR,4,WR,True,26.700000000000003
2022,13,9,3116165,Chris Godwin,WR,4,WR,True,14.3
2022,13,9,4040761,Devin Singletary,RB,23,FLEX,True,11.100000000000001
2022,13,9,3128429,Courtland Sutton,WR,20,BE,False,0.0
2022,13,9,4569618,Garrett Wilson,WR,20,BE,False,24.2
2022,13,9,4240657,Michael Carter,RB,20,BE,False,0.0
2022,13,9,2980453,Jamaal Williams,RB,2,RB,True,9.5
2022,13,9,2971618,Nelson Agholor,WR,20,BE,False,3.7
2022,13,9,3917792,Daniel Jones,QB,0,QB,True,19.1
2022,13,9,2573079,Carson Wentz,QB,21,IR,False,0.0
2022,13,9,3116164,Mike Gesicki,TE,20,BE,False,0.0
2022,13,9,2971573,Ka'imi Fairbairn,K,17,K,True,7.0
2022,13,9,14012,Andy Dalton,QB,20,BE,False,15.26
2022,13,9,-16020,Jets D/ST,D/ST,16,D/ST,True,4.0
2022,13,6,3116406,Tyreek Hill,WR,4,WR,True,30.6
2022,13,6,3916387,Lamar Jackson,QB,0,QB,True,1.34
2022,13,6,3126486,Deebo Samuel,WR,23,FLEX,True,12.3
2022,13,6,4569173,Rhamondre Stevenson,RB,2,RB,True,13.8
2022,13,6,3040151,George Kittle,TE,6,TE,True,4.2
2022,13,6,4374302,Amon-Ra St. Brown,WR,4,WR,True,34.6
2022,13,6,4360310,Trevor Lawrence,QB,20,BE,False,18.36
2022,13,6,2576414,Raheem Mostert,RB,20,BE,False,3.0
2022,13,6,16486,Brett Maher,K,17,K,True,5.0
2022,13,6,-16021,Eagles D/ST,D/ST,16,D/ST,True,11.0
2022,13,6,3122976,Jeff Wilson Jr.,RB,20,BE,False,0.30000000000000004
2022,13,6,4258195,Donovan Peoples-Jones,WR,20,BE,False,13.4
2022,13,6,3117256,Dalton Schultz,TE,20,BE,False,5.300000000000001
2022,13,6,4361529,Isiah Pacheco,RB,2,RB,True,16.200000000000003
2022,13,6,-16015,Dolphins D/ST,D/ST,20,BE,False,6.0
2022,13,6,3059722,Zay Jones,WR,23,FLEX,True,3.6
2022,13,11,3068267,Austin Ekeler,RB,2,RB,True,13.2
2022,13,11,3929630,Saquon Barkley,RB,2,RB,True,19.1
2022,13,11,4038941,Justin Herbert,QB,0,QB,True,20.1
2022,13,11,4360438,Brandon Aiyuk,WR,4,WR,True,9.600000000000001
2022,13,11,2577327,Tyler Lockett,WR,4,WR,True,27.8
2022,13,11,14880,Kirk Cousins,QB,20,BE,False,13.82
2022,13,11,3916148,Tony Pollard,RB,23,FLEX,True,24.6
2022,13,11,15795,DeAndre Hopkins,WR,20,BE,False,0.0
2022,13,11,4046692,Chase Claypool,WR,20,BE,False,5.800000000000001
2022,13,11,4036131,Noah Fant,TE,6,TE,True,14.2
2022,13,11,13982,Julio Jones,WR,20,BE,False,5.800000000000001
2022,13,11,4242433,Joshua Palmer,WR,23,FLEX,True,13.0
2022,13,11,2468609,Taysom Hill,TE,20,BE,False,13.34
2022,13,11,3125116,D'Onta Foreman,RB,20,BE,False,0.0
2022,13,11,2473037,Jason Myers,K,17,K,True,10.0
2022,13,11,-16028,Commanders D/ST,D/ST,16,D/ST,True,6.0
2022,13,1,3045147,James Conner,RB,20,BE,False,0.0
2022,13,1,16800,Davante Adams,WR,4,WR,True,38.7
2022,13,1,4239993,Tee Higgins,WR,4,WR,True,12.5
2022,13,1,3121422,Terry McLaurin,WR,23,FLEX,True,24.5
2022,13,1,3915511,Joe Burrow,QB,0,QB,True,34.04
2022,13,1,4241985,J.K. Dobbins,RB,21,IR,False,0.0
2022,13,1,16757,Derek Carr,QB,20,BE,False,21.0
2022,13,1,2573401,Tyler Higbee,TE,6,TE,True,3.4000000000000004
2022,13,1,4567156,Treylon Burks,WR,20,BE,False,9.5
2022,13,1,12731,Ryan Succop,K,17,K,True,5.0
2022,13,1,4361370,Chris Olave,WR,23,FLEX,True,10.5
2022,13,1,-16017,Patriots D/ST,D/ST,20,BE,False,4.0
2022,13,1,3051926,Gus Edwards,RB,2,RB,True,1.2000000000000002
2022,13,1,2979843,Kenyan Drake,RB,20,BE,False,6.6000000000000005
2022,13,1,4240021,Cam Akers,RB,20,BE,False,19.0
2022,13,1,4430737,Kyren Williams,RB,2,RB,True,0.9
2022,13,1,-16026,Seahawks D/ST,D/ST,16,D/ST,True,8.0
2022,13,4,4241457,Najee Harris,RB,23,FLEX,True,10.2
2022,13,4,3128720,Nick Chubb,RB,2,RB,True,8.0
2022,13,4,4372016,Jaylen Waddle,WR,4,WR,True,1.9
2022,13,4,4241479,Tua Tagovailoa,QB,0,QB,True,21.8
2022,13,4,4241478,DeVonta Smith,WR,23,FLEX,True,21.200000000000003
2022,13,4,3128390,Allen Lazard,WR,4,WR,True,11.7
2022,13,4,4035886,Khalil Herbert,RB,21,IR,False,0.0
2022,13,4,15072,Marvin Jones Jr.,WR,20,BE,False,2.7
2022,13,4,3127292,Will Dissly,TE,20,BE,False,4.2
2022,13,4,16760,Jimmy Garoppolo,QB,20,BE,False,2.24
2022,13,4,4360294,Antonio Gibson,RB,2,RB,True,7.9
2022,13,4,9354,Robbie Gould,K,17,K,True,18.0
2022,13,4,3916945,Darius Slayton,WR,20,BE,False,15.0
2022,13,4,3843945,Foster Moreau,TE,6,TE,True,4.2
2022,13,4,16790,Jarvis Landry,WR,20,BE,False,3.4000000000000004
2022,13,4,-16005,Browns D/ST,D/ST,16,D/ST,True,31.0
2022,13,4,3928925,JaMycal Hasty,RB,20,BE,False,0.0
2022,14,2,3042519,Aaron Jones,RB,20,BE,False,0.0
2022,14,2,2977187,Cooper Kupp,WR,21,IR,False,0.0
2022,14,2,3120348,JuJu Smith-Schuster,WR,4,WR,True,22.4
2022,14,2,3051392,Ezekiel Elliott,RB,2,RB,True,17.099999999999998
2022,14,2,3917315,Kyler Murray,QB,20,BE,False,0.66
2022,14,2,4258595,Cole Kmet,TE,6,TE,True,0.0
2022,14,2,-16011,Colts D/ST,D/ST,16,D/ST,True,0.0
2022,14,2,16339,Brandon McManus,K,20,BE,False,4.0
2022,14,2,3916433,Jakobi Meyers,WR,20,BE,False,0.0
2022,14,2,3115378,Russell Gage,WR,4,WR,True,9.2
2022,14,2,12460,Graham Gano,K,17,K,True,2.0
2022,14,2,4373626,Tyler Allgeier,RB,23,FLEX,True,0.0
2022,14,2,3051876,Evan Engram,TE,23,FLEX,True,39.2
2022,14,2,16782,Jerick McKinnon,RB,2,RB,True,35.4
2022,14,2,4569587,Wan'Dale Robinson,WR,20,BE,False,0.0
2022,14,2,2576434,Melvin Gordon III,RB,20,BE,False,0.0
2022,14,2,4240703,Kenny Pickett,QB,0,QB,True,1.6
2022,14,12,4242335,Jonathan Taylor,RB,20,BE,False,0.0
2022,14,12,4262921,Justin Jefferson,WR,4,WR,True,35.3
2022,14,12,3115364,Leonard Fournette,RB,2,RB,True,10.6
2022,14,12,4241463,Jerry Jeudy,WR,23,FLEX,True,33.3
2022,14,12,4241474,Brian Robinson Jr.,RB,20,BE,False,0.0
2022,14,12,3918639,Gerald Everett,TE,6,TE,True,7.800000000000001
2022,14,12,3049899,Younghoe Koo,K,20,BE,False,0.0
2022,14,12,-16002,Bills D/ST,D/ST,16,D/ST,True,11.0
2022,14,12,15920,Latavius Murray,RB,2,RB,True,6.1000000000000005
2022,14,12,3932905,Diontae Johnson,WR,4,WR,True,14.200000000000001
2022,14,12,3121410,Parris Campbell,WR,20,BE,False,0.0
2022,14,12,2576980,Marcus Mariota,QB,20,BE,False,0.0
2022,14,12,4362887,Justin Fields,QB,20,BE,False,0.0
2022,14,12,4697815,Rachaad White,RB,23,FLEX,True,10.700000000000001
2022,14,12,3929645,Juwan Johnson,TE,21,IR,False,0.0
2022,14,12,4035671,Tyler Huntley,QB,0,QB,True,6.62
2022,14,12,14993,Greg Zuerlein,K,17,K,True,4.0
2022,14,5,4241389,CeeDee Lamb,WR,4,WR,True,8.3
2022,14,5,4243537,Gabe Davis,WR,23,FLEX,True,6.1
2022,14,5,4036133,T.J. Hockenson,TE,6,TE,True,11.7
2022,14,5,2577417,Dak Prescott,QB,0,QB,True,15.66
2022,14,5,15818,Keenan Allen,WR,4,WR,True,21.200000000000003
2022,14,5,-16010,Titans D/ST,D/ST,16,D/ST,True,-5.0
2022,14,5,4362630,Terrace Marshall Jr.,WR,20,BE,False,2.8
2022,14,5,4244732,Caleb Huntley,RB,20,BE,False,0.0
2022,14,5,14876,Ryan Tannehill,QB,20,BE,False,21.759999999999998
2022,14,5,3700815,Kendall Hinton,WR,20,BE,False,8.8
2022,14,5,3043275,Austin Hooper,TE,20,BE,False,11.8
2022,14,5,3116389,Samaje Perine,RB,2,RB,True,9.399999999999999
2022,14,5,4239934,AJ Dillon,RB,20,BE,False,0.0
2022,14,5,4360234,Evan McPherson,K,17,K,True,4.0
2022,14,5,4371733,Kenneth Gainwell,RB,2,RB,True,1.0
2022,14,5,3128724,Isaiah McKenzie,WR,23,FLEX,True,5.800000000000001
2022,14,3,3043078,Derrick Henry,RB,2,RB,True,20.5
2022,14,3,4362628,Ja'Marr Chase,WR,23,FLEX,True,28.5
2022,14,3,4047646,A.J. Brown,WR,4,WR,True,17.0
2022,14,3,4239996,Travis Etienne Jr.,RB,2,RB,True,3.2
2022,14,3,4040715,Jalen Hurts,QB,0,QB,True,35.379999999999995
2022,14,3,4361411,Pat Freiermuth,TE,6,TE,True,12.3
2022,14,3,16460,Adam Thielen,WR,20,BE,False,19.5
2022,14,3,4360238,Dameon Pierce,RB,23,FLEX,True,11.8
2022,14,3,16799,Allen Robinson II,WR,20,BE,False,0.0
2022,14,3,2976499,Amari Cooper,WR,20,BE,False,6.2
2022,14,3,3895856,Christian Kirk,WR,4,WR,True,9.5
2022,14,3,15835,Zach Ertz,TE,20,BE,False,0.0
2022,14,3,-16018,Saints D/ST,D/ST,16,D/ST,True,0.0
2022,14,3,4048244,Alexander Mattison,RB,20,BE,False,-0.1
2022,14,3,2565969,Taylor Heinicke,QB,20,BE,False,0.0
2022,14,3,3050478,Jake Elliott,K,17,K,True,12.0
2022,14,9,3117251,Christian McCaffrey,RB,2,RB,True,29.299999999999997
2022,14,9,15847,Travis Kelce,TE,6,TE,True,11.100000000000001
2022,14,9,16737,Mike Evans,WR,23,FLEX,True,8.4
2022,14,9,4047650,DK Metcalf,WR,4,WR,True,18.1
2022,14,9,3116165,Chris Godwin,WR,4,WR,True,10.4
2022,14,9,4040761,Devin Singletary,RB,20,BE,False,5.300000000000001
2022,14,9,3128429,Courtland Sutton,WR,20,BE,False,0.0
2022,14,9,4569618,Garrett Wilson,WR,23,FLEX,True,13.8
2022,14,9,4240657,Michael Carter,RB,20,BE,False,3.0
2022,14,9,2980453,Jamaal Williams,RB,2,RB,True,3.7
2022,14,9,2971618,Nelson Agholor,WR,20,BE,False,8.2
2022,14,9,3917792,Daniel Jones,QB,0,QB,True,21.36
2022,14,9,2573079,Carson Wentz,QB,21,IR,False,0.0
2022,14,9,3116164,Mike Gesicki,TE,20,BE,False,0.0
2022,14,9,2971573,Ka'imi Fairbairn,K,17,K,True,16.0
2022,14,9,14012,Andy Dalton,QB,20,BE,False,0.0
2022,14,9,-16027,Buccaneers D/ST,D/ST,16,D/ST,True,-3.0
2022,14,10,3139477,Patrick Mahomes,QB,0,QB,True,28.78
2022,14,10,2330,Tom Brady,QB,20,BE,False,12.120000000000001
2022,14,10,3915416,DJ Moore,WR,4,WR,True,0.6000000000000001
2022,14,10,3045138,Mike Williams,WR,4,WR,True,23.6
2022,14,10,16731,Brandin Cooks,WR,23,FLEX,True,0.0
2022,14,10,4035538,David Montgomery,RB,20,BE,False,0.0
2022,14,10,4567048,Kenneth Walker III,RB,20,BE,False,0.0
2022,14,10,4426502,Drake London,WR,20,BE,False,0.0
2022,14,10,3059915,Kareem Hunt,RB,2,RB,True,3.2
2022,14,10,15683,Justin Tucker,K,17,K,True,11.0
2022,14,10,-16006,Cowboys D/ST,D/ST,16,D/ST,True,4.0
2022,14,10,3924365,Hayden Hurst,TE,20,BE,False,0.0
2022,14,10,3930066,Van Jefferson,WR,20,BE,False,12.4
2022,14,10,2991662,Mack Hollins,WR,23,FLEX,True,8.2
2022,14,10,3123076,David Njoku,TE,6,TE,True,18.700000000000003
2022,14,10,3139033,Mike Boone,RB,2,RB,True,4.9
2022,14,11,3068267,Austin Ekeler,RB,2,RB,True,24.4
2022,14,11,3929630,Saquon Barkley,RB,2,RB,True,6.800000000000001
2022,14,11,4038941,Justin Herbert,QB,0,QB,True,21.48
2022,14,11,4360438,Brandon Aiyuk,WR,23,FLEX,True,13.7
2022,14,11,2577327,Tyler Lockett,WR,4,WR,True,17.0
2022,14,11,14880,Kirk Cousins,QB,20,BE,False,31.0
2022,14,11,3916148,Tony Pollard,RB,23,FLEX,True,22.2
2022,14,11,15795,DeAndre Hopkins,WR,4,WR,True,12.9
2022,14,11,4036131,Noah Fant,TE,6,TE,True,0.0
2022,14,11,13982,Julio Jones,WR,20,BE,False,8.8
2022,14,11,4242433,Joshua Palmer,WR,20,BE,False,9.3
2022,14,11,2468609,Taysom Hill,TE,20,BE,False,0.0
2022,14,11,3125116,D'Onta Foreman,RB,20,BE,False,8.5
2022,14,11,2473037,Jason Myers,K,17,K,True,6.0
2022,14,11,-16028,Commanders D/ST,D/ST,20,BE,False,0.0
2022,14,11,-16022,Cardinals D/ST,D/ST,16,D/ST,True,3.0
2022,14,8,3054850,Alvin Kamara,RB,20,BE,False,0.0
2022,14,8,4259545,D'Andre Swift,RB,2,RB,True,6.8999999999999995
2022,14,8,2976212,Stefon Diggs,WR,4,WR,True,6.7
2022,14,8,3918298,Josh Allen,QB,0,QB,True,22.58
2022,14,8,4035687,Michael Pittman Jr.,WR,20,BE,False,0.0
2022,14,8,3121023,Dallas Goedert,TE,21,IR,False,0.0
2022,14,8,-16025,49ers D/ST,D/ST,16,D/ST,True,9.0
2022,14,8,4426354,George Pickens,WR,23,FLEX,True,10.8
2022,14,8,3051738,Marquez Valdes-Scantling,WR,4,WR,True,3.0
2022,14,8,15864,Geno Smith,QB,20,BE,False,26.560000000000002
2022,14,8,3055899,Harrison Butker,K,17,K,True,11.0
2022,14,8,3051909,Daniel Carlson,K,20,BE,False,12.0
2022,14,8,3915486,Tyler Conklin,TE,6,TE,True,7.800000000000001
2022,14,8,3045144,Tyler Boyd,WR,20,BE,False,0.0
2022,14,8,4241416,Chuba Hubbard,RB,2,RB,True,18.9
2022,14,8,4241555,Elijah Mitchell,RB,21,IR,False,0.0
2022,14,8,4427728,Zonovan Knight,RB,23,FLEX,True,15.700000000000001
2022,14,4,4241457,Najee Harris,RB,2,RB,True,13.0
2022,14,4,3128720,Nick Chubb,RB,2,RB,True,8.4
2022,14,4,4372016,Jaylen Waddle,WR,4,WR,True,5.1
2022,14,4,4241479,Tua Tagovailoa,QB,0,QB,True,17.6
2022,14,4,4241478,DeVonta Smith,WR,23,FLEX,True,18.4
2022,14,4,3128390,Allen Lazard,WR,20,BE,False,0.0
2022,14,4,4035886,Khalil Herbert,RB,21,IR,False,0.0
2022,14,4,15072,Marvin Jones Jr.,WR,23,FLEX,True,3.2
2022,14,4,3127292,Will Dissly,TE,20,BE,False,4.0
2022,14,4,16760,Jimmy Garoppolo,QB,21,IR,False,0.0
2022,14,4,4360294,Antonio Gibson,RB,20,BE,False,0.0
2022,14,4,9354,Robbie Gould,K,17,K,True,5.0
2022,14,4,3916945,Darius Slayton,WR,4,WR,True,6.2
2022,14,4,3843945,Foster Moreau,TE,6,TE,True,0.0
2022,14,4,16790,Jarvis Landry,WR,20,BE,False,0.0
2022,14,4,-16005,Browns D/ST,D/ST,16,D/ST,True,4.0
2022,14,4,3928925,JaMycal Hasty,RB,20,BE,False,1.3
2022,14,7,3116593,Dalvin Cook,RB,23,FLEX,True,8.600000000000001
2022,14,7,3116385,Joe Mixon,RB,23,FLEX,True,12.600000000000001
2022,14,7,3116365,Mark Andrews,TE,6,TE,True,3.7
2022,14,7,4045163,Miles Sanders,RB,2,RB,True,29.5
2022,14,7,4047365,Josh Jacobs,RB,2,RB,True,19.4
2022,14,7,4241372,Marquise Brown,WR,4,WR,True,7.4
2022,14,7,8439,Aaron Rodgers,QB,20,BE,False,0.0
2022,14,7,-16033,Ravens D/ST,D/ST,16,D/ST,True,11.0
2022,14,7,4036348,Michael Gallup,WR,4,WR,True,6.0
2022,14,7,3121427,Curtis Samuel,WR,20,BE,False,0.0
2022,14,7,15807,Cordarrelle Patterson,RB,20,BE,False,0.0
2022,14,7,3930086,Dawson Knox,TE,20,BE,False,14.100000000000001
2022,14,7,3917232,Tyler Bass,K,17,K,True,9.0
2022,14,7,4248528,Christian Watson,WR,20,BE,False,0.0
2022,14,7,3046779,Jared Goff,QB,0,QB,True,34.1
2022,14,7,4372485,Rondale Moore,WR,20,BE,False,0.0
2022,14,1,3045147,James Conner,RB,23,FLEX,True,23.4
2022,14,1,16800,Davante Adams,WR,4,WR,True,10.100000000000001
2022,14,1,4239993,Tee Higgins,WR,4,WR,True,0.0
2022,14,1,3121422,Terry McLaurin,WR,20,BE,False,0.0
2022,14,1,3915511,Joe Burrow,QB,0,QB,True,21.560000000000002
2022,14,1,4241985,J.K. Dobbins,RB,20,BE,False,18.0
2022,14,1,16757,Derek Carr,QB,20,BE,False,2.58
2022,14,1,2573401,Tyler Higbee,TE,20,BE,False,3.1
2022,14,1,4567156,Treylon Burks,WR,21,IR,False,0.0
2022,14,1,4361370,Chris Olave,WR,20,BE,False,0.0
2022,14,1,-16017,Patriots D/ST,D/ST,20,BE,False,19.0
2022,14,1,4240021,Cam Akers,RB,2,RB,True,9.299999999999999
2022,14,1,-16026,Seahawks D/ST,D/ST,16,D/ST,True,1.0
2022,14,1,4379399,James Cook,RB,2,RB,True,2.5
2022,14,1,4367209,Greg Dulcich,TE,6,TE,True,7.2
2022,14,1,10621,Nick Folk,K,17,K,True,11.0
2022,14,1,4037457,Travis Homer,RB,23,FLEX,True,5.3999999999999995
2022,14,6,3116406,Tyreek Hill,WR,4,WR,True,27.1
2022,14,6,3916387,Lamar Jackson,QB,20,BE,False,0.0
2022,14,6,3126486,Deebo Samuel,WR,23,FLEX,True,14.399999999999999
2022,14,6,4569173,Rhamondre Stevenson,RB,2,RB,True,3.0
2022,14,6,3040151,George Kittle,TE,20,BE,False,6.800000000000001
2022,14,6,4374302,Amon-Ra St. Brown,WR,4,WR,True,13.4
2022,14,6,4360310,Trevor Lawrence,QB,0,QB,True,39.42
2022,14,6,2576414,Raheem Mostert,RB,20,BE,False,5.4
2022,14,6,16486,Brett Maher,K,17,K,True,11.0
2022,14,6,-16021,Eagles D/ST,D/ST,16,D/ST,True,9.0
2022,14,6,3122976,Jeff Wilson Jr.,RB,20,BE,False,2.6
2022,14,6,4258195,Donovan Peoples-Jones,WR,20,BE,False,19.4
2022,14,6,3117256,Dalton Schultz,TE,6,TE,True,14.700000000000001
2022,14,6,4361529,Isiah Pacheco,RB,2,RB,True,12.3
2022,14,6,-16015,Dolphins D/ST,D/ST,20,BE,False,2.0
2022,14,6,3059722,Zay Jones,WR,23,FLEX,True,21.7
2022,15,3,3043078,Derrick Henry,RB,2,RB,True,26.299999999999997
2022,15,3,4362628,Ja'Marr Chase,WR,23,FLEX,True,19.0
2022,15,3,4047646,A.J. Brown,WR,4,WR,True,27.1
2022,15,3,4239996,Travis Etienne Jr.,RB,2,RB,True,12.700000000000001
2022,15,3,4040715,Jalen Hurts,QB,0,QB,True,34.7
2022,15,3,4361411,Pat Freiermuth,TE,6,TE,True,0.0
2022,15,3,16460,Adam Thielen,WR,20,BE,False,13.100000000000001
2022,15,3,4360238,Dameon Pierce,RB,23,FLEX,True,0.0
2022,15,3,16799,Allen Robinson II,WR,20,BE,False,0.0
2022,15,3,2976499,Amari Cooper,WR,20,BE,False,9.8
2022,15,3,3895856,Christian Kirk,WR,4,WR,True,15.200000000000001
2022,15,3,15835,Zach Ertz,TE,20,BE,False,0.0
2022,15,3,-16018,Saints D/ST,D/ST,16,D/ST,True,6.0
2022,15,3,4048244,Alexander Mattison,RB,20,BE,False,0.1
2022,15,3,2565969,Taylor Heinicke,QB,20,BE,False,15.260000000000002
2022,15,3,3050478,Jake Elliott,K,17,K,True,4.0
2022,15,6,3116406,Tyreek Hill,WR,4,WR,True,21.9
2022,15,6,3916387,Lamar Jackson,QB,21,IR,False,0.0
2022,15,6,3126486,Deebo Samuel,WR,21,IR,False,0.0
2022,15,6,4569173,Rhamondre Stevenson,RB,23,FLEX,True,24.8
2022,15,6,3040151,George Kittle,TE,6,TE,True,28.3
2022,15,6,4374302,Amon-Ra St. Brown,WR,4,WR,True,15.2
2022,15,6,4360310,Trevor Lawrence,QB,20,BE,False,37.82
2022,15,6,2576414,Raheem Mostert,RB,2,RB,True,16.6
2022,15,6,16486,Brett Maher,K,17,K,True,12.0
2022,15,6,-16021,Eagles D/ST,D/ST,20,BE,False,10.0
2022,15,6,4258195,Donovan Peoples-Jones,WR,20,BE,False,13.1
2022,15,6,3117256,Dalton Schultz,TE,20,BE,False,3.5
2022,15,6,4361529,Isiah Pacheco,RB,2,RB,True,8.7
2022,15,6,3059722,Zay Jones,WR,23,FLEX,True,37.9
2022,15,6,-16012,Chiefs D/ST,D/ST,16,D/ST,True,5.0
2022,15,6,4361741,Brock Purdy,QB,0,QB,True,23.48
2022,15,6,3043116,Demarcus Robinson,WR,20,BE,False,6.9
2022,15,6,3139605,Marlon Mack,RB,20,BE,False,16.3
2022,15,9,3117251,Christian McCaffrey,RB,2,RB,True,25.8
2022,15,9,15847,Travis Kelce,TE,6,TE,True,20.5
2022,15,9,16737,Mike Evans,WR,23,FLEX,True,13.3
2022,15,9,4047650,DK Metcalf,WR,4,WR,True,12.5
2022,15,9,3116165,Chris Godwin,WR,4,WR,True,22.3
2022,15,9,4040761,Devin Singletary,RB,20,BE,False,10.0
2022,15,9,3128429,Courtland Sutton,WR,20,BE,False,0.0
2022,15,9,4569618,Garrett Wilson,WR,23,FLEX,True,13.8
2022,15,9,4240657,Michael Carter,RB,20,BE,False,4.1
2022,15,9,2980453,Jamaal Williams,RB,2,RB,True,3.3000000000000003
2022,15,9,2971618,Nelson Agholor,WR,20,BE,False,1.3
2022,15,9,3917792,Daniel Jones,QB,0,QB,True,9.9
2022,15,9,2573079,Carson Wentz,QB,21,IR,False,0.0
2022,15,9,3116164,Mike Gesicki,TE,20,BE,False,1.5
2022,15,9,2971573,Ka'imi Fairbairn,K,17,K,True,6.0
2022,15,9,14012,Andy Dalton,QB,20,BE,False,18.14
2022,15,9,-16027,Buccaneers D/ST,D/ST,16,D/ST,True,5.0
2022,15,8,3054850,Alvin Kamara,RB,2,RB,True,12.4
2022,15,8,4259545,D'Andre Swift,RB,2,RB,True,12.5
2022,15,8,2976212,Stefon Diggs,WR,4,WR,True,10.7
2022,15,8,3918298,Josh Allen,QB,0,QB,True,43.86
2022,15,8,4035687,Michael Pittman Jr.,WR,4,WR,True,19.0
2022,15,8,3121023,Dallas Goedert,TE,21,IR,False,0.0
2022,15,8,-16025,49ers D/ST,D/ST,16,D/ST,True,10.0
2022,15,8,4426354,George Pickens,WR,23,FLEX,True,7.300000000000001
2022,15,8,3051738,Marquez Valdes-Scantling,WR,20,BE,False,11.6
2022,15,8,15864,Geno Smith,QB,20,BE,False,17.32
2022,15,8,3055899,Harrison Butker,K,17,K,True,2.0
2022,15,8,3051909,Daniel Carlson,K,20,BE,False,7.0
2022,15,8,3915486,Tyler Conklin,TE,6,TE,True,1.9
2022,15,8,3045144,Tyler Boyd,WR,20,BE,False,14.5
2022,15,8,4241416,Chuba Hubbard,RB,20,BE,False,9.7
2022,15,8,4241555,Elijah Mitchell,RB,21,IR,False,0.0
2022,15,8,4427728,Zonovan Knight,RB,23,FLEX,True,2.3000000000000003
2022,15,12,4242335,Jonathan Taylor,RB,2,RB,True,2.3
2022,15,12,4262921,Justin Jefferson,WR,4,WR,True,30.3
2022,15,12,3115364,Leonard Fournette,RB,20,BE,False,11.4
2022,15,12,4241463,Jerry Jeudy,WR,4,WR,True,14.600000000000001
2022,15,12,4241474,Brian Robinson Jr.,RB,2,RB,True,11.700000000000001
2022,15,12,3918639,Gerald Everett,TE,6,TE,True,8.2
2022,15,12,3049899,Younghoe Koo,K,17,K,True,4.0
2022,15,12,-16002,Bills D/ST,D/ST,20,BE,False,-1.0
2022,15,12,15920,Latavius Murray,RB,20,BE,False,21.2
2022,15,12,3932905,Diontae Johnson,WR,23,FLEX,True,20.0
2022,15,12,3121410,Parris Campbell,WR,20,BE,False,3.3
2022,15,12,4362887,Justin Fields,QB,0,QB,True,27.58
2022,15,12,4697815,Rachaad White,RB,20,BE,False,5.300000000000001
2022,15,12,3929645,Juwan Johnson,TE,21,IR,False,22.7
2022,15,12,14993,Greg Zuerlein,K,20,BE,False,4.0
2022,15,12,3115394,DJ Chark,WR,23,FLEX,True,2.8
2022,15,12,-16007,Broncos D/ST,D/ST,16,D/ST,True,12.0
2022,15,11,3068267,Austin Ekeler,RB,2,RB,True,15.0
2022,15,11,3929630,Saquon Barkley,RB,2,RB,True,23.000000000000004
2022,15,11,4038941,Justin Herbert,QB,0,QB,True,8.719999999999999
2022,15,11,4360438,Brandon Aiyuk,WR,23,FLEX,True,3.9000000000000004
2022,15,11,2577327,Tyler Lockett,WR,4,WR,True,13.8
2022,15,11,14880,Kirk Cousins,QB,20,BE,False,45.400000000000006
2022,15,11,3916148,Tony Pollard,RB,23,FLEX,True,14.6
2022,15,11,15795,DeAndre Hopkins,WR,4,WR,True,13.0
2022,15,11,4036131,Noah Fant,TE,6,TE,True,14.2
2022,15,11,13982,Julio Jones,WR,20,BE,False,0.0
2022,15,11,4242433,Joshua Palmer,WR,20,BE,False,9.9
2022,15,11,2468609,Taysom Hill,TE,20,BE,False,15.2
2022,15,11,3125116,D'Onta Foreman,RB,20,BE,False,0.9
2022,15,11,2473037,Jason Myers,K,17,K,True,9.0
2022,15,11,-16028,Commanders D/ST,D/ST,16,D/ST,True,3.0
2022,15,11,-16022,Cardinals D/ST,D/ST,20,BE,False,11.0
2022,15,10,3139477,Patrick Mahomes,QB,0,QB,True,36.74
2022,15,10,2330,Tom Brady,QB,20,BE,False,22.58
2022,15,10,3915416,DJ Moore,WR,4,WR,True,18.3
2022,15,10,3045138,Mike Williams,WR,4,WR,True,10.7
2022,15,10,16731,Brandin Cooks,WR,20,BE,False,0.0
2022,15,10,4035538,David Montgomery,RB,2,RB,True,24.1
2022,15,10,4567048,Kenneth Walker III,RB,20,BE,False,11.899999999999999
2022,15,10,4426502,Drake London,WR,23,FLEX,True,12.0
2022,15,10,3059915,Kareem Hunt,RB,2,RB,True,3.7
2022,15,10,15683,Justin Tucker,K,17,K,True,3.0
2022,15,10,-16006,Cowboys D/ST,D/ST,16,D/ST,True,0.0
2022,15,10,3924365,Hayden Hurst,TE,20,BE,False,0.0
2022,15,10,3930066,Van Jefferson,WR,20,BE,False,5.2
2022,15,10,2991662,Mack Hollins,WR,23,FLEX,True,14.0
2022,15,10,3123076,David Njoku,TE,6,TE,True,5.800000000000001
2022,15,10,3139033,Mike Boone,RB,21,IR,False,0.0
2022,15,7,3116593,Dalvin Cook,RB,23,FLEX,True,30.0
2022,15,7,3116385,Joe Mixon,RB,23,FLEX,True,10.4
2022,15,7,3116365,Mark Andrews,TE,6,TE,True,6.1
2022,15,7,4045163,Miles Sanders,RB,2,RB,True,1.9000000000000001
2022,15,7,4047365,Josh Jacobs,RB,2,RB,True,13.0
2022,15,7,4241372,Marquise Brown,WR,4,WR,True,5.9
2022,15,7,8439,Aaron Rodgers,QB,0,QB,True,12.86
2022,15,7,-16033,Ravens D/ST,D/ST,16,D/ST,True,8.0
2022,15,7,4036348,Michael Gallup,WR,20,BE,False,1.2
2022,15,7,3121427,Curtis Samuel,WR,20,BE,False,7.5
2022,15,7,15807,Cordarrelle Patterson,RB,20,BE,False,12.2
2022,15,7,3930086,Dawson Knox,TE,20,BE,False,21.8
2022,15,7,3917232,Tyler Bass,K,17,K,True,6.0
2022,15,7,4248528,Christian Watson,WR,4,WR,True,8.600000000000001
2022,15,7,3046779,Jared Goff,QB,20,BE,False,19.08
2022,15,1,3045147,James Conner,RB,23,FLEX,True,18.1
2022,15,1,16800,Davante Adams,WR,4,WR,True,6.800000000000001
2022,15,1,4239993,Tee Higgins,WR,20,BE,False,16.3
2022,15,1,3121422,Terry McLaurin,WR,4,WR,True,13.0
2022,15,1,3915511,Joe Burrow,QB,0,QB,True,32.8
2022,15,1,4241985,J.K. Dobbins,RB,2,RB,True,13.8
2022,15,1,16757,Derek Carr,QB,20,BE,False,25.240000000000002
2022,15,1,2573401,Tyler Higbee,TE,20,BE,False,12.7
2022,15,1,4567156,Treylon Burks,WR,21,IR,False,0.0
2022,15,1,4361370,Chris Olave,WR,23,FLEX,True,8.3
2022,15,1,-16017,Patriots D/ST,D/ST,20,BE,False,11.0
2022,15,1,4240021,Cam Akers,RB,2,RB,True,13.0
2022,15,1,-16026,Seahawks D/ST,D/ST,16,D/ST,True,1.0
2022,15,1,4379399,James Cook,RB,20,BE,False,11.9
2022,15,1,4367209,Greg Dulcich,TE,6,TE,True,2.1
2022,15,1,10621,Nick Folk,K,17,K,True,13.0
2022,15,1,4037457,Travis Homer,RB,20,BE,False,5.0
2022,15,4,4241457,Najee Harris,RB,2,RB,True,14.6
2022,15,4,3128720,Nick Chubb,RB,2,RB,True,9.9
2022,15,4,4372016,Jaylen Waddle,WR,4,WR,True,23.4
2022,15,4,4241479,Tua Tagovailoa,QB,0,QB,True,25.06
2022,15,4,4241478,DeVonta Smith,WR,23,FLEX,True,17.6
2022,15,4,3128390,Allen Lazard,WR,20,BE,False,1.7000000000000002
2022,15,4,4035886,Khalil Herbert,RB,21,IR,False,0.0
2022,15,4,15072,Marvin Jones Jr.,WR,23,FLEX,True,9.7
2022,15,4,3127292,Will Dissly,TE,20,BE,False,2.3
2022,15,4,16760,Jimmy Garoppolo,QB,21,IR,False,0.0
2022,15,4,4360294,Antonio Gibson,RB,20,BE,False,4.699999999999999
2022,15,4,9354,Robbie Gould,K,17,K,True,2.0
2022,15,4,3916945,Darius Slayton,WR,4,WR,True,7.300000000000001
2022,15,4,3843945,Foster Moreau,TE,6,TE,True,4.0
2022,15,4,16790,Jarvis Landry,WR,20,BE,False,0.0
2022,15,4,-16005,Browns D/ST,D/ST,16,D/ST,True,13.0
2022,15,4,3928925,JaMycal Hasty,RB,20,BE,False,2.5
2022,15,2,3042519,Aaron Jones,RB,20,BE,False,20.6
2022,15,2,2977187,Cooper Kupp,WR,21,IR,False,0.0
2022,15,2,3120348,JuJu Smith-Schuster,WR,4,WR,True,16.8
2022,15,2,3051392,Ezekiel Elliott,RB,2,RB,True,15.100000000000001
2022,15,2,3917315,Kyler Murray,QB,20,BE,False,0.0
2022,15,2,4258595,Cole Kmet,TE,6,TE,True,6.5
2022,15,2,-16011,Colts D/ST,D/ST,16,D/ST,True,18.0
2022,15,2,16339,Brandon McManus,K,20,BE,False,7.0
2022,15,2,3115378,Russell Gage,WR,4,WR,True,25.9
2022,15,2,12460,Graham Gano,K,17,K,True,12.0
2022,15,2,4373626,Tyler Allgeier,RB,23,FLEX,True,22.599999999999998
2022,15,2,3051876,Evan Engram,TE,23,FLEX,True,14.2
2022,15,2,16782,Jerick McKinnon,RB,2,RB,True,34.2
2022,15,2,4569587,Wan'Dale Robinson,WR,20,BE,False,0.0
2022,15,2,2576434,Melvin Gordon III,RB,20,BE,False,0.0
2022,15,2,4240703,Kenny Pickett,QB,0,QB,True,0.0
2022,15,2,-16013,Raiders D/ST,D/ST,20,BE,False,10.0
2022,15,5,4241389,CeeDee Lamb,WR,4,WR,True,19.700000000000003
2022,15,5,4243537,Gabe Davis,WR,23,FLEX,True,9.600000000000001
2022,15,5,4036133,T.J. Hockenson,TE,6,TE,True,8.3
2022,15,5,2577417,Dak Prescott,QB,0,QB,True,26.240000000000002
2022,15,5,15818,Keenan Allen,WR,4,WR,True,16.6
2022,15,5,-16010,Titans D/ST,D/ST,16,D/ST,True,8.0
2022,15,5,4362630,Terrace Marshall Jr.,WR,20,BE,False,8.100000000000001
2022,15,5,4244732,Caleb Huntley,RB,20,BE,False,0.2
2022,15,5,14876,Ryan Tannehill,QB,20,BE,False,10.7
2022,15,5,3700815,Kendall Hinton,WR,20,BE,False,0.0
2022,15,5,3043275,Austin Hooper,TE,20,BE,False,5.300000000000001
2022,15,5,3116389,Samaje Perine,RB,2,RB,True,3.4000000000000004
2022,15,5,4239934,AJ Dillon,RB,20,BE,False,22.1
2022,15,5,4360234,Evan McPherson,K,17,K,True,9.0
2022,15,5,4371733,Kenneth Gainwell,RB,2,RB,True,3.4
2022,15,5,3128724,Isaiah McKenzie,WR,23,FLEX,True,4.4
2022,16,3,3043078,Derrick Henry,RB,2,RB,True,19.6
2022,16,3,4362628,Ja'Marr Chase,WR,23,FLEX,True,13.9
2022,16,3,4047646,A.J. Brown,WR,4,WR,True,16.3
2022,16,3,4239996,Travis Etienne Jr.,RB,2,RB,True,14.200000000000001
2022,16,3,4040715,Jalen Hurts,QB,20,BE,False,0.0
2022,16,3,4361411,Pat Freiermuth,TE,6,TE,True,13.600000000000001
2022,16,3,16460,Adam Thielen,WR,23,FLEX,True,1.6
2022,16,3,4360238,Dameon Pierce,RB,20,BE,False,0.0
2022,16,3,16799,Allen Robinson II,WR,20,BE,False,0.0
2022,16,3,2976499,Amari Cooper,WR,20,BE,False,13.2
2022,16,3,3895856,Christian Kirk,WR,4,WR,True,5.6
2022,16,3,15835,Zach Ertz,TE,20,BE,False,0.0
2022,16,3,-16018,Saints D/ST,D/ST,16,D/ST,True,9.0
2022,16,3,4048244,Alexander Mattison,RB,20,BE,False,1.7000000000000002
2022,16,3,2565969,Taylor Heinicke,QB,0,QB,True,14.240000000000002
2022,16,3,3050478,Jake Elliott,K,17,K,True,11.0
2022,16,6,3116406,Tyreek Hill,WR,4,WR,True,14.3
2022,16,6,3916387,Lamar Jackson,QB,20,BE,False,0.0
2022,16,6,3126486,Deebo Samuel,WR,21,IR,False,0.0
2022,16,6,4569173,Rhamondre Stevenson,RB,23,FLEX,True,3.3
2022,16,6,3040151,George Kittle,TE,6,TE,True,30.0
2022,16,6,4374302,Amon-Ra St. Brown,WR,4,WR,True,14.600000000000001
2022,16,6,4360310,Trevor Lawrence,QB,20,BE,False,18.26
2022,16,6,2576414,Raheem Mostert,RB,2,RB,True,4.9
2022,16,6,16486,Brett Maher,K,17,K,True,18.0
2022,16,6,-16021,Eagles D/ST,D/ST,20,BE,False,9.0
2022,16,6,4258195,Donovan Peoples-Jones,WR,20,BE,False,1.2
2022,16,6,3117256,Dalton Schultz,TE,20,BE,False,7.3
2022,16,6,4361529,Isiah Pacheco,RB,2,RB,True,10.0
2022,16,6,3059722,Zay Jones,WR,23,FLEX,True,2.1
2022,16,6,4361741,Brock Purdy,QB,0,QB,True,19.96
2022,16,6,-16030,Jaguars D/ST,D/ST,16,D/ST,True,13.0
2022,16,6,4697815,Rachaad White,RB,20,BE,False,15.3
2022,16,11,3068267,Austin Ekeler,RB,2,RB,True,23.9
2022,16,11,3929630,Saquon Barkley,RB,2,RB,True,27.299999999999997
2022,16,11,4038941,Justin Herbert,QB,0,QB,True,5.5
2022,16,11,4360438,Brandon Aiyuk,WR,4,WR,True,13.1
2022,16,11,2577327,Tyler Lockett,WR,20,BE,False,0.0
2022,16,11,14880,Kirk Cousins,QB,20,BE,False,30.16
2022,16,11,3916148,Tony Pollard,RB,23,FLEX,True,14.0
2022,16,11,15795,DeAndre Hopkins,WR,4,WR,True,1.4
2022,16,11,4036131,Noah Fant,TE,6,TE,True,9.2
2022,16,11,4242433,Joshua Palmer,WR,23,FLEX,True,3.6
2022,16,11,2468609,Taysom Hill,TE,20,BE,False,11.600000000000001
2022,16,11,3125116,D'Onta Foreman,RB,20,BE,False,22.5
2022,16,11,2473037,Jason Myers,K,17,K,True,4.0
2022,16,11,-16028,Commanders D/ST,D/ST,20,BE,False,2.0
2022,16,11,-16014,Rams D/ST,D/ST,16,D/ST,True,21.0
2022,16,11,15839,Marquise Goodwin,WR,20,BE,False,0.0
2022,16,12,4242335,Jonathan Taylor,RB,21,IR,False,0.0
2022,16,12,4262921,Justin Jefferson,WR,4,WR,True,31.3
2022,16,12,3115364,Leonard Fournette,RB,23,FLEX,True,25.2
2022,16,12,4241463,Jerry Jeudy,WR,4,WR,True,17.700000000000003
2022,16,12,4241474,Brian Robinson Jr.,RB,20,BE,False,5.800000000000001
2022,16,12,3918639,Gerald Everett,TE,20,BE,False,0.0
2022,16,12,-16002,Bills D/ST,D/ST,20,BE,False,11.0
2022,16,12,15920,Latavius Murray,RB,2,RB,True,7.0
2022,16,12,3932905,Diontae Johnson,WR,23,FLEX,True,11.4
2022,16,12,4362887,Justin Fields,QB,0,QB,True,11.86
2022,16,12,3929645,Juwan Johnson,TE,6,TE,True,1.9
2022,16,12,14993,Greg Zuerlein,K,17,K,True,3.0
2022,16,12,3115394,DJ Chark,WR,20,BE,False,14.8
2022,16,12,-16007,Broncos D/ST,D/ST,16,D/ST,True,-3.0
2022,16,12,4035676,Zack Moss,RB,2,RB,True,8.0
2022,16,12,2576925,Darren Waller,TE,20,BE,False,9.8
2022,16,12,3122899,Richie James,WR,20,BE,False,17.0
2022,16,8,3054850,Alvin Kamara,RB,2,RB,True,19.0
2022,16,8,4259545,D'Andre Swift,RB,2,RB,True,3.5
2022,16,8,2976212,Stefon Diggs,WR,4,WR,True,4.6
2022,16,8,3918298,Josh Allen,QB,0,QB,True,26.98
2022,16,8,4035687,Michael Pittman Jr.,WR,4,WR,True,7.9
2022,16,8,3121023,Dallas Goedert,TE,21,IR,False,9.7
2022,16,8,-16025,49ers D/ST,D/ST,16,D/ST,True,6.0
2022,16,8,4426354,George Pickens,WR,23,FLEX,True,16.7
2022,16,8,3051738,Marquez Valdes-Scantling,WR,20,BE,False,0.0
2022,16,8,15864,Geno Smith,QB,20,BE,False,14.2
2022,16,8,3055899,Harrison Butker,K,17,K,True,7.0
2022,16,8,3051909,Daniel Carlson,K,20,BE,False,5.0
2022,16,8,3915486,Tyler Conklin,TE,6,TE,True,7.4
2022,16,8,3045144,Tyler Boyd,WR,20,BE,False,5.1
2022,16,8,4241416,Chuba Hubbard,RB,20,BE,False,12.5
2022,16,8,4241555,Elijah Mitchell,RB,21,IR,False,0.0
2022,16,8,4427728,Zonovan Knight,RB,23,FLEX,True,2.3
2022,16,9,3117251,Christian McCaffrey,RB,2,RB,True,13.8
2022,16,9,15847,Travis Kelce,TE,6,TE,True,17.3
2022,16,9,16737,Mike Evans,WR,23,FLEX,True,5.9
2022,16,9,4047650,DK Metcalf,WR,4,WR,True,15.1
2022,16,9,3116165,Chris Godwin,WR,4,WR,True,14.3
2022,16,9,4040761,Devin Singletary,RB,20,BE,False,20.5
2022,16,9,3128429,Courtland Sutton,WR,20,BE,False,11.4
2022,16,9,4569618,Garrett Wilson,WR,23,FLEX,True,5.0
2022,16,9,4240657,Michael Carter,RB,20,BE,False,10.0
2022,16,9,2980453,Jamaal Williams,RB,2,RB,True,3.4000000000000004
2022,16,9,2971618,Nelson Agholor,WR,20,BE,False,0.0
2022,16,9,3917792,Daniel Jones,QB,0,QB,True,22.759999999999998
2022,16,9,2573079,Carson Wentz,QB,21,IR,False,10.92
2022,16,9,3116164,Mike Gesicki,TE,20,BE,False,3.4000000000000004
2022,16,9,2971573,Ka'imi Fairbairn,K,17,K,True,7.0
2022,16,9,14012,Andy Dalton,QB,20,BE,False,1.58
2022,16,9,-16027,Buccaneers D/ST,D/ST,16,D/ST,True,8.0
2022,16,10,3139477,Patrick Mahomes,QB,0,QB,True,27.76
2022,16,10,2330,Tom Brady,QB,20,BE,False,13.34
2022,16,10,3915416,DJ Moore,WR,4,WR,True,20.1
2022,16,10,3045138,Mike Williams,WR,4,WR,True,11.600000000000001
2022,16,10,16731,Brandin Cooks,WR,20,BE,False,13.4
2022,16,10,4035538,David Montgomery,RB,2,RB,True,10.399999999999999
2022,16,10,4567048,Kenneth Walker III,RB,20,BE,False,12.500000000000002
2022,16,10,4426502,Drake London,WR,23,FLEX,True,14.600000000000001
2022,16,10,3059915,Kareem Hunt,RB,2,RB,True,5.2
2022,16,10,15683,Justin Tucker,K,17,K,True,8.0
2022,16,10,-16006,Cowboys D/ST,D/ST,16,D/ST,True,5.0
2022,16,10,3924365,Hayden Hurst,TE,20,BE,False,0.0
2022,16,10,3930066,Van Jefferson,WR,20,BE,False,4.9
2022,16,10,2991662,Mack Hollins,WR,23,FLEX,True,1.7000000000000002
2022,16,10,3123076,David Njoku,TE,6,TE,True,3.4000000000000004
2022,16,10,3139033,Mike Boone,RB,21,IR,False,0.0
2022,16,4,4241457,Najee Harris,RB,2,RB,True,15.5
2022,16,4,3128720,Nick Chubb,RB,2,RB,True,11.200000000000001
2022,16,4,4372016,Jaylen Waddle,WR,4,WR,True,28.3
2022,16,4,4241479,Tua Tagovailoa,QB,0,QB,True,15.399999999999999
2022,16,4,4241478,DeVonta Smith,WR,23,FLEX,True,31.3
2022,16,4,3128390,Allen Lazard,WR,20,BE,False,11.100000000000001
2022,16,4,4035886,Khalil Herbert,RB,21,IR,False,2.3000000000000003
2022,16,4,15072,Marvin Jones Jr.,WR,23,FLEX,True,4.5
2022,16,4,3127292,Will Dissly,TE,20,BE,False,2.9000000000000004
2022,16,4,16760,Jimmy Garoppolo,QB,21,IR,False,0.0
2022,16,4,4360294,Antonio Gibson,RB,20,BE,False,5.1
2022,16,4,9354,Robbie Gould,K,17,K,True,13.0
2022,16,4,3916945,Darius Slayton,WR,4,WR,True,11.9
2022,16,4,3843945,Foster Moreau,TE,6,TE,True,3.9000000000000004
2022,16,4,16790,Jarvis Landry,WR,20,BE,False,0.0
2022,16,4,-16005,Browns D/ST,D/ST,16,D/ST,True,5.0
2022,16,4,3928925,JaMycal Hasty,RB,20,BE,False,3.1
2022,16,7,3116593,Dalvin Cook,RB,23,FLEX,True,10.700000000000001
2022,16,7,3116385,Joe Mixon,RB,23,FLEX,True,17.8
2022,16,7,3116365,Mark Andrews,TE,6,TE,True,7.5
2022,16,7,4045163,Miles Sanders,RB,2,RB,True,6.1
2022,16,7,4047365,Josh Jacobs,RB,2,RB,True,6.0
2022,16,7,4241372,Marquise Brown,WR,4,WR,True,8.8
2022,16,7,8439,Aaron Rodgers,QB,0,QB,True,15.32
2022,16,7,-16033,Ravens D/ST,D/ST,16,D/ST,True,7.0
2022,16,7,4036348,Michael Gallup,WR,20,BE,False,13.6
2022,16,7,3121427,Curtis Samuel,WR,20,BE,False,16.4
2022,16,7,15807,Cordarrelle Patterson,RB,20,BE,False,4.1000000000000005
2022,16,7,3930086,Dawson Knox,TE,20,BE,False,12.8
2022,16,7,3917232,Tyler Bass,K,17,K,True,1.0
2022,16,7,4248528,Christian Watson,WR,4,WR,True,10.9
2022,16,7,3046779,Jared Goff,QB,20,BE,False,31.700000000000003
2022,16,2,3042519,Aaron Jones,RB,20,BE,False,5.4
2022,16,2,2977187,Cooper Kupp,WR,21,IR,False,0.0
2022,16,2,3120348,JuJu Smith-Schuster,WR,4,WR,True,5.7
2022,16,2,3051392,Ezekiel Elliott,RB,2,RB,True,13.1
2022,16,2,3917315,Kyler Murray,QB,20,BE,False,0.0
2022,16,2,4258595,Cole Kmet,TE,6,TE,True,7.7
2022,16,2,-16011,Colts D/ST,D/ST,20,BE,False,8.0
2022,16,2,16339,Brandon McManus,K,20,BE,False,9.0
2022,16,2,3115378,Russell Gage,WR,4,WR,True,11.5
2022,16,2,12460,Graham Gano,K,17,K,True,14.0
2022,16,2,4373626,Tyler Allgeier,RB,23,FLEX,True,15.7
2022,16,2,3051876,Evan Engram,TE,23,FLEX,True,18.3
2022,16,2,16782,Jerick McKinnon,RB,2,RB,True,12.799999999999999
2022,16,2,4569587,Wan'Dale Robinson,WR,20,BE,False,0.0
2022,16,2,2576434,Melvin Gordon III,RB,20,BE,False,0.0
2022,16,2,4240703,Kenny Pickett,QB,0,QB,True,14.66
2022,16,2,-16013,Raiders D/ST,D/ST,16,D/ST,True,5.0
2022,16,1,3045147,James Conner,RB,23,FLEX,True,25.0
2022,16,1,16800,Davante Adams,WR,4,WR,True,3.5
2022,16,1,4239993,Tee Higgins,WR,20,BE,False,26.8
2022,16,1,3121422,Terry McLaurin,WR,4,WR,True,17.7
2022,16,1,3915511,Joe Burrow,QB,0,QB,True,29.5
2022,16,1,4241985,J.K. Dobbins,RB,2,RB,True,5.9
2022,16,1,16757,Derek Carr,QB,20,BE,False,8.36
2022,16,1,2573401,Tyler Higbee,TE,20,BE,False,30.4
2022,16,1,4567156,Treylon Burks,WR,21,IR,False,1.5
2022,16,1,4361370,Chris Olave,WR,23,FLEX,True,0.0
2022,16,1,-16017,Patriots D/ST,D/ST,20,BE,False,12.0
2022,16,1,4240021,Cam Akers,RB,2,RB,True,34.7
2022,16,1,-16026,Seahawks D/ST,D/ST,16,D/ST,True,3.0
2022,16,1,4379399,James Cook,RB,20,BE,False,17.799999999999997
2022,16,1,4367209,Greg Dulcich,TE,6,TE,True,13.9
2022,16,1,10621,Nick Folk,K,17,K,True,-2.0
2022,16,1,4037457,Travis Homer,RB,20,BE,False,0.0
2022,16,5,4241389,CeeDee Lamb,WR,4,WR,True,34.0
2022,16,5,4243537,Gabe Davis,WR,23,FLEX,True,11.5
2022,16,5,4036133,T.J. Hockenson,TE,6,TE,True,35.9
2022,16,5,2577417,Dak Prescott,QB,0,QB,True,33.980000000000004
2022,16,5,15818,Keenan Allen,WR,4,WR,True,21.4
2022,16,5,-16010,Titans D/ST,D/ST,16,D/ST,True,5.0
2022,16,5,4362630,Terrace Marshall Jr.,WR,20,BE,False,7.5
2022,16,5,4244732,Caleb Huntley,RB,20,BE,False,0.0
2022,16,5,14876,Ryan Tannehill,QB,20,BE,False,0.0
2022,16,5,3700815,Kendall Hinton,WR,20,BE,False,0.0
2022,16,5,3043275,Austin Hooper,TE,20,BE,False,4.0
2022,16,5,3116389,Samaje Perine,RB,2,RB,True,5.2
2022,16,5,4239934,AJ Dillon,RB,20,BE,False,12.8
2022,16,5,4360234,Evan McPherson,K,17,K,True,2.0
2022,16,5,4371733,Kenneth Gainwell,RB,2,RB,True,9.8
2022,16,5,3128724,Isaiah McKenzie,WR,23,FLEX,True,0.6000000000000001
2022,17,11,3068267,Austin Ekeler,RB,2,RB,True,35.1
2022,17,11,3929630,Saquon Barkley,RB,2,RB,True,7.300000000000001
2022,17,11,4038941,Justin Herbert,QB,0,QB,True,20.68
2022,17,11,4360438,Brandon Aiyuk,WR,4,WR,True,26.700000000000003
2022,17,11,2577327,Tyler Lockett,WR,4,WR,True,3.5
2022,17,11,14880,Kirk Cousins,QB,20,BE,False,10.899999999999999
2022,17,11,3916148,Tony Pollard,RB,20,BE,False,0.0
2022,17,11,15795,DeAndre Hopkins,WR,20,BE,False,0.0
2022,17,11,4036131,Noah Fant,TE,6,TE,True,6.0
2022,17,11,4242433,Joshua Palmer,WR,23,FLEX,True,0.0
2022,17,11,2468609,Taysom Hill,TE,20,BE,False,13.560000000000002
2022,17,11,3125116,D'Onta Foreman,RB,20,BE,False,3.5
2022,17,11,2473037,Jason Myers,K,17,K,True,10.0
2022,17,11,-16028,Commanders D/ST,D/ST,20,BE,False,5.0
2022,17,11,4361409,Jahan Dotson,WR,23,FLEX,True,6.7
2022,17,11,-16012,Chiefs D/ST,D/ST,16,D/ST,True,8.0
2022,17,6,3116406,Tyreek Hill,WR,4,WR,True,15.7
2022,17,6,3126486,Deebo Samuel,WR,21,IR,False,0.0
2022,17,6,4569173,Rhamondre Stevenson,RB,2,RB,True,7.1000000000000005
2022,17,6,3040151,George Kittle,TE,6,TE,True,12.3
2022,17,6,4374302,Amon-Ra St. Brown,WR,4,WR,True,10.2
2022,17,6,4360310,Trevor Lawrence,QB,0,QB,True,4.48
2022,17,6,2576414,Raheem Mostert,RB,20,BE,False,23.099999999999998
2022,17,6,16486,Brett Maher,K,17,K,True,10.0
2022,17,6,-16021,Eagles D/ST,D/ST,20,BE,False,10.0
2022,17,6,3117256,Dalton Schultz,TE,20,BE,False,24.6
2022,17,6,4361529,Isiah Pacheco,RB,2,RB,True,12.9
2022,17,6,3059722,Zay Jones,WR,23,FLEX,True,5.4
2022,17,6,4361741,Brock Purdy,QB,20,BE,False,21.06
2022,17,6,-16030,Jaguars D/ST,D/ST,16,D/ST,True,16.0
2022,17,6,4697815,Rachaad White,RB,23,FLEX,True,9.8
2022,17,6,3916433,Jakobi Meyers,WR,20,BE,False,16.9
2022,17,3,3043078,Derrick Henry,RB,2,RB,True,0.0
2022,17,3,4362628,Ja'Marr Chase,WR,23,FLEX,True,0.0
2022,17,3,4047646,A.J. Brown,WR,4,WR,True,22.700000000000003
2022,17,3,4239996,Travis Etienne Jr.,RB,2,RB,True,26.0
2022,17,3,4040715,Jalen Hurts,QB,20,BE,False,0.0
2022,17,3,4361411,Pat Freiermuth,TE,6,TE,True,6.6
2022,17,3,16460,Adam Thielen,WR,23,FLEX,True,2.6
2022,17,3,4360238,Dameon Pierce,RB,20,BE,False,0.0
2022,17,3,16799,Allen Robinson II,WR,20,BE,False,0.0
2022,17,3,2976499,Amari Cooper,WR,20,BE,False,26.5
2022,17,3,3895856,Christian Kirk,WR,4,WR,True,4.1
2022,17,3,15835,Zach Ertz,TE,20,BE,False,0.0
2022,17,3,-16018,Saints D/ST,D/ST,16,D/ST,True,17.0
2022,17,3,4048244,Alexander Mattison,RB,20,BE,False,5.500000000000001
2022,17,3,2565969,Taylor Heinicke,QB,0,QB,True,0.0
2022,17,3,3050478,Jake Elliott,K,17,K,True,6.0
2022,17,12,4242335,Jonathan Taylor,RB,21,IR,False,0.0
2022,17,12,4262921,Justin Jefferson,WR,4,WR,True,2.5
2022,17,12,3115364,Leonard Fournette,RB,23,FLEX,True,8.700000000000001
2022,17,12,4241463,Jerry Jeudy,WR,4,WR,True,10.8
2022,17,12,4241474,Brian Robinson Jr.,RB,20,BE,False,8.700000000000001
2022,17,12,3918639,Gerald Everett,TE,6,TE,True,10.5
2022,17,12,-16002,Bills D/ST,D/ST,20,BE,False,0.0
2022,17,12,15920,Latavius Murray,RB,2,RB,True,11.200000000000001
2022,17,12,3932905,Diontae Johnson,WR,23,FLEX,True,5.5
2022,17,12,4362887,Justin Fields,QB,0,QB,True,18.200000000000003
2022,17,12,3929645,Juwan Johnson,TE,20,BE,False,11.2
2022,17,12,14993,Greg Zuerlein,K,17,K,True,7.0
2022,17,12,3115394,DJ Chark,WR,20,BE,False,7.6000000000000005
2022,17,12,-16007,Broncos D/ST,D/ST,16,D/ST,True,6.0
2022,17,12,4035676,Zack Moss,RB,2,RB,True,7.4
2022,17,12,2576925,Darren Waller,TE,20,BE,False,16.2
2022,17,12,3122899,Richie James,WR,20,BE,False,20.6
2022,17,8,3054850,Alvin Kamara,RB,2,RB,True,9.0
2022,17,8,4259545,D'Andre Swift,RB,2,RB,True,27.700000000000003
2022,17,8,2976212,Stefon Diggs,WR,4,WR,True,0.0
2022,17,8,3918298,Josh Allen,QB,0,QB,True,0.0
2022,17,8,4035687,Michael Pittman Jr.,WR,4,WR,True,16.1
2022,17,8,3121023,Dallas Goedert,TE,21,IR,False,7.5
2022,17,8,-16025,49ers D/ST,D/ST,16,D/ST,True,-3.0
2022,17,8,4426354,George Pickens,WR,23,FLEX,True,4.9
2022,17,8,3051738,Marquez Valdes-Scantling,WR,20,BE,False,4.800000000000001
2022,17,8,15864,Geno Smith,QB,20,BE,False,21.12
2022,17,8,3055899,Harrison Butker,K,17,K,True,2.0
2022,17,8,3051909,Daniel Carlson,K,20,BE,False,12.0
2022,17,8,3915486,Tyler Conklin,TE,6,TE,True,14.0
2022,17,8,3045144,Tyler Boyd,WR,20,BE,False,0.0
2022,17,8,4241416,Chuba Hubbard,RB,20,BE,False,9.5
2022,17,8,4241555,Elijah Mitchell,RB,21,IR,False,0.0
2022,17,8,4427728,Zonovan Knight,RB,23,FLEX,True,6.4
2022,17,9,3117251,Christian McCaffrey,RB,2,RB,True,31.3
2022,17,9,15847,Travis Kelce,TE,6,TE,True,11.3
2022,17,9,16737,Mike Evans,WR,23,FLEX,True,56.7
2022,17,9,4047650,DK Metcalf,WR,4,WR,True,1.3
2022,17,9,3116165,Chris Godwin,WR,4,WR,True,21.0
2022,17,9,4040761,Devin Singletary,RB,2,RB,True,0.0
2022,17,9,3128429,Courtland Sutton,WR,20,BE,False,8.4
2022,17,9,4569618,Garrett Wilson,WR,23,FLEX,True,4.8
2022,17,9,4240657,Michael Carter,RB,20,BE,False,2.5
2022,17,9,2980453,Jamaal Williams,RB,20,BE,False,22.7
2022,17,9,2971618,Nelson Agholor,WR,20,BE,False,0.0
2022,17,9,3917792,Daniel Jones,QB,0,QB,True,40.18
2022,17,9,2573079,Carson Wentz,QB,21,IR,False,6.42
2022,17,9,3116164,Mike Gesicki,TE,20,BE,False,9.8
2022,17,9,2971573,Ka'imi Fairbairn,K,17,K,True,5.0
2022,17,9,14012,Andy Dalton,QB,20,BE,False,5.999999999999999
2022,17,9,-16027,Buccaneers D/ST,D/ST,16,D/ST,True,6.0
2022,17,4,4241457,Najee Harris,RB,2,RB,True,20.3
2022,17,4,3128720,Nick Chubb,RB,2,RB,True,12.600000000000001
2022,17,4,4372016,Jaylen Waddle,WR,4,WR,True,8.2
2022,17,4,4241479,Tua Tagovailoa,QB,0,QB,True,0.0
2022,17,4,4241478,DeVonta Smith,WR,23,FLEX,True,20.5
2022,17,4,3128390,Allen Lazard,WR,20,BE,False,10.9
2022,17,4,4035886,Khalil Herbert,RB,21,IR,False,3.1
2022,17,4,15072,Marvin Jones Jr.,WR,23,FLEX,True,12.100000000000001
2022,17,4,3127292,Will Dissly,TE,20,BE,False,0.0
2022,17,4,16760,Jimmy Garoppolo,QB,21,IR,False,0.0
2022,17,4,4360294,Antonio Gibson,RB,20,BE,False,0.0
2022,17,4,9354,Robbie Gould,K,17,K,True,13.0
2022,17,4,3916945,Darius Slayton,WR,4,WR,True,1.4000000000000001
2022,17,4,3843945,Foster Moreau,TE,6,TE,True,8.5
2022,17,4,16790,Jarvis Landry,WR,20,BE,False,0.0
2022,17,4,-16005,Browns D/ST,D/ST,16,D/ST,True,14.0
2022,17,4,3928925,JaMycal Hasty,RB,20,BE,False,17.6
2022,17,2,3042519,Aaron Jones,RB,20,BE,False,13.3
2022,17,2,2977187,Cooper Kupp,WR,21,IR,False,0.0
2022,17,2,3120348,JuJu Smith-Schuster,WR,4,WR,True,4.1
2022,17,2,3051392,Ezekiel Elliott,RB,2,RB,True,9.7
2022,17,2,3917315,Kyler Murray,QB,20,BE,False,0.0
2022,17,2,4258595,Cole Kmet,TE,6,TE,True,10.7
2022,17,2,-16011,Colts D/ST,D/ST,20,BE,False,1.0
2022,17,2,16339,Brandon McManus,K,20,BE,False,7.0
2022,17,2,3115378,Russell Gage,WR,4,WR,True,6.300000000000001
2022,17,2,12460,Graham Gano,K,17,K,True,8.0
2022,17,2,4373626,Tyler Allgeier,RB,23,FLEX,True,16.5
2022,17,2,3051876,Evan Engram,TE,23,FLEX,True,3.9
2022,17,2,16782,Jerick McKinnon,RB,2,RB,True,22.599999999999998
2022,17,2,4569587,Wan'Dale Robinson,WR,20,BE,False,0.0
2022,17,2,2576434,Melvin Gordon III,RB,20,BE,False,0.0
2022,17,2,4240703,Kenny Pickett,QB,0,QB,True,12.92
2022,17,2,-16013,Raiders D/ST,D/ST,16,D/ST,True,-5.0
2022,17,10,3139477,Patrick Mahomes,QB,0,QB,True,31.520000000000003
2022,17,10,2330,Tom Brady,QB,20,BE,False,51.68
2022,17,10,3915416,DJ Moore,WR,4,WR,True,23.700000000000003
2022,17,10,3045138,Mike Williams,WR,4,WR,True,16.4
2022,17,10,16731,Brandin Cooks,WR,20,BE,False,7.9
2022,17,10,4035538,David Montgomery,RB,2,RB,True,5.6000000000000005
2022,17,10,4567048,Kenneth Walker III,RB,20,BE,False,15.200000000000001
2022,17,10,4426502,Drake London,WR,23,FLEX,True,9.7
2022,17,10,3059915,Kareem Hunt,RB,2,RB,True,0.9
2022,17,10,15683,Justin Tucker,K,17,K,True,9.0
2022,17,10,-16006,Cowboys D/ST,D/ST,16,D/ST,True,9.0
2022,17,10,3924365,Hayden Hurst,TE,20,BE,False,0.0
2022,17,10,3930066,Van Jefferson,WR,20,BE,False,10.7
2022,17,10,2991662,Mack Hollins,WR,23,FLEX,True,7.0
2022,17,10,3123076,David Njoku,TE,6,TE,True,3.1
2022,17,10,3139033,Mike Boone,RB,21,IR,False,0.0
2022,17,5,4241389,CeeDee Lamb,WR,4,WR,True,21.0
2022,17,5,4243537,Gabe Davis,WR,23,FLEX,True,0.0
2022,17,5,4036133,T.J. Hockenson,TE,6,TE,True,12.9
2022,17,5,2577417,Dak Prescott,QB,0,QB,True,18.38
2022,17,5,15818,Keenan Allen,WR,4,WR,True,11.8
2022,17,5,-16010,Titans D/ST,D/ST,16,D/ST,True,7.0
2022,17,5,4362630,Terrace Marshall Jr.,WR,20,BE,False,3.5
2022,17,5,4244732,Caleb Huntley,RB,20,BE,False,0.0
2022,17,5,14876,Ryan Tannehill,QB,20,BE,False,0.0
2022,17,5,3700815,Kendall Hinton,WR,20,BE,False,0.0
2022,17,5,3043275,Austin Hooper,TE,20,BE,False,1.6
2022,17,5,3116389,Samaje Perine,RB,2,RB,True,0.0
2022,17,5,4239934,AJ Dillon,RB,20,BE,False,10.100000000000001
2022,17,5,4360234,Evan McPherson,K,17,K,True,0.0
2022,17,5,4371733,Kenneth Gainwell,RB,2,RB,True,3.7
2022,17,5,3128724,Isaiah McKenzie,WR,23,FLEX,True,0.0
2022,17,7,3116593,Dalvin Cook,RB,23,FLEX,True,6.4
2022,17,7,3116385,Joe Mixon,RB,23,FLEX,True,0.0
2022,17,7,3116365,Mark Andrews,TE,20,BE,False,19.0
2022,17,7,4045163,Miles Sanders,RB,2,RB,True,6.1000000000000005
2022,17,7,4047365,Josh Jacobs,RB,2,RB,True,19.5
2022,17,7,4241372,Marquise Brown,WR,4,WR,True,12.100000000000001
2022,17,7,8439,Aaron Rodgers,QB,0,QB,True,18.560000000000002
2022,17,7,-16033,Ravens D/ST,D/ST,16,D/ST,True,3.0
2022,17,7,4036348,Michael Gallup,WR,20,BE,False,6.9
2022,17,7,3121427,Curtis Samuel,WR,20,BE,False,1.6
2022,17,7,15807,Cordarrelle Patterson,RB,20,BE,False,20.4
2022,17,7,3930086,Dawson Knox,TE,6,TE,True,0.0
2022,17,7,3917232,Tyler Bass,K,17,K,True,0.0
2022,17,7,4248528,Christian Watson,WR,4,WR,True,2.1
2022,17,7,3046779,Jared Goff,QB,20,BE,False,28.4
2022,17,1,3045147,James Conner,RB,23,FLEX,True,14.0
2022,17,1,16800,Davante Adams,WR,4,WR,True,37.3
2022,17,1,4239993,Tee Higgins,WR,20,BE,False,0.0
2022,17,1,3121422,Terry McLaurin,WR,4,WR,True,5.7
2022,17,1,3915511,Joe Burrow,QB,0,QB,True,0.0
2022,17,1,4241985,J.K. Dobbins,RB,2,RB,True,9.3
2022,17,1,16757,Derek Carr,QB,20,BE,False,0.0
2022,17,1,2573401,Tyler Higbee,TE,20,BE,False,4.1
2022,17,1,4567156,Treylon Burks,WR,21,IR,False,12.600000000000001
2022,17,1,4361370,Chris Olave,WR,23,FLEX,True,8.2
2022,17,1,-16017,Patriots D/ST,D/ST,20,BE,False,12.0
2022,17,1,4240021,Cam Akers,RB,2,RB,True,14.3
2022,17,1,-16026,Seahawks D/ST,D/ST,16,D/ST,True,16.0
2022,17,1,4379399,James Cook,RB,20,BE,False,0.0
2022,17,1,4367209,Greg Dulcich,TE,6,TE,True,0.0
2022,17,1,10621,Nick Folk,K,17,K,True,5.0
2022,17,1,4037457,Travis Homer,RB,20,BE,False,0.0
2023,1,10,2977187,Cooper Kupp,WR,21,IR,False,0.0
2023,1,10,4241457,Najee Harris,RB,2,RB,True,5.3
2023,1,10,4569173,Rhamondre Stevenson,RB,2,RB,True,14.9
2023,1,10,15818,Keenan Allen,WR,4,WR,True,14.2
2023,1,10,3915511,Joe Burrow,QB,0,QB,True,3.18
2023,1,10,3932905,Diontae Johnson,WR,23,FLEX,True,7.800000000000001
2023,1,10,4036133,T.J. Hockenson,TE,6,TE,True,11.5
2023,1,10,4427366,Breece Hall,RB,20,BE,False,15.700000000000001
2023,1,10,4240021,Cam Akers,RB,23,FLEX,True,8.9
2023,1,10,4426502,Drake London,WR,4,WR,True,0.0
2023,1,10,4035886,Khalil Herbert,RB,20,BE,False,11.4
2023,1,10,4429615,Zay Flowers,WR,20,BE,False,17.700000000000003
2023,1,10,3115394,DJ Chark Jr.,WR,21,IR,False,0.0
2023,1,10,4426385,Zach Charbonnet,RB,20,BE,False,1.1
2023,1,10,-16009,Packers D/ST,D/ST,16,D/ST,True,14.0
2023,1,10,3050478,Jake Elliott,K,17,K,True,17.0
2023,1,2,3116385,Joe Mixon,RB,2,RB,True,10.3
2023,1,2,4047646,A.J. Brown,WR,4,WR,True,14.9
2023,1,2,4040715,Jalen Hurts,QB,0,QB,True,14.5
2023,1,2,2577417,Dak Prescott,QB,20,BE,False,6.32
2023,1,2,-16002,Bills D/ST,D/ST,16,D/ST,True,7.0
2023,1,2,4430878,Jaxon Smith-Njigba,WR,20,BE,False,4.3
2023,1,2,3917232,Tyler Bass,K,17,K,True,13.0
2023,1,2,3139925,Rashaad Penny,RB,2,RB,True,0.0
2023,1,2,3128429,Courtland Sutton,WR,4,WR,True,13.2
2023,1,2,4258595,Cole Kmet,TE,6,TE,True,9.4
2023,1,2,4239934,AJ Dillon,RB,23,FLEX,True,5.6000000000000005
2023,1,2,-16018,Saints D/ST,D/ST,20,BE,False,12.0
2023,1,2,4360635,Chigoziem Okonkwo,TE,20,BE,False,0.0
2023,1,2,12460,Graham Gano,K,20,BE,False,-2.0
2023,1,2,16460,Adam Thielen,WR,23,FLEX,True,3.2
2023,1,2,4240600,Kadarius Toney,WR,20,BE,False,1.0
2023,1,8,3117251,Christian McCaffrey,RB,2,RB,True,28.900000000000002
2023,1,8,4239996,Travis Etienne Jr.,RB,2,RB,True,21.4
2023,1,8,4241389,CeeDee Lamb,WR,4,WR,True,11.7
2023,1,8,4361370,Chris Olave,WR,4,WR,True,19.200000000000003
2023,1,8,16757,Derek Carr,QB,0,QB,True,16.6
2023,1,8,4241372,Marquise Brown,WR,23,FLEX,True,8.700000000000001
2023,1,8,16731,Brandin Cooks,WR,23,FLEX,True,4.2
2023,1,8,4429205,Jordan Addison,WR,20,BE,False,16.1
2023,1,8,2573401,Tyler Higbee,TE,6,TE,True,7.9
2023,1,8,3051909,Daniel Carlson,K,17,K,True,5.0
2023,1,8,-16017,Patriots D/ST,D/ST,16,D/ST,True,7.0
2023,1,8,4569987,Jaylen Warren,RB,20,BE,False,6.8
2023,1,8,3051926,Gus Edwards,RB,20,BE,False,5.2
2023,1,8,4371733,Kenneth Gainwell,RB,20,BE,False,11.4
2023,1,8,4240703,Kenny Pickett,QB,20,BE,False,11.68
2023,1,8,15835,Zach Ertz,TE,20,BE,False,8.1
2023,1,3,2976212,Stefon Diggs,WR,4,WR,True,26.200000000000003
2023,1,3,4569618,Garrett Wilson,WR,4,WR,True,14.4
2023,1,3,3042519,Aaron Jones,RB,2,RB,True,26.700000000000003
2023,1,3,4241478,DeVonta Smith,WR,23,FLEX,True,17.7
2023,1,3,4362887,Justin Fields,QB,0,QB,True,16.54
2023,1,3,4360248,Kyle Pitts,TE,6,TE,True,6.4
2023,1,3,4045163,Miles Sanders,RB,2,RB,True,11.799999999999999
2023,1,3,3121422,Terry McLaurin,WR,23,FLEX,True,5.1
2023,1,3,3895856,Christian Kirk,WR,20,BE,False,1.9
2023,1,3,3916433,Jakobi Meyers,WR,20,BE,False,29.1
2023,1,3,3116389,Samaje Perine,RB,20,BE,False,11.8
2023,1,3,14881,Russell Wilson,QB,20,BE,False,19.18
2023,1,3,4040761,Devin Singletary,RB,20,BE,False,1.5
2023,1,3,4373626,Tyler Allgeier,RB,20,BE,False,24.4
2023,1,3,3049899,Younghoe Koo,K,17,K,True,7.0
2023,1,3,-16029,Panthers D/ST,D/ST,16,D/ST,True,6.0
2023,1,7,4262921,Justin Jefferson,WR,4,WR,True,24.0
2023,1,7,3128720,Nick Chubb,RB,2,RB,True,16.700000000000003
2023,1,7,4360438,Brandon Aiyuk,WR,20,BE,False,32.9
2023,1,7,4360238,Dameon Pierce,RB,2,RB,True,6.700000000000001
2023,1,7,4360310,Trevor Lawrence,QB,0,QB,True,21.740000000000002
2023,1,7,3121023,Dallas Goedert,TE,6,TE,True,0.0
2023,1,7,2576925,Darren Waller,TE,23,FLEX,True,6.6
2023,1,7,4241985,J.K. Dobbins,RB,23,FLEX,True,11.7
2023,1,7,2976316,Michael Thomas,WR,4,WR,True,11.100000000000001
2023,1,7,4372485,Rondale Moore,WR,20,BE,False,7.5
2023,1,7,3045144,Tyler Boyd,WR,20,BE,False,3.0
2023,1,7,-16021,Eagles D/ST,D/ST,16,D/ST,True,12.0
2023,1,7,4240455,Deon Jackson,RB,20,BE,False,3.8000000000000007
2023,1,7,16760,Jimmy Garoppolo,QB,20,BE,False,19.1
2023,1,7,4569609,Evan Hull,RB,20,BE,False,1.7000000000000002
2023,1,7,17372,Chris Boswell,K,17,K,True,1.0
2023,1,12,4362628,Ja'Marr Chase,WR,4,WR,True,9.100000000000001
2023,1,12,3916148,Tony Pollard,RB,2,RB,True,22.2
2023,1,12,3925357,Calvin Ridley,WR,4,WR,True,24.1
2023,1,12,4048244,Alexander Mattison,RB,2,RB,True,13.4
2023,1,12,4242335,Jonathan Taylor,RB,21,IR,False,0.0
2023,1,12,3122840,Deshaun Watson,QB,0,QB,True,22.66
2023,1,12,4241463,Jerry Jeudy,WR,20,BE,False,0.0
2023,1,12,3117256,Dalton Schultz,TE,20,BE,False,2.4
2023,1,12,4429025,Quentin Johnston,WR,20,BE,False,2.9
2023,1,12,4372414,Elijah Moore,WR,23,FLEX,True,9.2
2023,1,12,4241555,Elijah Mitchell,RB,20,BE,False,1.0
2023,1,12,3929645,Juwan Johnson,TE,6,TE,True,6.6
2023,1,12,4429160,De'Von Achane,RB,20,BE,False,0.0
2023,1,12,15965,Dustin Hopkins,K,17,K,True,12.0
2023,1,12,4430027,Sam LaPorta,TE,20,BE,False,8.9
2023,1,12,-16001,Falcons D/ST,D/ST,16,D/ST,True,13.0
2023,1,12,4258173,Nico Collins,WR,23,FLEX,True,14.0
2023,1,6,3068267,Austin Ekeler,RB,2,RB,True,26.400000000000002
2023,1,6,4374302,Amon-Ra St. Brown,WR,4,WR,True,19.1
2023,1,6,4372016,Jaylen Waddle,WR,4,WR,True,11.8
2023,1,6,3054850,Alvin Kamara,RB,20,BE,False,0.0
2023,1,6,8439,Aaron Rodgers,QB,20,BE,False,0.0
2023,1,6,3116593,Dalvin Cook,RB,23,FLEX,True,8.9
2023,1,6,3123076,David Njoku,TE,6,TE,True,4.4
2023,1,6,4430191,Skyy Moore,WR,23,FLEX,True,0.4
2023,1,6,4243537,Gabe Davis,WR,20,BE,False,5.2
2023,1,6,2576414,Raheem Mostert,RB,2,RB,True,13.0
2023,1,6,-16015,Dolphins D/ST,D/ST,20,BE,False,0.0
2023,1,6,3055899,Harrison Butker,K,17,K,True,8.0
2023,1,6,3046779,Jared Goff,QB,0,QB,True,16.020000000000003
2023,1,6,3059722,Zay Jones,WR,20,BE,False,16.5
2023,1,6,3122976,Jeff Wilson Jr.,RB,21,IR,False,0.0
2023,1,6,3051738,Marquez Valdes-Scantling,WR,20,BE,False,6.800000000000001
2023,1,6,-16030,Jaguars D/ST,D/ST,16,D/ST,True,13.0
2023,1,5,16800,Davante Adams,WR,4,WR,True,12.600000000000001
2023,1,5,4430807,Bijan Robinson,RB,2,RB,True,20.3
2023,1,5,3929630,Saquon Barkley,RB,2,RB,True,9.3
2023,1,5,3116165,Chris Godwin,WR,23,FLEX,True,10.100000000000001
2023,1,5,4697815,Rachaad White,RB,23,FLEX,True,6.9
2023,1,5,4248528,Christian Watson,WR,20,BE,False,0.0
2023,1,5,3915416,DJ Moore,WR,4,WR,True,4.5
2023,1,5,4361411,Pat Freiermuth,TE,6,TE,True,7.3
2023,1,5,16733,Odell Beckham Jr.,WR,20,BE,False,5.7
2023,1,5,4429084,Anthony Richardson,QB,0,QB,True,22.92
2023,1,5,-16020,Jets D/ST,D/ST,16,D/ST,True,20.0
2023,1,5,4385690,Dalton Kincaid,TE,20,BE,False,6.6
2023,1,5,4426386,Roschon Johnson,RB,20,BE,False,17.5
2023,1,5,3925347,Damien Harris,RB,20,BE,False,3.9
2023,1,5,4243371,Riley Patterson,K,17,K,True,3.0
2023,1,5,4036378,Jordan Love,QB,20,BE,False,29.0
2023,1,1,15847,Travis Kelce,TE,20,BE,False,0.0
2023,1,1,3139477,Patrick Mahomes,QB,0,QB,True,23.54
2023,1,1,4429795,Jahmyr Gibbs,RB,2,RB,True,8.0
2023,1,1,3917792,Daniel Jones,QB,20,BE,False,4.460000000000001
2023,1,1,4567156,Treylon Burks,WR,4,WR,True,4.7
2023,1,1,3051392,Ezekiel Elliott,RB,2,RB,True,7.300000000000001
2023,1,1,3916566,K.J. Osborn,WR,20,BE,False,6.1
2023,1,1,3128390,Allen Lazard,WR,23,FLEX,True,6.6000000000000005
2023,1,1,3930066,Van Jefferson,WR,23,FLEX,True,6.4
2023,1,1,3121427,Curtis Samuel,WR,20,BE,False,11.0
2023,1,1,3915486,Tyler Conklin,TE,6,TE,True,1.2
2023,1,1,4242214,Clyde Edwards-Helaire,RB,20,BE,False,3.9000000000000004
2023,1,1,16339,Brandon McManus,K,17,K,True,8.0
2023,1,1,-16028,Commanders D/ST,D/ST,16,D/ST,True,12.0
2023,1,1,4686472,Marvin Mims Jr.,WR,4,WR,True,2.9
2023,1,1,4431453,Deuce Vaughn,RB,20,BE,False,0.8
2023,1,9,3116406,Tyreek Hill,WR,4,WR,True,46.5
2023,1,9,3918298,Josh Allen,QB,0,QB,True,11.04
2023,1,9,4239993,Tee Higgins,WR,4,WR,True,0.0
2023,1,9,3116365,Mark Andrews,TE,6,TE,True,0.0
2023,1,9,-16025,49ers D/ST,D/ST,16,D/ST,True,14.0
2023,1,9,4035538,David Montgomery,RB,2,RB,True,13.4
2023,1,9,4360294,Antonio Gibson,RB,2,RB,True,0.9
2023,1,9,4259545,D'Andre Swift,RB,23,FLEX,True,1.3
2023,1,9,4241474,Brian Robinson Jr.,RB,23,FLEX,True,13.6
2023,1,9,4360234,Evan McPherson,K,17,K,True,3.0
2023,1,9,4361741,Brock Purdy,QB,20,BE,False,20.8
2023,1,9,-16005,Browns D/ST,D/ST,20,BE,False,10.0
2023,1,9,3135321,Hunter Renfrow,WR,20,BE,False,0.0
2023,1,9,3918639,Gerald Everett,TE,20,BE,False,4.300000000000001
2023,1,9,4362081,Cameron Dicker,K,20,BE,False,12.0
2023,1,9,4429013,Tank Bigsby,RB,20,BE,False,5.3
2023,1,4,3043078,Derrick Henry,RB,2,RB,True,13.900000000000002
2023,1,4,3916387,Lamar Jackson,QB,0,QB,True,6.5600000000000005
2023,1,4,2976499,Amari Cooper,WR,4,WR,True,6.7
2023,1,4,15795,DeAndre Hopkins,WR,4,WR,True,13.5
2023,1,4,15683,Justin Tucker,K,17,K,True,5.0
2023,1,4,3045147,James Conner,RB,2,RB,True,12.0
2023,1,4,16737,Mike Evans,WR,23,FLEX,True,18.6
2023,1,4,3040151,George Kittle,TE,6,TE,True,4.9
2023,1,4,4361529,Isiah Pacheco,RB,20,BE,False,9.4
2023,1,4,2980453,Jamaal Williams,RB,23,FLEX,True,7.2
2023,1,4,4426354,George Pickens,WR,20,BE,False,8.6
2023,1,4,4241479,Tua Tagovailoa,QB,20,BE,False,35.14
2023,1,4,3120348,JuJu Smith-Schuster,WR,20,BE,False,7.300000000000001
2023,1,4,16782,Jerick McKinnon,RB,20,BE,False,2.0
2023,1,4,4036348,Michael Gallup,WR,20,BE,False,2.0
2023,1,4,-16006,Cowboys D/ST,D/ST,16,D/ST,True,36.0
2023,1,11,4047650,DK Metcalf,WR,4,WR,True,13.7
2023,1,11,4047365,Josh Jacobs,RB,2,RB,True,9.100000000000001
2023,1,11,3126486,Deebo Samuel,WR,4,WR,True,11.3
2023,1,11,4038941,Justin Herbert,QB,20,BE,False,22.86
2023,1,11,4379399,James Cook,RB,2,RB,True,10.3
2023,1,11,4567048,Kenneth Walker III,RB,23,FLEX,True,10.700000000000001
2023,1,11,3045138,Mike Williams,WR,20,BE,False,8.5
2023,1,11,4361579,Javonte Williams,RB,20,BE,False,9.7
2023,1,11,2577327,Tyler Lockett,WR,23,FLEX,True,3.0
2023,1,11,15864,Geno Smith,QB,0,QB,True,11.08
2023,1,11,4035687,Michael Pittman Jr.,WR,20,BE,False,23.700000000000003
2023,1,11,14880,Kirk Cousins,QB,20,BE,False,20.46
2023,1,11,3051876,Evan Engram,TE,6,TE,True,9.9
2023,1,11,4361409,Jahan Dotson,WR,20,BE,False,9.0
2023,1,11,2473037,Jason Myers,K,17,K,True,7.0
2023,1,11,-16033,Ravens D/ST,D/ST,16,D/ST,True,12.0
2023,2,2,3116385,Joe Mixon,RB,2,RB,True,13.5
2023,2,2,4047646,A.J. Brown,WR,4,WR,True,6.9
2023,2,2,4040715,Jalen Hurts,QB,0,QB,True,30.22
2023,2,2,2577417,Dak Prescott,QB,20,BE,False,23.6
2023,2,2,-16002,Bills D/ST,D/ST,16,D/ST,True,11.0
2023,2,2,4430878,Jaxon Smith-Njigba,WR,23,FLEX,True,8.4
2023,2,2,3917232,Tyler Bass,K,17,K,True,8.0
2023,2,2,3139925,Rashaad Penny,RB,2,RB,True,2.4
2023,2,2,3128429,Courtland Sutton,WR,4,WR,True,11.600000000000001
2023,2,2,4258595,Cole Kmet,TE,6,TE,True,7.800000000000001
2023,2,2,4239934,AJ Dillon,RB,23,FLEX,True,7.3
2023,2,2,-16018,Saints D/ST,D/ST,20,BE,False,9.0
2023,2,2,4360635,Chigoziem Okonkwo,TE,20,BE,False,7.5
2023,2,2,12460,Graham Gano,K,20,BE,False,7.0
2023,2,2,16460,Adam Thielen,WR,20,BE,False,20.4
2023,2,2,4240600,Kadarius Toney,WR,20,BE,False,8.8
2023,2,3,2976212,Stefon Diggs,WR,4,WR,True,13.600000000000001
2023,2,3,4569618,Garrett Wilson,WR,4,WR,True,19.3
2023,2,3,3042519,Aaron Jones,RB,20,BE,False,0.0
2023,2,3,4241478,DeVonta Smith,WR,23,FLEX,True,26.1
2023,2,3,4362887,Justin Fields,QB,0,QB,True,16.74
2023,2,3,4360248,Kyle Pitts,TE,6,TE,True,3.5
2023,2,3,4045163,Miles Sanders,RB,2,RB,True,7.7
2023,2,3,3121422,Terry McLaurin,WR,23,FLEX,True,16.4
2023,2,3,3895856,Christian Kirk,WR,20,BE,False,21.96
2023,2,3,3916433,Jakobi Meyers,WR,20,BE,False,0.0
2023,2,3,3116389,Samaje Perine,RB,20,BE,False,5.4
2023,2,3,14881,Russell Wilson,QB,20,BE,False,37.92
2023,2,3,4040761,Devin Singletary,RB,20,BE,False,3.4000000000000004
2023,2,3,4373626,Tyler Allgeier,RB,2,RB,True,4.800000000000001
2023,2,3,3049899,Younghoe Koo,K,17,K,True,12.0
2023,2,3,-16029,Panthers D/ST,D/ST,16,D/ST,True,6.0
2023,2,12,4362628,Ja'Marr Chase,WR,4,WR,True,8.1
2023,2,12,3916148,Tony Pollard,RB,2,RB,True,19.9
2023,2,12,3925357,Calvin Ridley,WR,4,WR,True,5.2
2023,2,12,4048244,Alexander Mattison,RB,2,RB,True,4.9
2023,2,12,4242335,Jonathan Taylor,RB,21,IR,False,0.0
2023,2,12,3122840,Deshaun Watson,QB,0,QB,True,13.600000000000001
2023,2,12,4241463,Jerry Jeudy,WR,20,BE,False,5.5
2023,2,12,4429025,Quentin Johnston,WR,20,BE,False,1.7000000000000002
2023,2,12,4372414,Elijah Moore,WR,23,FLEX,True,7.1
2023,2,12,4241555,Elijah Mitchell,RB,20,BE,False,0.0
2023,2,12,3929645,Juwan Johnson,TE,20,BE,False,3.3
2023,2,12,4429160,De'Von Achane,RB,20,BE,False,1.9
2023,2,12,15965,Dustin Hopkins,K,17,K,True,8.0
2023,2,12,4430027,Sam LaPorta,TE,6,TE,True,11.3
2023,2,12,4258173,Nico Collins,WR,23,FLEX,True,27.6
2023,2,12,12483,Matthew Stafford,QB,20,BE,False,15.98
2023,2,12,-16027,Buccaneers D/ST,D/ST,16,D/ST,True,19.0
2023,2,10,2977187,Cooper Kupp,WR,21,IR,False,0.0
2023,2,10,4241457,Najee Harris,RB,2,RB,True,5.3
2023,2,10,4569173,Rhamondre Stevenson,RB,2,RB,True,15.0
2023,2,10,15818,Keenan Allen,WR,4,WR,True,31.1
2023,2,10,3915511,Joe Burrow,QB,0,QB,True,19.380000000000003
2023,2,10,3932905,Diontae Johnson,WR,20,BE,False,0.0
2023,2,10,4036133,T.J. Hockenson,TE,6,TE,True,25.6
2023,2,10,4427366,Breece Hall,RB,23,FLEX,True,0.9
2023,2,10,4240021,Cam Akers,RB,20,BE,False,0.0
2023,2,10,4426502,Drake London,WR,20,BE,False,18.7
2023,2,10,4035886,Khalil Herbert,RB,20,BE,False,6.800000000000001
2023,2,10,4429615,Zay Flowers,WR,23,FLEX,True,10.8
2023,2,10,3115394,DJ Chark Jr.,WR,21,IR,False,2.5
2023,2,10,4426385,Zach Charbonnet,RB,20,BE,False,5.0
2023,2,10,-16009,Packers D/ST,D/ST,16,D/ST,True,1.0
2023,2,10,3050478,Jake Elliott,K,17,K,True,12.0
2023,2,10,4426515,Puka Nacua,WR,4,WR,True,30.1
2023,2,5,16800,Davante Adams,WR,4,WR,True,20.4
2023,2,5,4430807,Bijan Robinson,RB,2,RB,True,21.2
2023,2,5,3929630,Saquon Barkley,RB,2,RB,True,27.200000000000003
2023,2,5,3116165,Chris Godwin,WR,4,WR,True,10.8
2023,2,5,4697815,Rachaad White,RB,23,FLEX,True,21.3
2023,2,5,3915416,DJ Moore,WR,20,BE,False,16.4
2023,2,5,4361411,Pat Freiermuth,TE,6,TE,True,1.2
2023,2,5,16733,Odell Beckham Jr.,WR,20,BE,False,5.9
2023,2,5,4429084,Anthony Richardson,QB,20,BE,False,17.740000000000002
2023,2,5,4385690,Dalton Kincaid,TE,20,BE,False,9.3
2023,2,5,4426386,Roschon Johnson,RB,20,BE,False,6.2
2023,2,5,3925347,Damien Harris,RB,20,BE,False,9.3
2023,2,5,4243371,Riley Patterson,K,17,K,True,7.0
2023,2,5,4036378,Jordan Love,QB,0,QB,True,26.34
2023,2,5,-16024,Chargers D/ST,D/ST,16,D/ST,True,5.0
2023,2,5,4361432,Romeo Doubs,WR,23,FLEX,True,5.0
2023,2,8,3117251,Christian McCaffrey,RB,2,RB,True,22.5
2023,2,8,4239996,Travis Etienne Jr.,RB,2,RB,True,6.2
2023,2,8,4241389,CeeDee Lamb,WR,4,WR,True,25.3
2023,2,8,4361370,Chris Olave,WR,4,WR,True,14.6
2023,2,8,16757,Derek Carr,QB,20,BE,False,6.720000000000001
2023,2,8,4241372,Marquise Brown,WR,20,BE,False,17.4
2023,2,8,16731,Brandin Cooks,WR,20,BE,False,0.0
2023,2,8,4429205,Jordan Addison,WR,23,FLEX,True,19.2
2023,2,8,2573401,Tyler Higbee,TE,20,BE,False,4.2
2023,2,8,3051909,Daniel Carlson,K,17,K,True,5.0
2023,2,8,-16017,Patriots D/ST,D/ST,16,D/ST,True,5.0
2023,2,8,4569987,Jaylen Warren,RB,20,BE,False,12.600000000000001
2023,2,8,3051926,Gus Edwards,RB,23,FLEX,True,12.2
2023,2,8,4371733,Kenneth Gainwell,RB,21,IR,False,0.0
2023,2,8,15835,Zach Ertz,TE,6,TE,True,11.600000000000001
2023,2,8,3052587,Baker Mayfield,QB,0,QB,True,20.38
2023,2,8,2576434,Melvin Gordon III,RB,20,BE,False,0.0
2023,2,9,3116406,Tyreek Hill,WR,4,WR,True,15.0
2023,2,9,3918298,Josh Allen,QB,0,QB,True,29.66
2023,2,9,4239993,Tee Higgins,WR,4,WR,True,28.9
2023,2,9,3116365,Mark Andrews,TE,20,BE,False,15.5
2023,2,9,-16025,49ers D/ST,D/ST,16,D/ST,True,5.0
2023,2,9,4035538,David Montgomery,RB,2,RB,True,12.399999999999999
2023,2,9,4360294,Antonio Gibson,RB,2,RB,True,8.3
2023,2,9,4259545,D'Andre Swift,RB,23,FLEX,True,27.1
2023,2,9,4241474,Brian Robinson Jr.,RB,23,FLEX,True,28.900000000000002
2023,2,9,4360234,Evan McPherson,K,17,K,True,6.0
2023,2,9,4361741,Brock Purdy,QB,20,BE,False,14.74
2023,2,9,-16005,Browns D/ST,D/ST,20,BE,False,9.0
2023,2,9,3135321,Hunter Renfrow,WR,20,BE,False,3.3000000000000003
2023,2,9,3918639,Gerald Everett,TE,6,TE,True,7.7
2023,2,9,4362081,Cameron Dicker,K,20,BE,False,10.0
2023,2,9,4429013,Tank Bigsby,RB,20,BE,False,0.0
2023,2,7,4262921,Justin Jefferson,WR,4,WR,True,24.9
2023,2,7,3128720,Nick Chubb,RB,2,RB,True,6.4
2023,2,7,4360438,Brandon Aiyuk,WR,23,FLEX,True,7.3
2023,2,7,4360238,Dameon Pierce,RB,23,FLEX,True,5.5
2023,2,7,4360310,Trevor Lawrence,QB,0,QB,True,9.24
2023,2,7,3121023,Dallas Goedert,TE,6,TE,True,8.2
2023,2,7,2576925,Darren Waller,TE,20,BE,False,13.600000000000001
2023,2,7,2976316,Michael Thomas,WR,4,WR,True,12.5
2023,2,7,4372485,Rondale Moore,WR,20,BE,False,2.4000000000000004
2023,2,7,3045144,Tyler Boyd,WR,20,BE,False,11.2
2023,2,7,-16021,Eagles D/ST,D/ST,16,D/ST,True,7.0
2023,2,7,4240455,Deon Jackson,RB,20,BE,False,0.0
2023,2,7,16760,Jimmy Garoppolo,QB,20,BE,False,9.5
2023,2,7,3910544,Joshua Kelley,RB,2,RB,True,3.9000000000000004
2023,2,7,10621,Nick Folk,K,17,K,True,10.0
2023,2,7,3045523,Kendrick Bourne,WR,20,BE,False,6.9
2023,2,11,4047650,DK Metcalf,WR,4,WR,True,13.5
2023,2,11,4047365,Josh Jacobs,RB,2,RB,True,9.9
2023,2,11,3126486,Deebo Samuel,WR,4,WR,True,22.1
2023,2,11,4038941,Justin Herbert,QB,0,QB,True,26.200000000000003
2023,2,11,4379399,James Cook,RB,2,RB,True,19.900000000000002
2023,2,11,4567048,Kenneth Walker III,RB,23,FLEX,True,18.400000000000002
2023,2,11,3045138,Mike Williams,WR,20,BE,False,16.6
2023,2,11,4361579,Javonte Williams,RB,20,BE,False,7.800000000000001
2023,2,11,2577327,Tyler Lockett,WR,20,BE,False,25.9
2023,2,11,15864,Geno Smith,QB,20,BE,False,27.12
2023,2,11,4035687,Michael Pittman Jr.,WR,23,FLEX,True,13.600000000000001
2023,2,11,14880,Kirk Cousins,QB,20,BE,False,39.56
2023,2,11,3051876,Evan Engram,TE,6,TE,True,11.7
2023,2,11,4361409,Jahan Dotson,WR,20,BE,False,5.2
2023,2,11,2473037,Jason Myers,K,17,K,True,5.0
2023,2,11,-16033,Ravens D/ST,D/ST,16,D/ST,True,5.0
2023,2,6,3068267,Austin Ekeler,RB,20,BE,False,0.0
2023,2,6,4374302,Amon-Ra St. Brown,WR,4,WR,True,14.200000000000001
2023,2,6,4372016,Jaylen Waddle,WR,4,WR,True,12.399999999999999
2023,2,6,3054850,Alvin Kamara,RB,20,BE,False,0.0
2023,2,6,3116593,Dalvin Cook,RB,20,BE,False,0.20000000000000007
2023,2,6,3123076,David Njoku,TE,6,TE,True,6.800000000000001
2023,2,6,4243537,Gabe Davis,WR,23,FLEX,True,21.200000000000003
2023,2,6,2576414,Raheem Mostert,RB,2,RB,True,26.700000000000003
2023,2,6,-16015,Dolphins D/ST,D/ST,16,D/ST,True,11.0
2023,2,6,3055899,Harrison Butker,K,17,K,True,5.0
2023,2,6,3046779,Jared Goff,QB,0,QB,True,28.92
2023,2,6,3059722,Zay Jones,WR,23,FLEX,True,0.0
2023,2,6,3122976,Jeff Wilson Jr.,RB,21,IR,False,0.0
2023,2,6,3051738,Marquez Valdes-Scantling,WR,20,BE,False,3.3
2023,2,6,3924365,Hayden Hurst,TE,20,BE,False,5.0
2023,2,6,4241464,Mac Jones,QB,20,BE,False,15.740000000000002
2023,2,6,4035676,Zack Moss,RB,2,RB,True,20.7
2023,2,4,3043078,Derrick Henry,RB,2,RB,True,18.5
2023,2,4,3916387,Lamar Jackson,QB,0,QB,True,26.880000000000003
2023,2,4,2976499,Amari Cooper,WR,20,BE,False,16.0
2023,2,4,15795,DeAndre Hopkins,WR,4,WR,True,8.0
2023,2,4,15683,Justin Tucker,K,17,K,True,10.0
2023,2,4,3045147,James Conner,RB,2,RB,True,16.6
2023,2,4,16737,Mike Evans,WR,23,FLEX,True,29.1
2023,2,4,3040151,George Kittle,TE,6,TE,True,6.0
2023,2,4,4361529,Isiah Pacheco,RB,20,BE,False,8.0
2023,2,4,2980453,Jamaal Williams,RB,23,FLEX,True,2.9000000000000004
2023,2,4,4426354,George Pickens,WR,4,WR,True,25.700000000000003
2023,2,4,4241479,Tua Tagovailoa,QB,20,BE,False,14.260000000000002
2023,2,4,3120348,JuJu Smith-Schuster,WR,20,BE,False,7.800000000000001
2023,2,4,16782,Jerick McKinnon,RB,20,BE,False,5.2
2023,2,4,4036348,Michael Gallup,WR,20,BE,False,1.3
2023,2,4,-16006,Cowboys D/ST,D/ST,16,D/ST,True,16.0
2023,2,1,15847,Travis Kelce,TE,6,TE,True,12.6
2023,2,1,3139477,Patrick Mahomes,QB,0,QB,True,25.200000000000003
2023,2,1,4429795,Jahmyr Gibbs,RB,2,RB,True,12.6
2023,2,1,3917792,Daniel Jones,QB,20,BE,False,34.74
2023,2,1,4567156,Treylon Burks,WR,4,WR,True,10.600000000000001
2023,2,1,3051392,Ezekiel Elliott,RB,2,RB,True,1.3
2023,2,1,3916566,K.J. Osborn,WR,20,BE,False,12.4
2023,2,1,3128390,Allen Lazard,WR,20,BE,False,4.300000000000001
2023,2,1,3930066,Van Jefferson,WR,23,FLEX,True,1.9
2023,2,1,3121427,Curtis Samuel,WR,4,WR,True,6.2
2023,2,1,3915486,Tyler Conklin,TE,20,BE,False,10.0
2023,2,1,4242214,Clyde Edwards-Helaire,RB,20,BE,False,3.7
2023,2,1,16339,Brandon McManus,K,17,K,True,10.0
2023,2,1,-16028,Commanders D/ST,D/ST,16,D/ST,True,10.0
2023,2,1,4038441,Justice Hill,RB,20,BE,False,8.3
2023,2,1,4430737,Kyren Williams,RB,23,FLEX,True,28.0
2023,3,12,4362628,Ja'Marr Chase,WR,4,WR,True,26.1
2023,3,12,3916148,Tony Pollard,RB,2,RB,True,15.100000000000001
2023,3,12,3925357,Calvin Ridley,WR,4,WR,True,7.0
2023,3,12,4048244,Alexander Mattison,RB,2,RB,True,17.5
2023,3,12,4242335,Jonathan Taylor,RB,21,IR,False,0.0
2023,3,12,3122840,Deshaun Watson,QB,20,BE,False,26.16
2023,3,12,4241463,Jerry Jeudy,WR,23,FLEX,True,13.1
2023,3,12,4429025,Quentin Johnston,WR,20,BE,False,3.0
2023,3,12,4372414,Elijah Moore,WR,20,BE,False,11.8
2023,3,12,4430027,Sam LaPorta,TE,6,TE,True,23.4
2023,3,12,4258173,Nico Collins,WR,23,FLEX,True,5.4
2023,3,12,-16027,Buccaneers D/ST,D/ST,20,BE,False,1.0
2023,3,12,3049916,Matt Breida,RB,20,BE,False,10.799999999999999
2023,3,12,3059915,Kareem Hunt,RB,20,BE,False,5.5
2023,3,12,3953687,Brandon Aubrey,K,17,K,True,11.0
2023,3,12,4432577,C.J. Stroud,QB,0,QB,True,27.6
2023,3,12,-16023,Steelers D/ST,D/ST,16,D/ST,True,10.0
2023,3,2,3116385,Joe Mixon,RB,2,RB,True,14.0
2023,3,2,4047646,A.J. Brown,WR,4,WR,True,22.1
2023,3,2,4040715,Jalen Hurts,QB,0,QB,True,21.880000000000003
2023,3,2,2577417,Dak Prescott,QB,20,BE,False,16.36
2023,3,2,-16002,Bills D/ST,D/ST,16,D/ST,True,31.0
2023,3,2,4430878,Jaxon Smith-Njigba,WR,23,FLEX,True,2.0
2023,3,2,3917232,Tyler Bass,K,17,K,True,15.0
2023,3,2,3139925,Rashaad Penny,RB,20,BE,False,0.0
2023,3,2,3128429,Courtland Sutton,WR,4,WR,True,19.1
2023,3,2,4258595,Cole Kmet,TE,6,TE,True,4.2
2023,3,2,4239934,AJ Dillon,RB,2,RB,True,3.3000000000000003
2023,3,2,-16018,Saints D/ST,D/ST,20,BE,False,9.0
2023,3,2,4360635,Chigoziem Okonkwo,TE,20,BE,False,3.7
2023,3,2,12460,Graham Gano,K,20,BE,False,9.0
2023,3,2,16460,Adam Thielen,WR,23,FLEX,True,31.5
2023,3,2,4240600,Kadarius Toney,WR,20,BE,False,0.9
2023,3,3,2976212,Stefon Diggs,WR,4,WR,True,19.1
2023,3,3,4569618,Garrett Wilson,WR,4,WR,True,9.8
2023,3,3,3042519,Aaron Jones,RB,20,BE,False,0.0
2023,3,3,4241478,DeVonta Smith,WR,23,FLEX,True,6.800000000000001
2023,3,3,4362887,Justin Fields,QB,20,BE,False,12.66
2023,3,3,4360248,Kyle Pitts,TE,6,TE,True,8.7
2023,3,3,4045163,Miles Sanders,RB,2,RB,True,17.2
2023,3,3,3121422,Terry McLaurin,WR,20,BE,False,10.100000000000001
2023,3,3,3895856,Christian Kirk,WR,23,FLEX,True,15.4
2023,3,3,3916433,Jakobi Meyers,WR,20,BE,False,15.5
2023,3,3,3116389,Samaje Perine,RB,20,BE,False,4.4
2023,3,3,14881,Russell Wilson,QB,0,QB,True,16.240000000000002
2023,3,3,4040761,Devin Singletary,RB,20,BE,False,6.500000000000001
2023,3,3,4373626,Tyler Allgeier,RB,2,RB,True,4.9
2023,3,3,3049899,Younghoe Koo,K,17,K,True,6.0
2023,3,3,-16029,Panthers D/ST,D/ST,16,D/ST,True,-1.0
2023,3,5,16800,Davante Adams,WR,4,WR,True,42.2
2023,3,5,4430807,Bijan Robinson,RB,2,RB,True,10.0
2023,3,5,3929630,Saquon Barkley,RB,20,BE,False,0.0
2023,3,5,3116165,Chris Godwin,WR,4,WR,True,8.2
2023,3,5,4697815,Rachaad White,RB,23,FLEX,True,7.200000000000001
2023,3,5,3915416,DJ Moore,WR,20,BE,False,13.100000000000001
2023,3,5,4361411,Pat Freiermuth,TE,6,TE,True,13.100000000000001
2023,3,5,16733,Odell Beckham Jr.,WR,20,BE,False,0.0
2023,3,5,4429084,Anthony Richardson,QB,20,BE,False,0.0
2023,3,5,4385690,Dalton Kincaid,TE,20,BE,False,2.3
2023,3,5,4426386,Roschon Johnson,RB,20,BE,False,6.9
2023,3,5,3925347,Damien Harris,RB,2,RB,True,1.5
2023,3,5,4243371,Riley Patterson,K,17,K,True,8.0
2023,3,5,4036378,Jordan Love,QB,0,QB,True,26.259999999999998
2023,3,5,-16024,Chargers D/ST,D/ST,16,D/ST,True,4.0
2023,3,5,4361432,Romeo Doubs,WR,23,FLEX,True,18.3
2023,3,10,2977187,Cooper Kupp,WR,21,IR,False,0.0
2023,3,10,4241457,Najee Harris,RB,2,RB,True,6.5
2023,3,10,4569173,Rhamondre Stevenson,RB,2,RB,True,7.2
2023,3,10,15818,Keenan Allen,WR,4,WR,True,50.46
2023,3,10,3915511,Joe Burrow,QB,20,BE,False,8.16
2023,3,10,3932905,Diontae Johnson,WR,21,IR,False,0.0
2023,3,10,4036133,T.J. Hockenson,TE,6,TE,True,13.8
2023,3,10,4427366,Breece Hall,RB,20,BE,False,3.6999999999999997
2023,3,10,4240021,Cam Akers,RB,20,BE,False,0.0
2023,3,10,4426502,Drake London,WR,23,FLEX,True,5.1
2023,3,10,4035886,Khalil Herbert,RB,20,BE,False,3.5
2023,3,10,4429615,Zay Flowers,WR,23,FLEX,True,13.0
2023,3,10,3115394,DJ Chark Jr.,WR,20,BE,False,19.6
2023,3,10,4426385,Zach Charbonnet,RB,20,BE,False,5.500000000000001
2023,3,10,-16009,Packers D/ST,D/ST,16,D/ST,True,7.0
2023,3,10,3050478,Jake Elliott,K,17,K,True,11.0
2023,3,10,4426515,Puka Nacua,WR,4,WR,True,12.2
2023,3,10,4038524,Gardner Minshew,QB,0,QB,True,15.08
2023,3,9,3116406,Tyreek Hill,WR,4,WR,True,33.7
2023,3,9,3918298,Josh Allen,QB,0,QB,True,23.32
2023,3,9,4239993,Tee Higgins,WR,4,WR,True,4.1
2023,3,9,3116365,Mark Andrews,TE,23,FLEX,True,7.5
2023,3,9,-16025,49ers D/ST,D/ST,16,D/ST,True,11.0
2023,3,9,4035538,David Montgomery,RB,20,BE,False,0.0
2023,3,9,4360294,Antonio Gibson,RB,2,RB,True,3.4000000000000004
2023,3,9,4259545,D'Andre Swift,RB,23,FLEX,True,14.8
2023,3,9,4241474,Brian Robinson Jr.,RB,2,RB,True,7.0
2023,3,9,4360234,Evan McPherson,K,17,K,True,18.0
2023,3,9,4361741,Brock Purdy,QB,20,BE,False,24.3
2023,3,9,-16005,Browns D/ST,D/ST,20,BE,False,15.0
2023,3,9,3135321,Hunter Renfrow,WR,20,BE,False,3.7
2023,3,9,3918639,Gerald Everett,TE,6,TE,True,9.0
2023,3,9,4362081,Cameron Dicker,K,20,BE,False,3.0
2023,3,9,4429013,Tank Bigsby,RB,20,BE,False,7.0
2023,3,8,3117251,Christian McCaffrey,RB,2,RB,True,22.9
2023,3,8,4239996,Travis Etienne Jr.,RB,2,RB,True,17.8
2023,3,8,4241389,CeeDee Lamb,WR,4,WR,True,10.200000000000001
2023,3,8,4361370,Chris Olave,WR,4,WR,True,18.4
2023,3,8,4241372,Marquise Brown,WR,23,FLEX,True,17.1
2023,3,8,16731,Brandin Cooks,WR,20,BE,False,3.7
2023,3,8,4429205,Jordan Addison,WR,20,BE,False,11.2
2023,3,8,2573401,Tyler Higbee,TE,20,BE,False,12.100000000000001
2023,3,8,3051909,Daniel Carlson,K,17,K,True,4.0
2023,3,8,-16017,Patriots D/ST,D/ST,16,D/ST,True,12.0
2023,3,8,4569987,Jaylen Warren,RB,20,BE,False,8.200000000000001
2023,3,8,3051926,Gus Edwards,RB,23,FLEX,True,5.1000000000000005
2023,3,8,4371733,Kenneth Gainwell,RB,20,BE,False,5.8
2023,3,8,15835,Zach Ertz,TE,6,TE,True,2.6
2023,3,8,3052587,Baker Mayfield,QB,0,QB,True,12.04
2023,3,8,4242214,Clyde Edwards-Helaire,RB,20,BE,False,12.7
2023,3,11,4047650,DK Metcalf,WR,20,BE,False,17.200000000000003
2023,3,11,4047365,Josh Jacobs,RB,23,FLEX,True,11.0
2023,3,11,3126486,Deebo Samuel,WR,23,FLEX,True,25.1
2023,3,11,4038941,Justin Herbert,QB,20,BE,False,37.3
2023,3,11,4379399,James Cook,RB,2,RB,True,13.200000000000001
2023,3,11,4567048,Kenneth Walker III,RB,2,RB,True,30.6
2023,3,11,3045138,Mike Williams,WR,20,BE,False,26.1
2023,3,11,4361579,Javonte Williams,RB,20,BE,False,8.5
2023,3,11,2577327,Tyler Lockett,WR,4,WR,True,8.4
2023,3,11,15864,Geno Smith,QB,20,BE,False,17.439999999999998
2023,3,11,4035687,Michael Pittman Jr.,WR,4,WR,True,16.7
2023,3,11,14880,Kirk Cousins,QB,0,QB,True,34.68
2023,3,11,3051876,Evan Engram,TE,6,TE,True,13.7
2023,3,11,4361409,Jahan Dotson,WR,20,BE,False,4.1
2023,3,11,2473037,Jason Myers,K,17,K,True,18.0
2023,3,11,-16012,Chiefs D/ST,D/ST,16,D/ST,True,12.0
2023,3,7,4262921,Justin Jefferson,WR,4,WR,True,30.9
2023,3,7,3128720,Nick Chubb,RB,21,IR,False,0.0
2023,3,7,4360438,Brandon Aiyuk,WR,23,FLEX,True,0.0
2023,3,7,4360238,Dameon Pierce,RB,23,FLEX,True,14.9
2023,3,7,4360310,Trevor Lawrence,QB,0,QB,True,16.36
2023,3,7,3121023,Dallas Goedert,TE,6,TE,True,9.100000000000001
2023,3,7,2576925,Darren Waller,TE,20,BE,False,5.0
2023,3,7,2976316,Michael Thomas,WR,4,WR,True,11.0
2023,3,7,3045144,Tyler Boyd,WR,20,BE,False,8.9
2023,3,7,-16021,Eagles D/ST,D/ST,16,D/ST,True,15.0
2023,3,7,16760,Jimmy Garoppolo,QB,20,BE,False,21.66
2023,3,7,3910544,Joshua Kelley,RB,2,RB,True,2.7
2023,3,7,10621,Nick Folk,K,17,K,True,4.0
2023,3,7,3045523,Kendrick Bourne,WR,20,BE,False,8.600000000000001
2023,3,7,3115306,Josh Reynolds,WR,20,BE,False,0.0
2023,3,7,4421446,Craig Reynolds,RB,2,RB,True,1.5
2023,3,7,4599739,Kendre Miller,RB,20,BE,False,4.4
2023,3,4,3043078,Derrick Henry,RB,2,RB,True,2.0
2023,3,4,3916387,Lamar Jackson,QB,0,QB,True,28.18
2023,3,4,2976499,Amari Cooper,WR,23,FLEX,True,25.6
2023,3,4,15795,DeAndre Hopkins,WR,4,WR,True,7.800000000000001
2023,3,4,15683,Justin Tucker,K,17,K,True,6.0
2023,3,4,3045147,James Conner,RB,2,RB,True,19.6
2023,3,4,16737,Mike Evans,WR,23,FLEX,True,17.0
2023,3,4,3040151,George Kittle,TE,6,TE,True,16.0
2023,3,4,4361529,Isiah Pacheco,RB,20,BE,False,15.799999999999999
2023,3,4,2980453,Jamaal Williams,RB,21,IR,False,0.0
2023,3,4,4426354,George Pickens,WR,4,WR,True,11.5
2023,3,4,4241479,Tua Tagovailoa,QB,20,BE,False,39.36
2023,3,4,3120348,JuJu Smith-Schuster,WR,20,BE,False,1.5
2023,3,4,16782,Jerick McKinnon,RB,20,BE,False,17.8
2023,3,4,4036348,Michael Gallup,WR,20,BE,False,15.200000000000001
2023,3,4,-16006,Cowboys D/ST,D/ST,16,D/ST,True,-1.0
2023,3,4,4241416,Chuba Hubbard,RB,20,BE,False,2.4000000000000004
2023,3,6,3068267,Austin Ekeler,RB,20,BE,False,0.0
2023,3,6,4374302,Amon-Ra St. Brown,WR,4,WR,True,19.6
2023,3,6,4372016,Jaylen Waddle,WR,20,BE,False,0.0
2023,3,6,3054850,Alvin Kamara,RB,20,BE,False,0.0
2023,3,6,3116593,Dalvin Cook,RB,20,BE,False,5.9
2023,3,6,4243537,Gabe Davis,WR,23,FLEX,True,10.3
2023,3,6,2576414,Raheem Mostert,RB,2,RB,True,45.2
2023,3,6,-16015,Dolphins D/ST,D/ST,16,D/ST,True,7.0
2023,3,6,3055899,Harrison Butker,K,17,K,True,12.0
2023,3,6,3046779,Jared Goff,QB,0,QB,True,21.02
2023,3,6,3059722,Zay Jones,WR,20,BE,False,0.0
2023,3,6,3122976,Jeff Wilson Jr.,RB,21,IR,False,0.0
2023,3,6,4241464,Mac Jones,QB,20,BE,False,18.340000000000003
2023,3,6,4035676,Zack Moss,RB,2,RB,True,22.500000000000004
2023,3,6,4360797,Tutu Atwell,WR,4,WR,True,17.2
2023,3,6,3046439,Hunter Henry,TE,6,TE,True,3.7
2023,3,6,15880,Robert Woods,WR,23,FLEX,True,6.4
2023,3,1,15847,Travis Kelce,TE,6,TE,True,19.9
2023,3,1,3139477,Patrick Mahomes,QB,0,QB,True,31.68
2023,3,1,4429795,Jahmyr Gibbs,RB,2,RB,True,9.2
2023,3,1,3917792,Daniel Jones,QB,20,BE,False,3.9800000000000004
2023,3,1,4567156,Treylon Burks,WR,4,WR,True,1.5
2023,3,1,3051392,Ezekiel Elliott,RB,20,BE,False,9.7
2023,3,1,3916566,K.J. Osborn,WR,23,FLEX,True,10.6
2023,3,1,3128390,Allen Lazard,WR,20,BE,False,6.9
2023,3,1,3121427,Curtis Samuel,WR,20,BE,False,7.4
2023,3,1,4038441,Justice Hill,RB,21,IR,False,0.0
2023,3,1,4430737,Kyren Williams,RB,2,RB,True,8.5
2023,3,1,4372019,Jerome Ford,RB,23,FLEX,True,19.1
2023,3,1,4372066,Jake Moody,K,17,K,True,12.0
2023,3,1,-16020,Jets D/ST,D/ST,16,D/ST,True,3.0
2023,3,1,4248528,Christian Watson,WR,21,IR,False,0.0
2023,3,1,4426388,Jameson Williams,WR,20,BE,False,0.0
2023,3,1,4046676,Tony Jones Jr.,RB,20,BE,False,9.2
2023,3,1,4032473,Rashid Shaheed,WR,4,WR,True,6.0
2023,4,2,3116385,Joe Mixon,RB,2,RB,True,8.6
2023,4,2,4047646,A.J. Brown,WR,4,WR,True,41.5
2023,4,2,4040715,Jalen Hurts,QB,0,QB,True,31.16
2023,4,2,2577417,Dak Prescott,QB,20,BE,False,16.34
2023,4,2,-16002,Bills D/ST,D/ST,16,D/ST,True,8.0
2023,4,2,4430878,Jaxon Smith-Njigba,WR,23,FLEX,True,3.5
2023,4,2,3917232,Tyler Bass,K,17,K,True,14.0
2023,4,2,3139925,Rashaad Penny,RB,20,BE,False,0.0
2023,4,2,3128429,Courtland Sutton,WR,4,WR,True,11.7
2023,4,2,4258595,Cole Kmet,TE,6,TE,True,27.6
2023,4,2,4239934,AJ Dillon,RB,2,RB,True,1.1
2023,4,2,-16018,Saints D/ST,D/ST,20,BE,False,3.0
2023,4,2,4360635,Chigoziem Okonkwo,TE,20,BE,False,5.9
2023,4,2,12460,Graham Gano,K,20,BE,False,5.0
2023,4,2,16460,Adam Thielen,WR,23,FLEX,True,15.2
2023,4,2,4240600,Kadarius Toney,WR,20,BE,False,4.2
2023,4,5,16800,Davante Adams,WR,4,WR,True,15.5
2023,4,5,4430807,Bijan Robinson,RB,2,RB,True,18.7
2023,4,5,3929630,Saquon Barkley,RB,20,BE,False,0.0
2023,4,5,3116165,Chris Godwin,WR,4,WR,True,19.4
2023,4,5,4697815,Rachaad White,RB,2,RB,True,10.8
2023,4,5,3915416,DJ Moore,WR,20,BE,False,27.1
2023,4,5,4361411,Pat Freiermuth,TE,6,TE,True,3.7
2023,4,5,16733,Odell Beckham Jr.,WR,20,BE,False,0.0
2023,4,5,4429084,Anthony Richardson,QB,20,BE,False,33.6
2023,4,5,4385690,Dalton Kincaid,TE,20,BE,False,6.7
2023,4,5,4426386,Roschon Johnson,RB,20,BE,False,2.5
2023,4,5,3925347,Damien Harris,RB,23,FLEX,True,2.9000000000000004
2023,4,5,4243371,Riley Patterson,K,17,K,True,10.0
2023,4,5,4036378,Jordan Love,QB,0,QB,True,19.64
2023,4,5,4361432,Romeo Doubs,WR,23,FLEX,True,18.5
2023,4,5,-16016,Vikings D/ST,D/ST,16,D/ST,True,18.0
2023,4,9,3116406,Tyreek Hill,WR,4,WR,True,10.200000000000001
2023,4,9,3918298,Josh Allen,QB,20,BE,False,47.5
2023,4,9,4239993,Tee Higgins,WR,4,WR,True,3.9000000000000004
2023,4,9,3116365,Mark Andrews,TE,23,FLEX,True,25.0
2023,4,9,-16025,49ers D/ST,D/ST,16,D/ST,True,2.0
2023,4,9,4035538,David Montgomery,RB,20,BE,False,34.1
2023,4,9,4360294,Antonio Gibson,RB,2,RB,True,3.6000000000000005
2023,4,9,4259545,D'Andre Swift,RB,23,FLEX,True,17.900000000000002
2023,4,9,4241474,Brian Robinson Jr.,RB,2,RB,True,13.1
2023,4,9,4360234,Evan McPherson,K,17,K,True,3.0
2023,4,9,4361741,Brock Purdy,QB,0,QB,True,23.32
2023,4,9,-16005,Browns D/ST,D/ST,20,BE,False,6.0
2023,4,9,3135321,Hunter Renfrow,WR,20,BE,False,3.2
2023,4,9,3918639,Gerald Everett,TE,6,TE,True,2.9
2023,4,9,4362081,Cameron Dicker,K,20,BE,False,6.0
2023,4,9,4429013,Tank Bigsby,RB,20,BE,False,1.0
2023,4,12,4362628,Ja'Marr Chase,WR,4,WR,True,14.3
2023,4,12,3916148,Tony Pollard,RB,2,RB,True,9.0
2023,4,12,3925357,Calvin Ridley,WR,4,WR,True,11.8
2023,4,12,4048244,Alexander Mattison,RB,2,RB,True,10.8
2023,4,12,4242335,Jonathan Taylor,RB,21,IR,False,0.0
2023,4,12,3122840,Deshaun Watson,QB,20,BE,False,0.0
2023,4,12,4241463,Jerry Jeudy,WR,20,BE,False,8.2
2023,4,12,4429025,Quentin Johnston,WR,20,BE,False,2.8
2023,4,12,4372414,Elijah Moore,WR,23,FLEX,True,2.0
2023,4,12,4430027,Sam LaPorta,TE,6,TE,True,9.600000000000001
2023,4,12,4258173,Nico Collins,WR,23,FLEX,True,38.8
2023,4,12,-16027,Buccaneers D/ST,D/ST,16,D/ST,True,16.0
2023,4,12,3059915,Kareem Hunt,RB,20,BE,False,1.2000000000000002
2023,4,12,3953687,Brandon Aubrey,K,17,K,True,12.0
2023,4,12,4432577,C.J. Stroud,QB,0,QB,True,28.84
2023,4,12,-16023,Steelers D/ST,D/ST,20,BE,False,-5.0
2023,4,12,3912092,Donald Parham Jr.,TE,20,BE,False,0.0
2023,4,11,4047650,DK Metcalf,WR,20,BE,False,12.4
2023,4,11,4047365,Josh Jacobs,RB,23,FLEX,True,27.9
2023,4,11,3126486,Deebo Samuel,WR,23,FLEX,True,0.6000000000000001
2023,4,11,4038941,Justin Herbert,QB,0,QB,True,25.38
2023,4,11,4379399,James Cook,RB,2,RB,True,14.700000000000001
2023,4,11,4567048,Kenneth Walker III,RB,2,RB,True,13.9
2023,4,11,4361579,Javonte Williams,RB,20,BE,False,3.9
2023,4,11,2577327,Tyler Lockett,WR,4,WR,True,9.4
2023,4,11,15864,Geno Smith,QB,20,BE,False,11.2
2023,4,11,4035687,Michael Pittman Jr.,WR,4,WR,True,4.5
2023,4,11,14880,Kirk Cousins,QB,20,BE,False,13.560000000000002
2023,4,11,3051876,Evan Engram,TE,6,TE,True,12.9
2023,4,11,2473037,Jason Myers,K,17,K,True,5.0
2023,4,11,-16012,Chiefs D/ST,D/ST,16,D/ST,True,4.0
2023,4,11,4428085,Luke Musgrave,TE,20,BE,False,1.1
2023,4,11,4361409,Jahan Dotson,WR,20,BE,False,12.7
2023,4,3,2976212,Stefon Diggs,WR,4,WR,True,39.0
2023,4,3,4569618,Garrett Wilson,WR,4,WR,True,15.0
2023,4,3,3042519,Aaron Jones,RB,2,RB,True,2.4
2023,4,3,4241478,DeVonta Smith,WR,23,FLEX,True,14.8
2023,4,3,4362887,Justin Fields,QB,20,BE,False,35.9
2023,4,3,4360248,Kyle Pitts,TE,6,TE,True,4.1
2023,4,3,4045163,Miles Sanders,RB,2,RB,True,6.2
2023,4,3,3121422,Terry McLaurin,WR,20,BE,False,22.6
2023,4,3,3895856,Christian Kirk,WR,23,FLEX,True,16.4
2023,4,3,3916433,Jakobi Meyers,WR,20,BE,False,5.300000000000001
2023,4,3,3116389,Samaje Perine,RB,20,BE,False,5.5
2023,4,3,14881,Russell Wilson,QB,0,QB,True,28.22
2023,4,3,4040761,Devin Singletary,RB,20,BE,False,10.84
2023,4,3,4373626,Tyler Allgeier,RB,20,BE,False,2.2
2023,4,3,3049899,Younghoe Koo,K,17,K,True,1.0
2023,4,3,-16029,Panthers D/ST,D/ST,16,D/ST,True,15.0
2023,4,4,3043078,Derrick Henry,RB,2,RB,True,26.380000000000003
2023,4,4,3916387,Lamar Jackson,QB,20,BE,False,32.14
2023,4,4,2976499,Amari Cooper,WR,23,FLEX,True,2.6
2023,4,4,15795,DeAndre Hopkins,WR,4,WR,True,10.3
2023,4,4,15683,Justin Tucker,K,17,K,True,4.0
2023,4,4,3045147,James Conner,RB,2,RB,True,6.6000000000000005
2023,4,4,16737,Mike Evans,WR,23,FLEX,True,7.0
2023,4,4,3040151,George Kittle,TE,6,TE,True,1.9
2023,4,4,4361529,Isiah Pacheco,RB,20,BE,False,25.8
2023,4,4,2980453,Jamaal Williams,RB,21,IR,False,0.0
2023,4,4,4426354,George Pickens,WR,4,WR,True,5.5
2023,4,4,4241479,Tua Tagovailoa,QB,0,QB,True,15.979999999999997
2023,4,4,3120348,JuJu Smith-Schuster,WR,20,BE,False,2.4000000000000004
2023,4,4,16782,Jerick McKinnon,RB,20,BE,False,0.7000000000000001
2023,4,4,4036348,Michael Gallup,WR,20,BE,False,11.0
2023,4,4,-16006,Cowboys D/ST,D/ST,16,D/ST,True,26.0
2023,4,4,4241416,Chuba Hubbard,RB,20,BE,False,7.300000000000001
2023,4,10,2977187,Cooper Kupp,WR,21,IR,False,0.0
2023,4,10,4241457,Najee Harris,RB,2,RB,True,11.3
2023,4,10,4569173,Rhamondre Stevenson,RB,2,RB,True,6.0
2023,4,10,15818,Keenan Allen,WR,4,WR,True,12.2
2023,4,10,3915511,Joe Burrow,QB,0,QB,True,4.700000000000001
2023,4,10,3932905,Diontae Johnson,WR,21,IR,False,0.0
2023,4,10,4036133,T.J. Hockenson,TE,6,TE,True,4.4
2023,4,10,4427366,Breece Hall,RB,20,BE,False,9.900000000000002
2023,4,10,4240021,Cam Akers,RB,20,BE,False,7.1
2023,4,10,4426502,Drake London,WR,23,FLEX,True,11.8
2023,4,10,4035886,Khalil Herbert,RB,20,BE,False,22.2
2023,4,10,4429615,Zay Flowers,WR,23,FLEX,True,8.0
2023,4,10,3115394,DJ Chark Jr.,WR,20,BE,False,4.800000000000001
2023,4,10,4426385,Zach Charbonnet,RB,20,BE,False,5.0
2023,4,10,-16009,Packers D/ST,D/ST,16,D/ST,True,1.0
2023,4,10,3050478,Jake Elliott,K,17,K,True,18.0
2023,4,10,4426515,Puka Nacua,WR,4,WR,True,31.3
2023,4,10,4038524,Gardner Minshew,QB,20,BE,False,0.0
2023,4,1,15847,Travis Kelce,TE,6,TE,True,12.0
2023,4,1,3139477,Patrick Mahomes,QB,0,QB,True,15.220000000000002
2023,4,1,4429795,Jahmyr Gibbs,RB,2,RB,True,9.1
2023,4,1,3917792,Daniel Jones,QB,20,BE,False,8.720000000000002
2023,4,1,4567156,Treylon Burks,WR,20,BE,False,0.0
2023,4,1,3051392,Ezekiel Elliott,RB,20,BE,False,4.2
2023,4,1,3916566,K.J. Osborn,WR,23,FLEX,True,2.6
2023,4,1,3121427,Curtis Samuel,WR,4,WR,True,18.2
2023,4,1,4038441,Justice Hill,RB,20,BE,False,3.3000000000000003
2023,4,1,4430737,Kyren Williams,RB,2,RB,True,27.700000000000003
2023,4,1,4372019,Jerome Ford,RB,23,FLEX,True,9.5
2023,4,1,4372066,Jake Moody,K,17,K,True,5.0
2023,4,1,4248528,Christian Watson,WR,20,BE,False,10.5
2023,4,1,4426388,Jameson Williams,WR,20,BE,False,0.0
2023,4,1,4366031,Tank Dell,WR,4,WR,True,3.9
2023,4,1,-16033,Ravens D/ST,D/ST,16,D/ST,True,18.0
2023,4,8,3117251,Christian McCaffrey,RB,2,RB,True,48.7
2023,4,8,4239996,Travis Etienne Jr.,RB,2,RB,True,10.2
2023,4,8,4241389,CeeDee Lamb,WR,4,WR,True,14.799999999999999
2023,4,8,4361370,Chris Olave,WR,4,WR,True,1.4
2023,4,8,4241372,Marquise Brown,WR,23,FLEX,True,16.6
2023,4,8,16731,Brandin Cooks,WR,20,BE,False,6.7
2023,4,8,4429205,Jordan Addison,WR,23,FLEX,True,0.0
2023,4,8,2573401,Tyler Higbee,TE,20,BE,False,11.4
2023,4,8,3051909,Daniel Carlson,K,17,K,True,5.0
2023,4,8,-16017,Patriots D/ST,D/ST,16,D/ST,True,3.0
2023,4,8,3051926,Gus Edwards,RB,20,BE,False,6.9
2023,4,8,4371733,Kenneth Gainwell,RB,20,BE,False,6.1000000000000005
2023,4,8,15835,Zach Ertz,TE,6,TE,True,11.3
2023,4,8,3052587,Baker Mayfield,QB,20,BE,False,28.939999999999998
2023,4,8,4240703,Kenny Pickett,QB,0,QB,True,3.460000000000001
2023,4,8,4569987,Jaylen Warren,RB,20,BE,False,11.5
2023,4,6,3068267,Austin Ekeler,RB,20,BE,False,0.0
2023,4,6,4374302,Amon-Ra St. Brown,WR,4,WR,True,16.6
2023,4,6,4372016,Jaylen Waddle,WR,4,WR,True,8.600000000000001
2023,4,6,3054850,Alvin Kamara,RB,23,FLEX,True,21.400000000000002
2023,4,6,3116593,Dalvin Cook,RB,20,BE,False,2.8000000000000003
2023,4,6,4243537,Gabe Davis,WR,20,BE,False,15.100000000000001
2023,4,6,2576414,Raheem Mostert,RB,2,RB,True,5.5
2023,4,6,-16015,Dolphins D/ST,D/ST,20,BE,False,-5.0
2023,4,6,3055899,Harrison Butker,K,17,K,True,11.0
2023,4,6,3046779,Jared Goff,QB,0,QB,True,13.4
2023,4,6,3059722,Zay Jones,WR,20,BE,False,0.0
2023,4,6,3122976,Jeff Wilson Jr.,RB,21,IR,False,0.0
2023,4,6,4241464,Mac Jones,QB,20,BE,False,0.7000000000000002
2023,4,6,4035676,Zack Moss,RB,2,RB,True,9.0
2023,4,6,4360797,Tutu Atwell,WR,23,FLEX,True,7.4
2023,4,6,3046439,Hunter Henry,TE,6,TE,True,9.100000000000001
2023,4,6,-16026,Seahawks D/ST,D/ST,16,D/ST,True,29.0
2023,4,7,4262921,Justin Jefferson,WR,4,WR,True,26.5
2023,4,7,3128720,Nick Chubb,RB,21,IR,False,0.0
2023,4,7,4360438,Brandon Aiyuk,WR,23,FLEX,True,20.8
2023,4,7,4360238,Dameon Pierce,RB,2,RB,True,11.8
2023,4,7,4360310,Trevor Lawrence,QB,0,QB,True,18.48
2023,4,7,3121023,Dallas Goedert,TE,6,TE,True,4.5
2023,4,7,2576925,Darren Waller,TE,20,BE,False,5.1
2023,4,7,2976316,Michael Thomas,WR,4,WR,True,9.3
2023,4,7,3045144,Tyler Boyd,WR,20,BE,False,6.6
2023,4,7,-16021,Eagles D/ST,D/ST,16,D/ST,True,4.0
2023,4,7,16760,Jimmy Garoppolo,QB,20,BE,False,0.0
2023,4,7,10621,Nick Folk,K,17,K,True,11.0
2023,4,7,3045523,Kendrick Bourne,WR,20,BE,False,5.6
2023,4,7,4429160,De'Von Achane,RB,2,RB,True,27.0
2023,4,7,4242433,Joshua Palmer,WR,23,FLEX,True,10.7
2023,4,7,4242214,Clyde Edwards-Helaire,RB,20,BE,False,2.3000000000000003
2023,5,9,3116406,Tyreek Hill,WR,4,WR,True,35.1
2023,5,9,3918298,Josh Allen,QB,20,BE,False,31.759999999999998
2023,5,9,4239993,Tee Higgins,WR,20,BE,False,0.0
2023,5,9,3116365,Mark Andrews,TE,23,FLEX,True,12.5
2023,5,9,-16025,49ers D/ST,D/ST,16,D/ST,True,19.0
2023,5,9,4035538,David Montgomery,RB,2,RB,True,21.9
2023,5,9,4360294,Antonio Gibson,RB,20,BE,False,10.4
2023,5,9,4259545,D'Andre Swift,RB,23,FLEX,True,16.8
2023,5,9,4241474,Brian Robinson Jr.,RB,2,RB,True,8.3
2023,5,9,4360234,Evan McPherson,K,17,K,True,12.0
2023,5,9,4361741,Brock Purdy,QB,0,QB,True,34.08
2023,5,9,-16005,Browns D/ST,D/ST,20,BE,False,0.0
2023,5,9,3135321,Hunter Renfrow,WR,4,WR,True,1.7000000000000002
2023,5,9,3918639,Gerald Everett,TE,20,BE,False,0.0
2023,5,9,4362081,Cameron Dicker,K,20,BE,False,0.0
2023,5,9,3117256,Dalton Schultz,TE,6,TE,True,19.5
2023,5,2,3116385,Joe Mixon,RB,2,RB,True,13.4
2023,5,2,4047646,A.J. Brown,WR,4,WR,True,18.700000000000003
2023,5,2,4040715,Jalen Hurts,QB,0,QB,True,29.32
2023,5,2,2577417,Dak Prescott,QB,20,BE,False,6.32
2023,5,2,-16002,Bills D/ST,D/ST,16,D/ST,True,5.0
2023,5,2,4430878,Jaxon Smith-Njigba,WR,20,BE,False,0.0
2023,5,2,3917232,Tyler Bass,K,17,K,True,2.0
2023,5,2,3139925,Rashaad Penny,RB,20,BE,False,0.0
2023,5,2,3128429,Courtland Sutton,WR,4,WR,True,2.3
2023,5,2,4258595,Cole Kmet,TE,6,TE,True,15.2
2023,5,2,4239934,AJ Dillon,RB,2,RB,True,13.600000000000001
2023,5,2,-16018,Saints D/ST,D/ST,20,BE,False,23.0
2023,5,2,4360635,Chigoziem Okonkwo,TE,23,FLEX,True,8.3
2023,5,2,12460,Graham Gano,K,20,BE,False,12.0
2023,5,2,16460,Adam Thielen,WR,23,FLEX,True,27.700000000000003
2023,5,2,4240600,Kadarius Toney,WR,20,BE,False,7.699999999999999
2023,5,5,16800,Davante Adams,WR,4,WR,True,8.5
2023,5,5,4430807,Bijan Robinson,RB,2,RB,True,11.8
2023,5,5,3929630,Saquon Barkley,RB,20,BE,False,0.0
2023,5,5,3116165,Chris Godwin,WR,20,BE,False,0.0
2023,5,5,4697815,Rachaad White,RB,20,BE,False,0.0
2023,5,5,3915416,DJ Moore,WR,4,WR,True,54.0
2023,5,5,4361411,Pat Freiermuth,TE,20,BE,False,0.0
2023,5,5,4429084,Anthony Richardson,QB,0,QB,True,4.42
2023,5,5,4426386,Roschon Johnson,RB,20,BE,False,1.9000000000000001
2023,5,5,3925347,Damien Harris,RB,23,FLEX,True,1.3
2023,5,5,4243371,Riley Patterson,K,17,K,True,6.0
2023,5,5,4036378,Jordan Love,QB,20,BE,False,4.98
2023,5,5,4361432,Romeo Doubs,WR,23,FLEX,True,1.4
2023,5,5,-16016,Vikings D/ST,D/ST,16,D/ST,True,2.0
2023,5,5,3915486,Tyler Conklin,TE,6,TE,True,10.7
2023,5,5,3049916,Matt Breida,RB,2,RB,True,3.4000000000000004
2023,5,11,4047650,DK Metcalf,WR,20,BE,False,0.0
2023,5,11,4047365,Josh Jacobs,RB,2,RB,True,19.9
2023,5,11,3126486,Deebo Samuel,WR,4,WR,True,11.5
2023,5,11,4038941,Justin Herbert,QB,20,BE,False,0.0
2023,5,11,4379399,James Cook,RB,2,RB,True,5.1
2023,5,11,4567048,Kenneth Walker III,RB,20,BE,False,0.0
2023,5,11,2577327,Tyler Lockett,WR,20,BE,False,0.0
2023,5,11,15864,Geno Smith,QB,20,BE,False,0.0
2023,5,11,4035687,Michael Pittman Jr.,WR,4,WR,True,10.2
2023,5,11,14880,Kirk Cousins,QB,0,QB,True,23.86
2023,5,11,3051876,Evan Engram,TE,6,TE,True,6.800000000000001
2023,5,11,4428085,Luke Musgrave,TE,20,BE,False,9.4
2023,5,11,4722893,Jaleel McLaughlin,RB,23,FLEX,True,17.900000000000002
2023,5,11,4360761,Michael Wilson,WR,23,FLEX,True,2.8
2023,5,11,3124679,Jason Sanders,K,17,K,True,8.0
2023,5,11,-16020,Jets D/ST,D/ST,16,D/ST,True,18.0
2023,5,12,4362628,Ja'Marr Chase,WR,4,WR,True,55.2
2023,5,12,3916148,Tony Pollard,RB,2,RB,True,8.4
2023,5,12,3925357,Calvin Ridley,WR,4,WR,True,20.6
2023,5,12,4048244,Alexander Mattison,RB,2,RB,True,12.6
2023,5,12,4242335,Jonathan Taylor,RB,23,FLEX,True,4.4
2023,5,12,3122840,Deshaun Watson,QB,20,BE,False,0.0
2023,5,12,4241463,Jerry Jeudy,WR,20,BE,False,11.0
2023,5,12,4429025,Quentin Johnston,WR,20,BE,False,0.0
2023,5,12,4372414,Elijah Moore,WR,20,BE,False,0.0
2023,5,12,4430027,Sam LaPorta,TE,6,TE,True,19.7
2023,5,12,4258173,Nico Collins,WR,23,FLEX,True,6.9
2023,5,12,-16027,Buccaneers D/ST,D/ST,20,BE,False,0.0
2023,5,12,3059915,Kareem Hunt,RB,20,BE,False,0.0
2023,5,12,3953687,Brandon Aubrey,K,17,K,True,6.0
2023,5,12,4432577,C.J. Stroud,QB,0,QB,True,16.16
2023,5,12,-16034,Texans D/ST,D/ST,16,D/ST,True,2.0
2023,5,4,3043078,Derrick Henry,RB,2,RB,True,9.2
2023,5,4,3916387,Lamar Jackson,QB,20,BE,False,9.94
2023,5,4,2976499,Amari Cooper,WR,20,BE,False,0.0
2023,5,4,15795,DeAndre Hopkins,WR,4,WR,True,22.0
2023,5,4,15683,Justin Tucker,K,17,K,True,4.0
2023,5,4,3045147,James Conner,RB,2,RB,True,4.6000000000000005
2023,5,4,16737,Mike Evans,WR,20,BE,False,0.0
2023,5,4,3040151,George Kittle,TE,6,TE,True,27.7
2023,5,4,4361529,Isiah Pacheco,RB,23,FLEX,True,13.4
2023,5,4,2980453,Jamaal Williams,RB,21,IR,False,0.0
2023,5,4,4426354,George Pickens,WR,4,WR,True,27.6
2023,5,4,4241479,Tua Tagovailoa,QB,0,QB,True,23.92
2023,5,4,16782,Jerick McKinnon,RB,20,BE,False,4.5
2023,5,4,4036348,Michael Gallup,WR,20,BE,False,3.5
2023,5,4,-16006,Cowboys D/ST,D/ST,16,D/ST,True,-2.0
2023,5,4,4241416,Chuba Hubbard,RB,20,BE,False,4.5
2023,5,4,15880,Robert Woods,WR,23,FLEX,True,6.0
2023,5,3,2976212,Stefon Diggs,WR,4,WR,True,24.1
2023,5,3,4569618,Garrett Wilson,WR,4,WR,True,8.4
2023,5,3,3042519,Aaron Jones,RB,2,RB,True,0.0
2023,5,3,4241478,DeVonta Smith,WR,23,FLEX,True,1.6
2023,5,3,4362887,Justin Fields,QB,20,BE,False,43.980000000000004
2023,5,3,4360248,Kyle Pitts,TE,6,TE,True,15.700000000000001
2023,5,3,4045163,Miles Sanders,RB,2,RB,True,1.2000000000000002
2023,5,3,3121422,Terry McLaurin,WR,20,BE,False,8.9
2023,5,3,3895856,Christian Kirk,WR,23,FLEX,True,14.4
2023,5,3,3916433,Jakobi Meyers,WR,20,BE,False,20.5
2023,5,3,3116389,Samaje Perine,RB,20,BE,False,11.5
2023,5,3,14881,Russell Wilson,QB,0,QB,True,22.740000000000002
2023,5,3,4040761,Devin Singletary,RB,20,BE,False,0.0
2023,5,3,4373626,Tyler Allgeier,RB,20,BE,False,6.0
2023,5,3,3049899,Younghoe Koo,K,17,K,True,7.0
2023,5,3,-16029,Panthers D/ST,D/ST,16,D/ST,True,-1.0
2023,5,1,15847,Travis Kelce,TE,6,TE,True,22.7
2023,5,1,3139477,Patrick Mahomes,QB,0,QB,True,23.240000000000002
2023,5,1,4429795,Jahmyr Gibbs,RB,20,BE,False,0.0
2023,5,1,3917792,Daniel Jones,QB,20,BE,False,7.16
2023,5,1,4567156,Treylon Burks,WR,20,BE,False,0.0
2023,5,1,3051392,Ezekiel Elliott,RB,20,BE,False,7.8
2023,5,1,3916566,K.J. Osborn,WR,20,BE,False,9.9
2023,5,1,3121427,Curtis Samuel,WR,4,WR,True,18.5
2023,5,1,4430737,Kyren Williams,RB,2,RB,True,7.700000000000001
2023,5,1,4372019,Jerome Ford,RB,20,BE,False,0.0
2023,5,1,4372066,Jake Moody,K,17,K,True,6.0
2023,5,1,4248528,Christian Watson,WR,23,FLEX,True,11.6
2023,5,1,4426388,Jameson Williams,WR,23,FLEX,True,2.2
2023,5,1,4366031,Tank Dell,WR,4,WR,True,8.3
2023,5,1,-16033,Ravens D/ST,D/ST,16,D/ST,True,8.0
2023,5,1,15920,Latavius Murray,RB,2,RB,True,1.7000000000000002
2023,5,10,2977187,Cooper Kupp,WR,21,IR,False,19.8
2023,5,10,4241457,Najee Harris,RB,2,RB,True,5.0
2023,5,10,4569173,Rhamondre Stevenson,RB,2,RB,True,2.4000000000000004
2023,5,10,15818,Keenan Allen,WR,20,BE,False,0.0
2023,5,10,3915511,Joe Burrow,QB,0,QB,True,32.379999999999995
2023,5,10,3932905,Diontae Johnson,WR,21,IR,False,0.0
2023,5,10,4036133,T.J. Hockenson,TE,6,TE,True,10.100000000000001
2023,5,10,4427366,Breece Hall,RB,23,FLEX,True,31.4
2023,5,10,4240021,Cam Akers,RB,20,BE,False,3.8
2023,5,10,4426502,Drake London,WR,23,FLEX,True,14.68
2023,5,10,4035886,Khalil Herbert,RB,20,BE,False,7.6000000000000005
2023,5,10,4429615,Zay Flowers,WR,4,WR,True,12.3
2023,5,10,3115394,DJ Chark Jr.,WR,20,BE,False,13.2
2023,5,10,4426385,Zach Charbonnet,RB,20,BE,False,0.0
2023,5,10,-16009,Packers D/ST,D/ST,16,D/ST,True,11.0
2023,5,10,3050478,Jake Elliott,K,17,K,True,11.0
2023,5,10,4426515,Puka Nacua,WR,4,WR,True,20.1
2023,5,10,4038524,Gardner Minshew,QB,20,BE,False,6.3
2023,5,6,3068267,Austin Ekeler,RB,20,BE,False,0.0
2023,5,6,4374302,Amon-Ra St. Brown,WR,20,BE,False,0.0
2023,5,6,4372016,Jaylen Waddle,WR,4,WR,True,14.5
2023,5,6,3054850,Alvin Kamara,RB,2,RB,True,18.7
2023,5,6,3116593,Dalvin Cook,RB,20,BE,False,2.3000000000000003
2023,5,6,4243537,Gabe Davis,WR,4,WR,True,22.0
2023,5,6,2576414,Raheem Mostert,RB,2,RB,True,15.8
2023,5,6,-16015,Dolphins D/ST,D/ST,16,D/ST,True,12.0
2023,5,6,3055899,Harrison Butker,K,17,K,True,10.0
2023,5,6,3046779,Jared Goff,QB,0,QB,True,33.44
2023,5,6,3059722,Zay Jones,WR,20,BE,False,11.3
2023,5,6,3122976,Jeff Wilson Jr.,RB,21,IR,False,0.0
2023,5,6,4241464,Mac Jones,QB,20,BE,False,-1.5999999999999996
2023,5,6,4035676,Zack Moss,RB,20,BE,False,36.5
2023,5,6,4360797,Tutu Atwell,WR,23,FLEX,True,8.9
2023,5,6,4242355,Jake Ferguson,TE,6,TE,True,5.800000000000001
2023,5,6,4362249,Jayden Reed,WR,23,FLEX,True,1.7000000000000002
2023,5,8,3117251,Christian McCaffrey,RB,2,RB,True,13.8
2023,5,8,4239996,Travis Etienne Jr.,RB,2,RB,True,36.400000000000006
2023,5,8,4241389,CeeDee Lamb,WR,4,WR,True,8.9
2023,5,8,4361370,Chris Olave,WR,4,WR,True,9.2
2023,5,8,4241372,Marquise Brown,WR,23,FLEX,True,16.1
2023,5,8,16731,Brandin Cooks,WR,20,BE,False,2.3000000000000003
2023,5,8,4429205,Jordan Addison,WR,20,BE,False,18.4
2023,5,8,2573401,Tyler Higbee,TE,20,BE,False,4.0
2023,5,8,3051909,Daniel Carlson,K,17,K,True,3.0
2023,5,8,-16017,Patriots D/ST,D/ST,16,D/ST,True,1.0
2023,5,8,3051926,Gus Edwards,RB,20,BE,False,4.800000000000001
2023,5,8,4371733,Kenneth Gainwell,RB,20,BE,False,3.4000000000000004
2023,5,8,15835,Zach Ertz,TE,6,TE,True,9.0
2023,5,8,3052587,Baker Mayfield,QB,20,BE,False,0.0
2023,5,8,4569987,Jaylen Warren,RB,23,FLEX,True,10.9
2023,5,8,3044720,Joshua Dobbs,QB,0,QB,True,12.740000000000002
2023,5,7,4262921,Justin Jefferson,WR,4,WR,True,5.800000000000001
2023,5,7,3128720,Nick Chubb,RB,21,IR,False,0.0
2023,5,7,4360438,Brandon Aiyuk,WR,23,FLEX,True,9.8
2023,5,7,4360238,Dameon Pierce,RB,2,RB,True,9.200000000000001
2023,5,7,4360310,Trevor Lawrence,QB,0,QB,True,17.7
2023,5,7,3121023,Dallas Goedert,TE,6,TE,True,25.700000000000003
2023,5,7,2576925,Darren Waller,TE,20,BE,False,16.6
2023,5,7,2976316,Michael Thomas,WR,4,WR,True,10.5
2023,5,7,3045144,Tyler Boyd,WR,23,FLEX,True,9.9
2023,5,7,-16021,Eagles D/ST,D/ST,16,D/ST,True,7.0
2023,5,7,16760,Jimmy Garoppolo,QB,20,BE,False,12.72
2023,5,7,10621,Nick Folk,K,17,K,True,12.0
2023,5,7,3045523,Kendrick Bourne,WR,20,BE,False,6.3
2023,5,7,4429160,De'Von Achane,RB,2,RB,True,24.5
2023,5,7,4242433,Joshua Palmer,WR,20,BE,False,0.0
2023,5,7,4242214,Clyde Edwards-Helaire,RB,20,BE,False,0.4
2023,6,2,3116385,Joe Mixon,RB,2,RB,True,9.200000000000001
2023,6,2,4047646,A.J. Brown,WR,4,WR,True,20.1
2023,6,2,4040715,Jalen Hurts,QB,0,QB,True,21.9
2023,6,2,2577417,Dak Prescott,QB,20,BE,False,26.880000000000003
2023,6,2,-16002,Bills D/ST,D/ST,16,D/ST,True,6.0
2023,6,2,3917232,Tyler Bass,K,17,K,True,0.0
2023,6,2,3139925,Rashaad Penny,RB,20,BE,False,0.0
2023,6,2,3128429,Courtland Sutton,WR,4,WR,True,14.600000000000001
2023,6,2,4258595,Cole Kmet,TE,6,TE,True,2.9
2023,6,2,4239934,AJ Dillon,RB,20,BE,False,0.0
2023,6,2,-16018,Saints D/ST,D/ST,20,BE,False,6.0
2023,6,2,4360635,Chigoziem Okonkwo,TE,23,FLEX,True,3.8
2023,6,2,12460,Graham Gano,K,20,BE,False,10.0
2023,6,2,16460,Adam Thielen,WR,23,FLEX,True,28.5
2023,6,2,4240600,Kadarius Toney,WR,20,BE,False,9.4
2023,6,2,4428557,Tyjae Spears,RB,2,RB,True,7.300000000000001
2023,6,11,4047650,DK Metcalf,WR,20,BE,False,10.9
2023,6,11,4047365,Josh Jacobs,RB,2,RB,True,11.299999999999999
2023,6,11,3126486,Deebo Samuel,WR,4,WR,True,1.1
2023,6,11,4038941,Justin Herbert,QB,20,BE,False,23.08
2023,6,11,4379399,James Cook,RB,23,FLEX,True,7.1000000000000005
2023,6,11,4567048,Kenneth Walker III,RB,2,RB,True,17.9
2023,6,11,2577327,Tyler Lockett,WR,4,WR,True,15.4
2023,6,11,15864,Geno Smith,QB,20,BE,False,11.040000000000001
2023,6,11,4035687,Michael Pittman Jr.,WR,23,FLEX,True,19.9
2023,6,11,14880,Kirk Cousins,QB,0,QB,True,10.74
2023,6,11,3051876,Evan Engram,TE,6,TE,True,11.100000000000001
2023,6,11,4428085,Luke Musgrave,TE,20,BE,False,0.0
2023,6,11,4722893,Jaleel McLaughlin,RB,20,BE,False,6.2
2023,6,11,4360761,Michael Wilson,WR,20,BE,False,9.2
2023,6,11,-16012,Chiefs D/ST,D/ST,16,D/ST,True,17.0
2023,6,11,2473037,Jason Myers,K,17,K,True,9.0
2023,6,4,3043078,Derrick Henry,RB,2,RB,True,19.300000000000004
2023,6,4,3916387,Lamar Jackson,QB,20,BE,False,19.12
2023,6,4,2976499,Amari Cooper,WR,23,FLEX,True,14.8
2023,6,4,15795,DeAndre Hopkins,WR,4,WR,True,3.0
2023,6,4,15683,Justin Tucker,K,17,K,True,18.0
2023,6,4,3045147,James Conner,RB,21,IR,False,0.0
2023,6,4,16737,Mike Evans,WR,4,WR,True,8.9
2023,6,4,3040151,George Kittle,TE,6,TE,True,1.1
2023,6,4,4361529,Isiah Pacheco,RB,2,RB,True,15.799999999999999
2023,6,4,2980453,Jamaal Williams,RB,21,IR,False,0.0
2023,6,4,4426354,George Pickens,WR,20,BE,False,0.0
2023,6,4,4241479,Tua Tagovailoa,QB,0,QB,True,29.48
2023,6,4,16782,Jerick McKinnon,RB,20,BE,False,5.0
2023,6,4,4036348,Michael Gallup,WR,20,BE,False,5.4
2023,6,4,-16006,Cowboys D/ST,D/ST,20,BE,False,6.0
2023,6,4,4241416,Chuba Hubbard,RB,23,FLEX,True,16.0
2023,6,4,15880,Robert Woods,WR,20,BE,False,7.6
2023,6,4,-16013,Raiders D/ST,D/ST,16,D/ST,True,11.0
2023,6,9,3116406,Tyreek Hill,WR,4,WR,True,29.3
2023,6,9,3918298,Josh Allen,QB,20,BE,False,17.86
2023,6,9,4239993,Tee Higgins,WR,4,WR,True,4.0
2023,6,9,3116365,Mark Andrews,TE,23,FLEX,True,10.9
2023,6,9,-16025,49ers D/ST,D/ST,16,D/ST,True,6.0
2023,6,9,4035538,David Montgomery,RB,2,RB,True,4.300000000000001
2023,6,9,4360294,Antonio Gibson,RB,20,BE,False,8.6
2023,6,9,4259545,D'Andre Swift,RB,23,FLEX,True,17.8
2023,6,9,4241474,Brian Robinson Jr.,RB,2,RB,True,13.6
2023,6,9,4360234,Evan McPherson,K,17,K,True,7.0
2023,6,9,4361741,Brock Purdy,QB,0,QB,True,9.7
2023,6,9,-16005,Browns D/ST,D/ST,20,BE,False,8.0
2023,6,9,3135321,Hunter Renfrow,WR,20,BE,False,0.0
2023,6,9,3918639,Gerald Everett,TE,20,BE,False,10.799999999999999
2023,6,9,4362081,Cameron Dicker,K,20,BE,False,5.0
2023,6,9,3117256,Dalton Schultz,TE,6,TE,True,16.1
2023,6,1,15847,Travis Kelce,TE,6,TE,True,21.4
2023,6,1,3139477,Patrick Mahomes,QB,0,QB,True,19.34
2023,6,1,4429795,Jahmyr Gibbs,RB,20,BE,False,0.0
2023,6,1,4567156,Treylon Burks,WR,20,BE,False,0.0
2023,6,1,3051392,Ezekiel Elliott,RB,20,BE,False,11.9
2023,6,1,3916566,K.J. Osborn,WR,4,WR,True,8.8
2023,6,1,3121427,Curtis Samuel,WR,4,WR,True,14.2
2023,6,1,4430737,Kyren Williams,RB,2,RB,True,21.8
2023,6,1,4372019,Jerome Ford,RB,2,RB,True,11.1
2023,6,1,4372066,Jake Moody,K,17,K,True,3.0
2023,6,1,4248528,Christian Watson,WR,20,BE,False,0.0
2023,6,1,4426388,Jameson Williams,WR,20,BE,False,14.3
2023,6,1,4366031,Tank Dell,WR,20,BE,False,0.0
2023,6,1,-16033,Ravens D/ST,D/ST,16,D/ST,True,13.0
2023,6,1,4361579,Javonte Williams,RB,23,FLEX,True,7.2
2023,6,1,3125116,D'Onta Foreman,RB,23,FLEX,True,7.7
2023,6,5,16800,Davante Adams,WR,4,WR,True,4.9
2023,6,5,4430807,Bijan Robinson,RB,2,RB,True,13.0
2023,6,5,3929630,Saquon Barkley,RB,20,BE,False,13.8
2023,6,5,3116165,Chris Godwin,WR,23,FLEX,True,13.7
2023,6,5,4697815,Rachaad White,RB,2,RB,True,6.8
2023,6,5,3915416,DJ Moore,WR,4,WR,True,10.100000000000001
2023,6,5,4426386,Roschon Johnson,RB,20,BE,False,0.0
2023,6,5,3925347,Damien Harris,RB,20,BE,False,0.1
2023,6,5,4243371,Riley Patterson,K,17,K,True,7.0
2023,6,5,4036378,Jordan Love,QB,20,BE,False,0.0
2023,6,5,4361432,Romeo Doubs,WR,20,BE,False,0.0
2023,6,5,3915486,Tyler Conklin,TE,6,TE,True,5.4
2023,6,5,12483,Matthew Stafford,QB,0,QB,True,15.24
2023,6,5,4688813,Josh Downs,WR,23,FLEX,True,13.1
2023,6,5,4243331,Cade Otton,TE,20,BE,False,2.5
2023,6,5,-16008,Lions D/ST,D/ST,16,D/ST,True,9.0
2023,6,6,3068267,Austin Ekeler,RB,23,FLEX,True,10.2
2023,6,6,4374302,Amon-Ra St. Brown,WR,23,FLEX,True,30.4
2023,6,6,4372016,Jaylen Waddle,WR,4,WR,True,18.1
2023,6,6,3054850,Alvin Kamara,RB,2,RB,True,17.400000000000002
2023,6,6,4243537,Gabe Davis,WR,4,WR,True,3.1
2023,6,6,2576414,Raheem Mostert,RB,2,RB,True,34.2
2023,6,6,-16015,Dolphins D/ST,D/ST,16,D/ST,True,7.0
2023,6,6,3055899,Harrison Butker,K,17,K,True,18.0
2023,6,6,3046779,Jared Goff,QB,0,QB,True,27.42
2023,6,6,3059722,Zay Jones,WR,20,BE,False,0.0
2023,6,6,3122976,Jeff Wilson Jr.,RB,20,BE,False,0.0
2023,6,6,4035676,Zack Moss,RB,20,BE,False,17.9
2023,6,6,4360797,Tutu Atwell,WR,20,BE,False,4.0
2023,6,6,4362249,Jayden Reed,WR,20,BE,False,0.0
2023,6,6,4426875,Sam Howell,QB,20,BE,False,24.34
2023,6,6,16813,Logan Thomas,TE,6,TE,True,1.2
2023,6,12,4362628,Ja'Marr Chase,WR,4,WR,True,14.0
2023,6,12,3916148,Tony Pollard,RB,2,RB,True,17.0
2023,6,12,3925357,Calvin Ridley,WR,4,WR,True,6.6
2023,6,12,4048244,Alexander Mattison,RB,2,RB,True,11.200000000000001
2023,6,12,4242335,Jonathan Taylor,RB,23,FLEX,True,11.5
2023,6,12,3122840,Deshaun Watson,QB,20,BE,False,0.0
2023,6,12,4241463,Jerry Jeudy,WR,20,BE,False,4.4
2023,6,12,4429025,Quentin Johnston,WR,20,BE,False,0.0
2023,6,12,4372414,Elijah Moore,WR,20,BE,False,6.7
2023,6,12,4430027,Sam LaPorta,TE,6,TE,True,7.6
2023,6,12,4258173,Nico Collins,WR,23,FLEX,True,12.0
2023,6,12,-16027,Buccaneers D/ST,D/ST,20,BE,False,3.0
2023,6,12,3059915,Kareem Hunt,RB,20,BE,False,16.1
2023,6,12,3953687,Brandon Aubrey,K,17,K,True,8.0
2023,6,12,4432577,C.J. Stroud,QB,0,QB,True,18.16
2023,6,12,-16034,Texans D/ST,D/ST,16,D/ST,True,5.0
2023,6,7,4262921,Justin Jefferson,WR,21,IR,False,0.0
2023,6,7,3128720,Nick Chubb,RB,21,IR,False,0.0
2023,6,7,4360438,Brandon Aiyuk,WR,4,WR,True,11.600000000000001
2023,6,7,4360238,Dameon Pierce,RB,2,RB,True,3.4000000000000004
2023,6,7,4360310,Trevor Lawrence,QB,0,QB,True,18.740000000000002
2023,6,7,3121023,Dallas Goedert,TE,6,TE,True,9.2
2023,6,7,2576925,Darren Waller,TE,20,BE,False,9.3
2023,6,7,2976316,Michael Thomas,WR,4,WR,True,9.5
2023,6,7,3045144,Tyler Boyd,WR,23,FLEX,True,16.8
2023,6,7,-16021,Eagles D/ST,D/ST,16,D/ST,True,7.0
2023,6,7,16760,Jimmy Garoppolo,QB,20,BE,False,10.88
2023,6,7,10621,Nick Folk,K,17,K,True,10.0
2023,6,7,4429160,De'Von Achane,RB,20,BE,False,0.0
2023,6,7,4242433,Joshua Palmer,WR,23,FLEX,True,10.0
2023,6,7,4362478,Emari Demercado,RB,2,RB,True,2.7
2023,6,7,4038441,Justice Hill,RB,20,BE,False,6.5
2023,6,7,3115306,Josh Reynolds,WR,20,BE,False,8.0
2023,6,7,4428331,Rashee Rice,WR,20,BE,False,11.2
2023,6,3,2976212,Stefon Diggs,WR,4,WR,True,20.0
2023,6,3,4569618,Garrett Wilson,WR,4,WR,True,17.0
2023,6,3,3042519,Aaron Jones,RB,20,BE,False,0.0
2023,6,3,4241478,DeVonta Smith,WR,23,FLEX,True,9.4
2023,6,3,4362887,Justin Fields,QB,20,BE,False,4.92
2023,6,3,4360248,Kyle Pitts,TE,6,TE,True,14.3
2023,6,3,4045163,Miles Sanders,RB,20,BE,False,0.0
2023,6,3,3121422,Terry McLaurin,WR,20,BE,False,14.1
2023,6,3,3895856,Christian Kirk,WR,23,FLEX,True,13.9
2023,6,3,3916433,Jakobi Meyers,WR,20,BE,False,17.1
2023,6,3,3116389,Samaje Perine,RB,20,BE,False,1.6
2023,6,3,14881,Russell Wilson,QB,0,QB,True,8.9
2023,6,3,4040761,Devin Singletary,RB,2,RB,True,7.200000000000001
2023,6,3,4373626,Tyler Allgeier,RB,2,RB,True,5.1000000000000005
2023,6,3,3049899,Younghoe Koo,K,17,K,True,5.0
2023,6,3,-16014,Rams D/ST,D/ST,16,D/ST,True,9.0
2023,6,8,3117251,Christian McCaffrey,RB,2,RB,True,14.200000000000001
2023,6,8,4239996,Travis Etienne Jr.,RB,2,RB,True,23.3
2023,6,8,4241389,CeeDee Lamb,WR,4,WR,True,18.700000000000003
2023,6,8,4361370,Chris Olave,WR,4,WR,True,16.6
2023,6,8,4241372,Marquise Brown,WR,23,FLEX,True,7.4
2023,6,8,16731,Brandin Cooks,WR,20,BE,False,15.0
2023,6,8,4429205,Jordan Addison,WR,23,FLEX,True,11.8
2023,6,8,2573401,Tyler Higbee,TE,20,BE,False,3.8
2023,6,8,3051909,Daniel Carlson,K,17,K,True,13.0
2023,6,8,-16017,Patriots D/ST,D/ST,16,D/ST,True,2.0
2023,6,8,3051926,Gus Edwards,RB,20,BE,False,6.300000000000001
2023,6,8,4371733,Kenneth Gainwell,RB,20,BE,False,2.6999999999999997
2023,6,8,15835,Zach Ertz,TE,6,TE,True,4.2
2023,6,8,3052587,Baker Mayfield,QB,0,QB,True,6.84
2023,6,8,4569987,Jaylen Warren,RB,20,BE,False,0.0
2023,6,8,3044720,Joshua Dobbs,QB,20,BE,False,10.100000000000001
2023,6,10,2977187,Cooper Kupp,WR,4,WR,True,27.8
2023,6,10,4241457,Najee Harris,RB,20,BE,False,0.0
2023,6,10,4569173,Rhamondre Stevenson,RB,2,RB,True,18.0
2023,6,10,15818,Keenan Allen,WR,4,WR,True,21.5
2023,6,10,3915511,Joe Burrow,QB,0,QB,True,17.8
2023,6,10,3932905,Diontae Johnson,WR,21,IR,False,0.0
2023,6,10,4036133,T.J. Hockenson,TE,6,TE,True,11.0
2023,6,10,4427366,Breece Hall,RB,2,RB,True,20.3
2023,6,10,4240021,Cam Akers,RB,20,BE,False,2.5
2023,6,10,4426502,Drake London,WR,20,BE,False,21.5
2023,6,10,4035886,Khalil Herbert,RB,21,IR,False,0.0
2023,6,10,4429615,Zay Flowers,WR,23,FLEX,True,17.1
2023,6,10,-16009,Packers D/ST,D/ST,20,BE,False,0.0
2023,6,10,3050478,Jake Elliott,K,17,K,True,1.0
2023,6,10,4426515,Puka Nacua,WR,23,FLEX,True,6.6
2023,6,10,4038524,Gardner Minshew,QB,20,BE,False,11.560000000000002
2023,6,10,-16001,Falcons D/ST,D/ST,16,D/ST,True,9.0
2023,7,4,3043078,Derrick Henry,RB,20,BE,False,0.0
2023,7,4,3916387,Lamar Jackson,QB,20,BE,False,39.88
2023,7,4,2976499,Amari Cooper,WR,23,FLEX,True,4.2
2023,7,4,15795,DeAndre Hopkins,WR,20,BE,False,0.0
2023,7,4,15683,Justin Tucker,K,17,K,True,8.0
2023,7,4,3045147,James Conner,RB,21,IR,False,0.0
2023,7,4,16737,Mike Evans,WR,4,WR,True,21.200000000000003
2023,7,4,3040151,George Kittle,TE,6,TE,True,13.0
2023,7,4,4361529,Isiah Pacheco,RB,2,RB,True,16.0
2023,7,4,2980453,Jamaal Williams,RB,21,IR,False,1.4000000000000001
2023,7,4,4426354,George Pickens,WR,4,WR,True,15.700000000000001
2023,7,4,4241479,Tua Tagovailoa,QB,0,QB,True,12.34
2023,7,4,-16006,Cowboys D/ST,D/ST,20,BE,False,0.0
2023,7,4,4241416,Chuba Hubbard,RB,20,BE,False,0.0
2023,7,4,15880,Robert Woods,WR,20,BE,False,0.0
2023,7,4,-16013,Raiders D/ST,D/ST,16,D/ST,True,4.0
2023,7,4,4421446,Craig Reynolds,RB,2,RB,True,3.5
2023,7,4,3045523,Kendrick Bourne,WR,23,FLEX,True,16.3
2023,7,2,3116385,Joe Mixon,RB,20,BE,False,0.0
2023,7,2,4047646,A.J. Brown,WR,4,WR,True,29.700000000000003
2023,7,2,4040715,Jalen Hurts,QB,0,QB,True,27.259999999999998
2023,7,2,2577417,Dak Prescott,QB,20,BE,False,0.0
2023,7,2,-16002,Bills D/ST,D/ST,16,D/ST,True,2.0
2023,7,2,3917232,Tyler Bass,K,17,K,True,4.0
2023,7,2,3128429,Courtland Sutton,WR,4,WR,True,19.6
2023,7,2,4258595,Cole Kmet,TE,6,TE,True,0.0
2023,7,2,4239934,AJ Dillon,RB,2,RB,True,11.500000000000002
2023,7,2,-16018,Saints D/ST,D/ST,20,BE,False,4.0
2023,7,2,4360635,Chigoziem Okonkwo,TE,20,BE,False,0.0
2023,7,2,16460,Adam Thielen,WR,20,BE,False,0.0
2023,7,2,4240600,Kadarius Toney,WR,23,FLEX,True,2.3
2023,7,2,4428557,Tyjae Spears,RB,20,BE,False,0.0
2023,7,2,15920,Latavius Murray,RB,2,RB,True,4.8
2023,7,2,3115255,Brandon Powell,WR,23,FLEX,True,10.9
2023,7,11,4047650,DK Metcalf,WR,23,FLEX,True,0.0
2023,7,11,4047365,Josh Jacobs,RB,2,RB,True,5.1
2023,7,11,3126486,Deebo Samuel,WR,20,BE,False,0.0
2023,7,11,4038941,Justin Herbert,QB,0,QB,True,12.86
2023,7,11,4379399,James Cook,RB,23,FLEX,True,19.200000000000003
2023,7,11,4567048,Kenneth Walker III,RB,2,RB,True,13.1
2023,7,11,2577327,Tyler Lockett,WR,4,WR,True,7.800000000000001
2023,7,11,15864,Geno Smith,QB,20,BE,False,17.759999999999998
2023,7,11,4035687,Michael Pittman Jr.,WR,4,WR,True,19.3
2023,7,11,14880,Kirk Cousins,QB,20,BE,False,28.020000000000003
2023,7,11,3051876,Evan Engram,TE,20,BE,False,9.5
2023,7,11,4428085,Luke Musgrave,TE,6,TE,True,7.0
2023,7,11,4722893,Jaleel McLaughlin,RB,20,BE,False,5.6
2023,7,11,4360761,Michael Wilson,WR,20,BE,False,5.6
2023,7,11,2473037,Jason Myers,K,17,K,True,9.0
2023,7,11,-16028,Commanders D/ST,D/ST,16,D/ST,True,9.0
2023,7,1,15847,Travis Kelce,TE,6,TE,True,35.900000000000006
2023,7,1,3139477,Patrick Mahomes,QB,0,QB,True,44.86
2023,7,1,4429795,Jahmyr Gibbs,RB,2,RB,True,27.6
2023,7,1,3051392,Ezekiel Elliott,RB,20,BE,False,9.1
2023,7,1,3916566,K.J. Osborn,WR,4,WR,True,9.7
2023,7,1,3121427,Curtis Samuel,WR,4,WR,True,6.5
2023,7,1,4430737,Kyren Williams,RB,21,IR,False,0.0
2023,7,1,4372019,Jerome Ford,RB,2,RB,True,20.4
2023,7,1,4372066,Jake Moody,K,17,K,True,6.0
2023,7,1,4248528,Christian Watson,WR,23,FLEX,True,5.7
2023,7,1,4426388,Jameson Williams,WR,20,BE,False,0.0
2023,7,1,4366031,Tank Dell,WR,20,BE,False,0.0
2023,7,1,-16033,Ravens D/ST,D/ST,20,BE,False,11.0
2023,7,1,4361579,Javonte Williams,RB,23,FLEX,True,12.600000000000001
2023,7,1,-16023,Steelers D/ST,D/ST,16,D/ST,True,5.0
2023,7,1,4241555,Elijah Mitchell,RB,20,BE,False,-0.1
2023,7,1,4362087,Keaontay Ingram,RB,20,BE,False,0.0
2023,7,9,3116406,Tyreek Hill,WR,4,WR,True,25.8
2023,7,9,3918298,Josh Allen,QB,0,QB,True,28.3
2023,7,9,4239993,Tee Higgins,WR,20,BE,False,0.0
2023,7,9,3116365,Mark Andrews,TE,23,FLEX,True,22.3
2023,7,9,-16025,49ers D/ST,D/ST,20,BE,False,-2.0
2023,7,9,4035538,David Montgomery,RB,20,BE,False,0.0
2023,7,9,4360294,Antonio Gibson,RB,2,RB,True,5.1000000000000005
2023,7,9,4259545,D'Andre Swift,RB,23,FLEX,True,10.5
2023,7,9,4241474,Brian Robinson Jr.,RB,2,RB,True,8.3
2023,7,9,4360234,Evan McPherson,K,20,BE,False,0.0
2023,7,9,4361741,Brock Purdy,QB,20,BE,False,14.780000000000001
2023,7,9,-16005,Browns D/ST,D/ST,16,D/ST,True,13.0
2023,7,9,3135321,Hunter Renfrow,WR,4,WR,True,3.4000000000000004
2023,7,9,3918639,Gerald Everett,TE,6,TE,True,11.6
2023,7,9,4362081,Cameron Dicker,K,17,K,True,7.0
2023,7,9,3117256,Dalton Schultz,TE,20,BE,False,0.0
2023,7,6,3068267,Austin Ekeler,RB,23,FLEX,True,5.6
2023,7,6,4374302,Amon-Ra St. Brown,WR,23,FLEX,True,23.200000000000003
2023,7,6,4372016,Jaylen Waddle,WR,4,WR,True,12.3
2023,7,6,3054850,Alvin Kamara,RB,2,RB,True,29.299999999999997
2023,7,6,4243537,Gabe Davis,WR,4,WR,True,1.6
2023,7,6,2576414,Raheem Mostert,RB,2,RB,True,6.1
2023,7,6,-16015,Dolphins D/ST,D/ST,20,BE,False,12.0
2023,7,6,3055899,Harrison Butker,K,17,K,True,7.0
2023,7,6,3046779,Jared Goff,QB,20,BE,False,9.36
2023,7,6,3059722,Zay Jones,WR,20,BE,False,0.0
2023,7,6,3122976,Jeff Wilson Jr.,RB,21,IR,False,1.4
2023,7,6,4035676,Zack Moss,RB,20,BE,False,7.2
2023,7,6,4360797,Tutu Atwell,WR,20,BE,False,10.1
2023,7,6,4362249,Jayden Reed,WR,20,BE,False,11.1
2023,7,6,4426875,Sam Howell,QB,0,QB,True,9.46
2023,7,6,-16026,Seahawks D/ST,D/ST,16,D/ST,True,9.0
2023,7,6,3054212,Jonnu Smith,TE,6,TE,True,5.7
2023,7,5,16800,Davante Adams,WR,4,WR,True,12.7
2023,7,5,4430807,Bijan Robinson,RB,2,RB,True,0.30000000000000004
2023,7,5,3929630,Saquon Barkley,RB,2,RB,True,18.8
2023,7,5,3116165,Chris Godwin,WR,23,FLEX,True,12.600000000000001
2023,7,5,4697815,Rachaad White,RB,23,FLEX,True,15.9
2023,7,5,3915416,DJ Moore,WR,4,WR,True,13.4
2023,7,5,4426386,Roschon Johnson,RB,20,BE,False,0.0
2023,7,5,3925347,Damien Harris,RB,21,IR,False,0.0
2023,7,5,4243371,Riley Patterson,K,17,K,True,0.0
2023,7,5,4036378,Jordan Love,QB,20,BE,False,19.3
2023,7,5,4361432,Romeo Doubs,WR,20,BE,False,11.0
2023,7,5,3915486,Tyler Conklin,TE,20,BE,False,0.0
2023,7,5,12483,Matthew Stafford,QB,0,QB,True,16.04
2023,7,5,4688813,Josh Downs,WR,20,BE,False,26.5
2023,7,5,4243331,Cade Otton,TE,6,TE,True,9.3
2023,7,5,-16008,Lions D/ST,D/ST,16,D/ST,True,-7.0
2023,7,7,4262921,Justin Jefferson,WR,21,IR,False,0.0
2023,7,7,4360438,Brandon Aiyuk,WR,4,WR,True,10.7
2023,7,7,4360238,Dameon Pierce,RB,20,BE,False,0.0
2023,7,7,4360310,Trevor Lawrence,QB,0,QB,True,21.060000000000002
2023,7,7,3121023,Dallas Goedert,TE,6,TE,True,18.7
2023,7,7,2576925,Darren Waller,TE,20,BE,False,22.8
2023,7,7,2976316,Michael Thomas,WR,4,WR,True,13.2
2023,7,7,3045144,Tyler Boyd,WR,20,BE,False,0.0
2023,7,7,-16021,Eagles D/ST,D/ST,20,BE,False,11.0
2023,7,7,10621,Nick Folk,K,20,BE,False,0.0
2023,7,7,4429160,De'Von Achane,RB,21,IR,False,0.0
2023,7,7,4242433,Joshua Palmer,WR,23,FLEX,True,18.3
2023,7,7,4038441,Justice Hill,RB,2,RB,True,5.800000000000001
2023,7,7,4428331,Rashee Rice,WR,23,FLEX,True,17.0
2023,7,7,16486,Brett Maher,K,17,K,True,1.0
2023,7,7,-16030,Jaguars D/ST,D/ST,16,D/ST,True,7.0
2023,7,7,16757,Derek Carr,QB,20,BE,False,19.44
2023,7,7,3122672,Royce Freeman,RB,2,RB,True,6.6000000000000005
2023,7,12,4362628,Ja'Marr Chase,WR,20,BE,False,0.0
2023,7,12,3916148,Tony Pollard,RB,20,BE,False,0.0
2023,7,12,3925357,Calvin Ridley,WR,4,WR,True,1.5
2023,7,12,4048244,Alexander Mattison,RB,2,RB,True,6.2
2023,7,12,4242335,Jonathan Taylor,RB,23,FLEX,True,21.0
2023,7,12,3122840,Deshaun Watson,QB,0,QB,True,-1.8
2023,7,12,4241463,Jerry Jeudy,WR,20,BE,False,11.4
2023,7,12,4372414,Elijah Moore,WR,4,WR,True,9.9
2023,7,12,4430027,Sam LaPorta,TE,6,TE,True,11.2
2023,7,12,4258173,Nico Collins,WR,20,BE,False,0.0
2023,7,12,-16027,Buccaneers D/ST,D/ST,16,D/ST,True,4.0
2023,7,12,3059915,Kareem Hunt,RB,2,RB,True,15.1
2023,7,12,3953687,Brandon Aubrey,K,20,BE,False,0.0
2023,7,12,4432577,C.J. Stroud,QB,20,BE,False,0.0
2023,7,12,15965,Dustin Hopkins,K,17,K,True,22.0
2023,7,12,3125116,D'Onta Foreman,RB,23,FLEX,True,33.0
2023,7,8,3117251,Christian McCaffrey,RB,2,RB,True,22.6
2023,7,8,4239996,Travis Etienne Jr.,RB,2,RB,True,22.700000000000003
2023,7,8,4241389,CeeDee Lamb,WR,20,BE,False,0.0
2023,7,8,4361370,Chris Olave,WR,4,WR,True,12.7
2023,7,8,4241372,Marquise Brown,WR,4,WR,True,7.9
2023,7,8,16731,Brandin Cooks,WR,20,BE,False,0.0
2023,7,8,4429205,Jordan Addison,WR,23,FLEX,True,34.3
2023,7,8,2573401,Tyler Higbee,TE,20,BE,False,1.7000000000000002
2023,7,8,3051909,Daniel Carlson,K,17,K,True,6.0
2023,7,8,-16017,Patriots D/ST,D/ST,16,D/ST,True,5.0
2023,7,8,3051926,Gus Edwards,RB,20,BE,False,21.4
2023,7,8,4371733,Kenneth Gainwell,RB,20,BE,False,7.6
2023,7,8,15835,Zach Ertz,TE,6,TE,True,4.9
2023,7,8,3052587,Baker Mayfield,QB,0,QB,True,19.2
2023,7,8,4569987,Jaylen Warren,RB,23,FLEX,True,10.1
2023,7,8,3044720,Joshua Dobbs,QB,20,BE,False,16.14
2023,7,3,2976212,Stefon Diggs,WR,4,WR,True,17.8
2023,7,3,4569618,Garrett Wilson,WR,20,BE,False,0.0
2023,7,3,3042519,Aaron Jones,RB,2,RB,True,8.7
2023,7,3,4241478,DeVonta Smith,WR,23,FLEX,True,8.9
2023,7,3,4362887,Justin Fields,QB,20,BE,False,0.0
2023,7,3,4360248,Kyle Pitts,TE,6,TE,True,7.7
2023,7,3,4045163,Miles Sanders,RB,20,BE,False,0.0
2023,7,3,3121422,Terry McLaurin,WR,20,BE,False,15.0
2023,7,3,3895856,Christian Kirk,WR,23,FLEX,True,20.0
2023,7,3,3916433,Jakobi Meyers,WR,4,WR,True,18.0
2023,7,3,3116389,Samaje Perine,RB,20,BE,False,7.1
2023,7,3,14881,Russell Wilson,QB,0,QB,True,15.86
2023,7,3,4040761,Devin Singletary,RB,20,BE,False,0.0
2023,7,3,4373626,Tyler Allgeier,RB,2,RB,True,14.200000000000001
2023,7,3,3049899,Younghoe Koo,K,17,K,True,13.0
2023,7,3,-16014,Rams D/ST,D/ST,16,D/ST,True,2.0
2023,7,10,2977187,Cooper Kupp,WR,4,WR,True,6.9
2023,7,10,4241457,Najee Harris,RB,2,RB,True,15.8
2023,7,10,4569173,Rhamondre Stevenson,RB,2,RB,True,14.5
2023,7,10,15818,Keenan Allen,WR,4,WR,True,9.5
2023,7,10,3915511,Joe Burrow,QB,20,BE,False,0.0
2023,7,10,3932905,Diontae Johnson,WR,21,IR,False,12.9
2023,7,10,4036133,T.J. Hockenson,TE,6,TE,True,19.6
2023,7,10,4427366,Breece Hall,RB,20,BE,False,0.0
2023,7,10,4240021,Cam Akers,RB,20,BE,False,8.1
2023,7,10,4426502,Drake London,WR,20,BE,False,11.4
2023,7,10,4035886,Khalil Herbert,RB,21,IR,False,0.0
2023,7,10,4429615,Zay Flowers,WR,23,FLEX,True,11.5
2023,7,10,-16009,Packers D/ST,D/ST,16,D/ST,True,1.0
2023,7,10,3050478,Jake Elliott,K,17,K,True,7.0
2023,7,10,4426515,Puka Nacua,WR,23,FLEX,True,23.4
2023,7,10,4038524,Gardner Minshew,QB,0,QB,True,37.1
2023,8,2,3116385,Joe Mixon,RB,2,RB,True,20.000000000000004
2023,8,2,4047646,A.J. Brown,WR,4,WR,True,33.0
2023,8,2,4040715,Jalen Hurts,QB,0,QB,True,35.36
2023,8,2,2577417,Dak Prescott,QB,20,BE,False,36.06
2023,8,2,-16002,Bills D/ST,D/ST,16,D/ST,True,5.0
2023,8,2,3917232,Tyler Bass,K,17,K,True,6.0
2023,8,2,3128429,Courtland Sutton,WR,4,WR,True,10.9
2023,8,2,4258595,Cole Kmet,TE,6,TE,True,17.9
2023,8,2,4239934,AJ Dillon,RB,20,BE,False,10.2
2023,8,2,-16018,Saints D/ST,D/ST,20,BE,False,4.0
2023,8,2,4360635,Chigoziem Okonkwo,TE,20,BE,False,6.700000000000001
2023,8,2,16460,Adam Thielen,WR,23,FLEX,True,15.2
2023,8,2,4240600,Kadarius Toney,WR,20,BE,False,1.1
2023,8,2,4428557,Tyjae Spears,RB,20,BE,False,6.6000000000000005
2023,8,2,15920,Latavius Murray,RB,2,RB,True,2.1
2023,8,2,3115255,Brandon Powell,WR,23,FLEX,True,2.2
2023,8,1,15847,Travis Kelce,TE,6,TE,True,11.8
2023,8,1,3139477,Patrick Mahomes,QB,0,QB,True,5.6
2023,8,1,4429795,Jahmyr Gibbs,RB,2,RB,True,29.900000000000002
2023,8,1,3051392,Ezekiel Elliott,RB,23,FLEX,True,3.6
2023,8,1,3916566,K.J. Osborn,WR,4,WR,True,17.9
2023,8,1,3121427,Curtis Samuel,WR,20,BE,False,6.2
2023,8,1,4430737,Kyren Williams,RB,21,IR,False,0.0
2023,8,1,4372019,Jerome Ford,RB,20,BE,False,4.9
2023,8,1,4372066,Jake Moody,K,17,K,True,5.0
2023,8,1,4248528,Christian Watson,WR,23,FLEX,True,6.300000000000001
2023,8,1,4426388,Jameson Williams,WR,20,BE,False,3.6
2023,8,1,4366031,Tank Dell,WR,4,WR,True,6.1
2023,8,1,-16033,Ravens D/ST,D/ST,16,D/ST,True,6.0
2023,8,1,4361579,Javonte Williams,RB,2,RB,True,18.8
2023,8,1,-16023,Steelers D/ST,D/ST,20,BE,False,9.0
2023,8,1,4362087,Keaontay Ingram,RB,20,BE,False,2.6
2023,8,1,4430878,Jaxon Smith-Njigba,WR,20,BE,False,12.6
2023,8,6,3068267,Austin Ekeler,RB,23,FLEX,True,23.3
2023,8,6,4374302,Amon-Ra St. Brown,WR,4,WR,True,16.8
2023,8,6,4372016,Jaylen Waddle,WR,4,WR,True,25.1
2023,8,6,3054850,Alvin Kamara,RB,2,RB,True,27.0
2023,8,6,4243537,Gabe Davis,WR,20,BE,False,23.700000000000003
2023,8,6,2576414,Raheem Mostert,RB,2,RB,True,10.600000000000001
2023,8,6,-16015,Dolphins D/ST,D/ST,20,BE,False,8.0
2023,8,6,3055899,Harrison Butker,K,17,K,True,11.0
2023,8,6,3046779,Jared Goff,QB,0,QB,True,14.68
2023,8,6,3122976,Jeff Wilson Jr.,RB,20,BE,False,5.700000000000001
2023,8,6,4035676,Zack Moss,RB,20,BE,False,14.400000000000002
2023,8,6,4360797,Tutu Atwell,WR,20,BE,False,6.9
2023,8,6,4426875,Sam Howell,QB,20,BE,False,38.980000000000004
2023,8,6,-16026,Seahawks D/ST,D/ST,16,D/ST,True,9.0
2023,8,6,3054212,Jonnu Smith,TE,6,TE,True,2.3
2023,8,6,3886598,Jauan Jennings,WR,23,FLEX,True,0.0
2023,8,4,3043078,Derrick Henry,RB,2,RB,True,16.200000000000003
2023,8,4,3916387,Lamar Jackson,QB,0,QB,True,13.98
2023,8,4,2976499,Amari Cooper,WR,23,FLEX,True,14.9
2023,8,4,15795,DeAndre Hopkins,WR,20,BE,False,38.8
2023,8,4,15683,Justin Tucker,K,17,K,True,7.0
2023,8,4,3045147,James Conner,RB,21,IR,False,0.0
2023,8,4,16737,Mike Evans,WR,4,WR,True,12.9
2023,8,4,3040151,George Kittle,TE,6,TE,True,23.9
2023,8,4,4361529,Isiah Pacheco,RB,2,RB,True,6.7
2023,8,4,2980453,Jamaal Williams,RB,21,IR,False,4.8
2023,8,4,4426354,George Pickens,WR,4,WR,True,9.2
2023,8,4,4241479,Tua Tagovailoa,QB,20,BE,False,28.76
2023,8,4,-16006,Cowboys D/ST,D/ST,16,D/ST,True,16.0
2023,8,4,4241416,Chuba Hubbard,RB,20,BE,False,7.4
2023,8,4,15880,Robert Woods,WR,20,BE,False,0.0
2023,8,4,-16013,Raiders D/ST,D/ST,20,BE,False,9.0
2023,8,4,4421446,Craig Reynolds,RB,20,BE,False,7.6000000000000005
2023,8,4,3045523,Kendrick Bourne,WR,23,FLEX,True,12.6
2023,8,7,4262921,Justin Jefferson,WR,21,IR,False,0.0
2023,8,7,4360438,Brandon Aiyuk,WR,4,WR,True,15.9
2023,8,7,4360238,Dameon Pierce,RB,2,RB,True,4.6000000000000005
2023,8,7,4360310,Trevor Lawrence,QB,0,QB,True,19.68
2023,8,7,3121023,Dallas Goedert,TE,23,FLEX,True,7.6
2023,8,7,2576925,Darren Waller,TE,6,TE,True,1.4
2023,8,7,2976316,Michael Thomas,WR,23,FLEX,True,10.8
2023,8,7,3045144,Tyler Boyd,WR,20,BE,False,13.6
2023,8,7,-16021,Eagles D/ST,D/ST,16,D/ST,True,-2.0
2023,8,7,10621,Nick Folk,K,17,K,True,4.0
2023,8,7,4429160,De'Von Achane,RB,21,IR,False,0.0
2023,8,7,4242433,Joshua Palmer,WR,20,BE,False,5.4
2023,8,7,4038441,Justice Hill,RB,20,BE,False,9.5
2023,8,7,4428331,Rashee Rice,WR,4,WR,True,9.600000000000001
2023,8,7,16757,Derek Carr,QB,20,BE,False,25.3
2023,8,7,4039359,Darrell Henderson Jr.,RB,2,RB,True,11.5
2023,8,7,4362478,Emari Demercado,RB,20,BE,False,8.9
2023,8,11,4047650,DK Metcalf,WR,23,FLEX,True,11.7
2023,8,11,4047365,Josh Jacobs,RB,2,RB,True,16.8
2023,8,11,3126486,Deebo Samuel,WR,20,BE,False,0.0
2023,8,11,4038941,Justin Herbert,QB,0,QB,True,30.02
2023,8,11,4379399,James Cook,RB,23,FLEX,True,8.3
2023,8,11,4567048,Kenneth Walker III,RB,2,RB,True,8.0
2023,8,11,2577327,Tyler Lockett,WR,4,WR,True,22.1
2023,8,11,15864,Geno Smith,QB,20,BE,False,17.86
2023,8,11,4035687,Michael Pittman Jr.,WR,4,WR,True,18.0
2023,8,11,14880,Kirk Cousins,QB,20,BE,False,23.86
2023,8,11,3051876,Evan Engram,TE,6,TE,True,16.8
2023,8,11,4428085,Luke Musgrave,TE,20,BE,False,2.9
2023,8,11,4722893,Jaleel McLaughlin,RB,20,BE,False,5.9
2023,8,11,4360761,Michael Wilson,WR,20,BE,False,9.8
2023,8,11,2473037,Jason Myers,K,17,K,True,6.0
2023,8,11,-16020,Jets D/ST,D/ST,16,D/ST,True,11.0
2023,8,8,3117251,Christian McCaffrey,RB,2,RB,True,29.799999999999997
2023,8,8,4239996,Travis Etienne Jr.,RB,2,RB,True,28.9
2023,8,8,4241389,CeeDee Lamb,WR,4,WR,True,41.0
2023,8,8,4361370,Chris Olave,WR,4,WR,True,9.600000000000001
2023,8,8,4241372,Marquise Brown,WR,20,BE,False,15.3
2023,8,8,16731,Brandin Cooks,WR,20,BE,False,14.200000000000001
2023,8,8,4429205,Jordan Addison,WR,23,FLEX,True,21.4
2023,8,8,2573401,Tyler Higbee,TE,20,BE,False,9.5
2023,8,8,3051909,Daniel Carlson,K,17,K,True,2.0
2023,8,8,-16017,Patriots D/ST,D/ST,16,D/ST,True,5.0
2023,8,8,3051926,Gus Edwards,RB,23,FLEX,True,29.4
2023,8,8,4371733,Kenneth Gainwell,RB,20,BE,False,5.6
2023,8,8,15835,Zach Ertz,TE,21,IR,False,0.0
2023,8,8,3052587,Baker Mayfield,QB,0,QB,True,25.380000000000003
2023,8,8,4569987,Jaylen Warren,RB,20,BE,False,7.800000000000001
2023,8,8,3044720,Joshua Dobbs,QB,20,BE,False,26.92
2023,8,8,4385690,Dalton Kincaid,TE,6,TE,True,17.5
2023,8,9,3116406,Tyreek Hill,WR,4,WR,True,26.200000000000003
2023,8,9,3918298,Josh Allen,QB,0,QB,True,33.06
2023,8,9,4239993,Tee Higgins,WR,20,BE,False,11.9
2023,8,9,3116365,Mark Andrews,TE,23,FLEX,True,14.0
2023,8,9,-16025,49ers D/ST,D/ST,16,D/ST,True,2.0
2023,8,9,4035538,David Montgomery,RB,20,BE,False,0.0
2023,8,9,4360294,Antonio Gibson,RB,2,RB,True,9.200000000000001
2023,8,9,4259545,D'Andre Swift,RB,23,FLEX,True,14.399999999999999
2023,8,9,4241474,Brian Robinson Jr.,RB,2,RB,True,9.9
2023,8,9,4360234,Evan McPherson,K,20,BE,False,8.0
2023,8,9,4361741,Brock Purdy,QB,20,BE,False,20.3
2023,8,9,-16005,Browns D/ST,D/ST,20,BE,False,5.0
2023,8,9,3135321,Hunter Renfrow,WR,4,WR,True,3.9000000000000004
2023,8,9,3918639,Gerald Everett,TE,20,BE,False,0.0
2023,8,9,4362081,Cameron Dicker,K,17,K,True,16.0
2023,8,9,3117256,Dalton Schultz,TE,6,TE,True,2.5
2023,8,10,2977187,Cooper Kupp,WR,4,WR,True,6.1
2023,8,10,4241457,Najee Harris,RB,20,BE,False,10.5
2023,8,10,4569173,Rhamondre Stevenson,RB,2,RB,True,7.0
2023,8,10,15818,Keenan Allen,WR,4,WR,True,14.9
2023,8,10,3915511,Joe Burrow,QB,20,BE,False,33.620000000000005
2023,8,10,3932905,Diontae Johnson,WR,21,IR,False,16.5
2023,8,10,4036133,T.J. Hockenson,TE,6,TE,True,20.8
2023,8,10,4427366,Breece Hall,RB,2,RB,True,24.3
2023,8,10,4240021,Cam Akers,RB,20,BE,False,9.5
2023,8,10,4426502,Drake London,WR,20,BE,False,10.5
2023,8,10,4035886,Khalil Herbert,RB,21,IR,False,0.0
2023,8,10,4429615,Zay Flowers,WR,23,FLEX,True,6.9
2023,8,10,-16009,Packers D/ST,D/ST,16,D/ST,True,7.0
2023,8,10,3050478,Jake Elliott,K,17,K,True,10.0
2023,8,10,4426515,Puka Nacua,WR,23,FLEX,True,7.3
2023,8,10,4038524,Gardner Minshew,QB,0,QB,True,18.82
2023,8,5,16800,Davante Adams,WR,4,WR,True,2.1
2023,8,5,4430807,Bijan Robinson,RB,2,RB,True,12.2
2023,8,5,3929630,Saquon Barkley,RB,2,RB,True,15.8
2023,8,5,3116165,Chris Godwin,WR,23,FLEX,True,17.8
2023,8,5,4697815,Rachaad White,RB,20,BE,False,17.9
2023,8,5,3915416,DJ Moore,WR,4,WR,True,9.5
2023,8,5,4426386,Roschon Johnson,RB,20,BE,False,6.1
2023,8,5,3925347,Damien Harris,RB,21,IR,False,0.0
2023,8,5,4243371,Riley Patterson,K,17,K,True,16.0
2023,8,5,4036378,Jordan Love,QB,20,BE,False,16.560000000000002
2023,8,5,4361432,Romeo Doubs,WR,20,BE,False,11.8
2023,8,5,3915486,Tyler Conklin,TE,20,BE,False,0.0
2023,8,5,12483,Matthew Stafford,QB,0,QB,True,13.38
2023,8,5,4688813,Josh Downs,WR,23,FLEX,True,14.2
2023,8,5,4243331,Cade Otton,TE,6,TE,True,8.7
2023,8,5,-16008,Lions D/ST,D/ST,16,D/ST,True,15.0
2023,8,3,2976212,Stefon Diggs,WR,4,WR,True,16.0
2023,8,3,4569618,Garrett Wilson,WR,20,BE,False,17.6
2023,8,3,3042519,Aaron Jones,RB,2,RB,True,8.600000000000001
2023,8,3,4241478,DeVonta Smith,WR,23,FLEX,True,22.9
2023,8,3,4362887,Justin Fields,QB,20,BE,False,0.0
2023,8,3,4360248,Kyle Pitts,TE,6,TE,True,6.5
2023,8,3,4045163,Miles Sanders,RB,2,RB,True,0.0
2023,8,3,3121422,Terry McLaurin,WR,20,BE,False,17.3
2023,8,3,3895856,Christian Kirk,WR,23,FLEX,True,8.600000000000001
2023,8,3,3916433,Jakobi Meyers,WR,4,WR,True,2.9000000000000004
2023,8,3,3116389,Samaje Perine,RB,20,BE,False,4.1
2023,8,3,14881,Russell Wilson,QB,0,QB,True,23.560000000000002
2023,8,3,4040761,Devin Singletary,RB,20,BE,False,6.3
2023,8,3,4373626,Tyler Allgeier,RB,20,BE,False,3.1
2023,8,3,3049899,Younghoe Koo,K,17,K,True,12.0
2023,8,3,-16014,Rams D/ST,D/ST,16,D/ST,True,2.0
2023,8,12,4362628,Ja'Marr Chase,WR,4,WR,True,25.2
2023,8,12,3916148,Tony Pollard,RB,2,RB,True,6.500000000000001
2023,8,12,3925357,Calvin Ridley,WR,20,BE,False,14.3
2023,8,12,4048244,Alexander Mattison,RB,20,BE,False,4.3
2023,8,12,4242335,Jonathan Taylor,RB,2,RB,True,10.7
2023,8,12,3122840,Deshaun Watson,QB,21,IR,False,0.0
2023,8,12,4241463,Jerry Jeudy,WR,20,BE,False,13.0
2023,8,12,4430027,Sam LaPorta,TE,6,TE,True,19.7
2023,8,12,4258173,Nico Collins,WR,4,WR,True,7.0
2023,8,12,-16027,Buccaneers D/ST,D/ST,20,BE,False,2.0
2023,8,12,3059915,Kareem Hunt,RB,23,FLEX,True,13.7
2023,8,12,4432577,C.J. Stroud,QB,0,QB,True,12.9
2023,8,12,15965,Dustin Hopkins,K,17,K,True,8.0
2023,8,12,3125116,D'Onta Foreman,RB,23,FLEX,True,4.6000000000000005
2023,8,12,-16012,Chiefs D/ST,D/ST,16,D/ST,True,12.0
2023,8,12,2468609,Taysom Hill,TE,20,BE,False,22.46
2023,8,12,3917315,Kyler Murray,QB,21,IR,False,0.0
2023,8,12,4426385,Zach Charbonnet,RB,20,BE,False,8.4
2023,9,6,3068267,Austin Ekeler,RB,23,FLEX,True,21.0
2023,9,6,4374302,Amon-Ra St. Brown,WR,20,BE,False,0.0
2023,9,6,4372016,Jaylen Waddle,WR,4,WR,True,8.4
2023,9,6,3054850,Alvin Kamara,RB,2,RB,True,11.0
2023,9,6,4243537,Gabe Davis,WR,4,WR,True,0.0
2023,9,6,2576414,Raheem Mostert,RB,2,RB,True,14.5
2023,9,6,-16015,Dolphins D/ST,D/ST,20,BE,False,7.0
2023,9,6,3055899,Harrison Butker,K,17,K,True,3.0
2023,9,6,3046779,Jared Goff,QB,20,BE,False,0.0
2023,9,6,3122976,Jeff Wilson Jr.,RB,20,BE,False,6.800000000000001
2023,9,6,4035676,Zack Moss,RB,23,FLEX,True,2.6
2023,9,6,4360797,Tutu Atwell,WR,20,BE,False,5.3
2023,9,6,4426875,Sam Howell,QB,0,QB,True,19.7
2023,9,6,3054212,Jonnu Smith,TE,20,BE,False,24.0
2023,9,6,-16016,Vikings D/ST,D/ST,16,D/ST,True,5.0
2023,9,6,4242355,Jake Ferguson,TE,6,TE,True,22.1
2023,9,2,3116385,Joe Mixon,RB,2,RB,True,17.8
2023,9,2,4047646,A.J. Brown,WR,4,WR,True,19.6
2023,9,2,4040715,Jalen Hurts,QB,0,QB,True,29.88
2023,9,2,2577417,Dak Prescott,QB,20,BE,False,34.36
2023,9,2,-16002,Bills D/ST,D/ST,16,D/ST,True,1.0
2023,9,2,3917232,Tyler Bass,K,17,K,True,4.0
2023,9,2,3128429,Courtland Sutton,WR,20,BE,False,0.0
2023,9,2,4258595,Cole Kmet,TE,6,TE,True,23.5
2023,9,2,4239934,AJ Dillon,RB,23,FLEX,True,5.3
2023,9,2,-16018,Saints D/ST,D/ST,20,BE,False,13.0
2023,9,2,4360635,Chigoziem Okonkwo,TE,20,BE,False,5.800000000000001
2023,9,2,16460,Adam Thielen,WR,4,WR,True,7.9
2023,9,2,4240600,Kadarius Toney,WR,20,BE,False,2.8
2023,9,2,4428557,Tyjae Spears,RB,20,BE,False,6.2
2023,9,2,15920,Latavius Murray,RB,2,RB,True,2.0
2023,9,2,3115255,Brandon Powell,WR,23,FLEX,True,9.5
2023,9,1,15847,Travis Kelce,TE,6,TE,True,4.4
2023,9,1,3139477,Patrick Mahomes,QB,0,QB,True,19.8
2023,9,1,4429795,Jahmyr Gibbs,RB,20,BE,False,0.0
2023,9,1,3051392,Ezekiel Elliott,RB,2,RB,True,6.2
2023,9,1,3916566,K.J. Osborn,WR,4,WR,True,3.7
2023,9,1,3121427,Curtis Samuel,WR,20,BE,False,0.0
2023,9,1,4430737,Kyren Williams,RB,21,IR,False,0.0
2023,9,1,4372019,Jerome Ford,RB,2,RB,True,12.700000000000001
2023,9,1,4372066,Jake Moody,K,20,BE,False,0.0
2023,9,1,4248528,Christian Watson,WR,23,FLEX,True,4.7
2023,9,1,4426388,Jameson Williams,WR,20,BE,False,0.0
2023,9,1,4366031,Tank Dell,WR,4,WR,True,29.6
2023,9,1,-16033,Ravens D/ST,D/ST,16,D/ST,True,16.0
2023,9,1,4361579,Javonte Williams,RB,20,BE,False,0.0
2023,9,1,4362087,Keaontay Ingram,RB,23,FLEX,True,0.8
2023,9,1,4430878,Jaxon Smith-Njigba,WR,20,BE,False,12.3
2023,9,1,3953687,Brandon Aubrey,K,17,K,True,7.0
2023,9,7,4262921,Justin Jefferson,WR,21,IR,False,0.0
2023,9,7,4360438,Brandon Aiyuk,WR,20,BE,False,0.0
2023,9,7,4360238,Dameon Pierce,RB,20,BE,False,0.0
2023,9,7,4360310,Trevor Lawrence,QB,20,BE,False,0.0
2023,9,7,3121023,Dallas Goedert,TE,6,TE,True,8.0
2023,9,7,2576925,Darren Waller,TE,20,BE,False,0.0
2023,9,7,2976316,Michael Thomas,WR,4,WR,True,0.0
2023,9,7,3045144,Tyler Boyd,WR,23,FLEX,True,8.600000000000001
2023,9,7,-16021,Eagles D/ST,D/ST,20,BE,False,5.0
2023,9,7,10621,Nick Folk,K,17,K,True,11.0
2023,9,7,4429160,De'Von Achane,RB,21,IR,False,0.0
2023,9,7,4242433,Joshua Palmer,WR,20,BE,False,0.0
2023,9,7,4428331,Rashee Rice,WR,4,WR,True,9.7
2023,9,7,16757,Derek Carr,QB,0,QB,True,20.740000000000002
2023,9,7,4039359,Darrell Henderson Jr.,RB,2,RB,True,5.5
2023,9,7,4361409,Jahan Dotson,WR,23,FLEX,True,16.9
2023,9,7,-16024,Chargers D/ST,D/ST,16,D/ST,True,26.0
2023,9,7,3122672,Royce Freeman,RB,2,RB,True,3.2
2023,9,4,3043078,Derrick Henry,RB,2,RB,True,19.2
2023,9,4,3916387,Lamar Jackson,QB,20,BE,False,11.48
2023,9,4,2976499,Amari Cooper,WR,23,FLEX,True,24.9
2023,9,4,15795,DeAndre Hopkins,WR,23,FLEX,True,10.5
2023,9,4,15683,Justin Tucker,K,17,K,True,14.0
2023,9,4,3045147,James Conner,RB,21,IR,False,0.0
2023,9,4,16737,Mike Evans,WR,4,WR,True,12.700000000000001
2023,9,4,3040151,George Kittle,TE,20,BE,False,0.0
2023,9,4,4361529,Isiah Pacheco,RB,2,RB,True,6.6000000000000005
2023,9,4,4426354,George Pickens,WR,4,WR,True,1.9
2023,9,4,4241479,Tua Tagovailoa,QB,0,QB,True,14.42
2023,9,4,-16006,Cowboys D/ST,D/ST,20,BE,False,4.0
2023,9,4,4241416,Chuba Hubbard,RB,20,BE,False,10.700000000000001
2023,9,4,15880,Robert Woods,WR,20,BE,False,0.0
2023,9,4,-16013,Raiders D/ST,D/ST,16,D/ST,True,18.0
2023,9,4,4427095,DeMario Douglas,WR,20,BE,False,10.5
2023,9,4,16813,Logan Thomas,TE,6,TE,True,7.1
2023,9,8,3117251,Christian McCaffrey,RB,20,BE,False,0.0
2023,9,8,4239996,Travis Etienne Jr.,RB,20,BE,False,0.0
2023,9,8,4241389,CeeDee Lamb,WR,4,WR,True,28.1
2023,9,8,4361370,Chris Olave,WR,4,WR,True,16.6
2023,9,8,4241372,Marquise Brown,WR,23,FLEX,True,6.4
2023,9,8,16731,Brandin Cooks,WR,20,BE,False,1.7000000000000002
2023,9,8,4429205,Jordan Addison,WR,23,FLEX,True,10.2
2023,9,8,2573401,Tyler Higbee,TE,20,BE,False,0.0
2023,9,8,3051909,Daniel Carlson,K,17,K,True,14.0
2023,9,8,-16017,Patriots D/ST,D/ST,16,D/ST,True,5.0
2023,9,8,3051926,Gus Edwards,RB,2,RB,True,17.2
2023,9,8,4371733,Kenneth Gainwell,RB,20,BE,False,9.299999999999999
2023,9,8,15835,Zach Ertz,TE,21,IR,False,0.0
2023,9,8,3052587,Baker Mayfield,QB,0,QB,True,23.0
2023,9,8,4569987,Jaylen Warren,RB,2,RB,True,14.3
2023,9,8,3044720,Joshua Dobbs,QB,20,BE,False,28.92
2023,9,8,4385690,Dalton Kincaid,TE,6,TE,True,16.1
2023,9,11,4047650,DK Metcalf,WR,23,FLEX,True,6.0
2023,9,11,4047365,Josh Jacobs,RB,2,RB,True,21.8
2023,9,11,3126486,Deebo Samuel,WR,20,BE,False,0.0
2023,9,11,4038941,Justin Herbert,QB,0,QB,True,7.140000000000001
2023,9,11,4379399,James Cook,RB,23,FLEX,True,7.9
2023,9,11,4567048,Kenneth Walker III,RB,2,RB,True,2.7
2023,9,11,2577327,Tyler Lockett,WR,4,WR,True,6.2
2023,9,11,15864,Geno Smith,QB,20,BE,False,2.6799999999999997
2023,9,11,4035687,Michael Pittman Jr.,WR,4,WR,True,14.4
2023,9,11,3051876,Evan Engram,TE,20,BE,False,0.0
2023,9,11,4722893,Jaleel McLaughlin,RB,20,BE,False,0.0
2023,9,11,2473037,Jason Myers,K,17,K,True,3.0
2023,9,11,4032473,Rashid Shaheed,WR,20,BE,False,5.2
2023,9,11,-16001,Falcons D/ST,D/ST,16,D/ST,True,9.0
2023,9,11,4361307,Trey McBride,TE,6,TE,True,5.2
2023,9,11,13982,Julio Jones,WR,20,BE,False,0.0
2023,9,10,2977187,Cooper Kupp,WR,4,WR,True,6.800000000000001
2023,9,10,4241457,Najee Harris,RB,20,BE,False,15.6
2023,9,10,4569173,Rhamondre Stevenson,RB,2,RB,True,25.900000000000002
2023,9,10,15818,Keenan Allen,WR,4,WR,True,15.7
2023,9,10,3915511,Joe Burrow,QB,0,QB,True,26.32
2023,9,10,3932905,Diontae Johnson,WR,21,IR,False,22.0
2023,9,10,4036133,T.J. Hockenson,TE,6,TE,True,13.9
2023,9,10,4427366,Breece Hall,RB,2,RB,True,10.0
2023,9,10,4240021,Cam Akers,RB,20,BE,False,6.8
2023,9,10,4426502,Drake London,WR,20,BE,False,0.0
2023,9,10,4035886,Khalil Herbert,RB,21,IR,False,0.0
2023,9,10,4429615,Zay Flowers,WR,23,FLEX,True,2.1
2023,9,10,-16009,Packers D/ST,D/ST,16,D/ST,True,13.0
2023,9,10,3050478,Jake Elliott,K,17,K,True,4.0
2023,9,10,4426515,Puka Nacua,WR,23,FLEX,True,6.2
2023,9,10,4038524,Gardner Minshew,QB,20,BE,False,11.58
2023,9,9,3116406,Tyreek Hill,WR,4,WR,True,12.5
2023,9,9,3918298,Josh Allen,QB,0,QB,True,26.72
2023,9,9,4239993,Tee Higgins,WR,4,WR,True,19.0
2023,9,9,3116365,Mark Andrews,TE,23,FLEX,True,17.0
2023,9,9,-16025,49ers D/ST,D/ST,20,BE,False,0.0
2023,9,9,4035538,David Montgomery,RB,20,BE,False,0.0
2023,9,9,4360294,Antonio Gibson,RB,2,RB,True,12.600000000000001
2023,9,9,4259545,D'Andre Swift,RB,23,FLEX,True,9.4
2023,9,9,4241474,Brian Robinson Jr.,RB,2,RB,True,11.700000000000001
2023,9,9,4360234,Evan McPherson,K,20,BE,False,6.0
2023,9,9,4361741,Brock Purdy,QB,20,BE,False,0.0
2023,9,9,-16005,Browns D/ST,D/ST,16,D/ST,True,24.0
2023,9,9,3135321,Hunter Renfrow,WR,20,BE,False,5.2
2023,9,9,3918639,Gerald Everett,TE,20,BE,False,3.8
2023,9,9,4362081,Cameron Dicker,K,17,K,True,11.0
2023,9,9,3117256,Dalton Schultz,TE,6,TE,True,27.0
2023,9,3,2976212,Stefon Diggs,WR,4,WR,True,22.6
2023,9,3,4569618,Garrett Wilson,WR,23,FLEX,True,13.0
2023,9,3,3042519,Aaron Jones,RB,2,RB,True,17.900000000000002
2023,9,3,4241478,DeVonta Smith,WR,23,FLEX,True,14.100000000000001
2023,9,3,4362887,Justin Fields,QB,20,BE,False,0.0
2023,9,3,4360248,Kyle Pitts,TE,6,TE,True,9.600000000000001
2023,9,3,4045163,Miles Sanders,RB,2,RB,True,9.100000000000001
2023,9,3,3121422,Terry McLaurin,WR,20,BE,False,12.3
2023,9,3,3895856,Christian Kirk,WR,20,BE,False,0.0
2023,9,3,3916433,Jakobi Meyers,WR,4,WR,True,13.5
2023,9,3,14881,Russell Wilson,QB,20,BE,False,0.0
2023,9,3,4040761,Devin Singletary,RB,20,BE,False,4.6
2023,9,3,4373626,Tyler Allgeier,RB,20,BE,False,11.0
2023,9,3,3049899,Younghoe Koo,K,17,K,True,19.0
2023,9,3,-16014,Rams D/ST,D/ST,16,D/ST,True,8.0
2023,9,3,4361259,Zach Wilson,QB,0,QB,True,7.22
2023,9,5,16800,Davante Adams,WR,4,WR,True,7.4
2023,9,5,4430807,Bijan Robinson,RB,2,RB,True,5.9
2023,9,5,3929630,Saquon Barkley,RB,2,RB,True,14.3
2023,9,5,3116165,Chris Godwin,WR,23,FLEX,True,3.6
2023,9,5,4697815,Rachaad White,RB,20,BE,False,27.900000000000002
2023,9,5,3915416,DJ Moore,WR,4,WR,True,5.4
2023,9,5,4426386,Roschon Johnson,RB,20,BE,False,2.5
2023,9,5,3925347,Damien Harris,RB,21,IR,False,0.0
2023,9,5,4036378,Jordan Love,QB,20,BE,False,15.82
2023,9,5,4361432,Romeo Doubs,WR,20,BE,False,6.6
2023,9,5,3915486,Tyler Conklin,TE,20,BE,False,12.600000000000001
2023,9,5,12483,Matthew Stafford,QB,0,QB,True,0.0
2023,9,5,4688813,Josh Downs,WR,23,FLEX,True,2.0
2023,9,5,-16008,Lions D/ST,D/ST,20,BE,False,0.0
2023,9,5,3123076,David Njoku,TE,6,TE,True,12.6
2023,9,5,-16020,Jets D/ST,D/ST,16,D/ST,True,9.0
2023,9,5,4249087,Matt Gay,K,17,K,True,11.0
2023,9,12,4362628,Ja'Marr Chase,WR,4,WR,True,8.100000000000001
2023,9,12,3916148,Tony Pollard,RB,2,RB,True,9.3
2023,9,12,3925357,Calvin Ridley,WR,20,BE,False,0.0
2023,9,12,4048244,Alexander Mattison,RB,23,FLEX,True,17.3
2023,9,12,4242335,Jonathan Taylor,RB,2,RB,True,17.9
2023,9,12,3122840,Deshaun Watson,QB,21,IR,False,22.96
2023,9,12,4241463,Jerry Jeudy,WR,20,BE,False,0.0
2023,9,12,4430027,Sam LaPorta,TE,20,BE,False,0.0
2023,9,12,4258173,Nico Collins,WR,4,WR,True,14.4
2023,9,12,3059915,Kareem Hunt,RB,23,FLEX,True,9.8
2023,9,12,4432577,C.J. Stroud,QB,0,QB,True,56.8
2023,9,12,15965,Dustin Hopkins,K,17,K,True,9.0
2023,9,12,-16012,Chiefs D/ST,D/ST,20,BE,False,14.0
2023,9,12,2468609,Taysom Hill,TE,6,TE,True,22.619999999999997
2023,9,12,3917315,Kyler Murray,QB,21,IR,False,0.0
2023,9,12,4426385,Zach Charbonnet,RB,20,BE,False,2.3
2023,9,12,4361418,Will Levis,QB,20,BE,False,8.68
2023,9,12,-16019,Giants D/ST,D/ST,16,D/ST,True,-1.0
2023,10,2,3116385,Joe Mixon,RB,2,RB,True,12.500000000000002
2023,10,2,4047646,A.J. Brown,WR,20,BE,False,0.0
2023,10,2,4040715,Jalen Hurts,QB,20,BE,False,0.0
2023,10,2,2577417,Dak Prescott,QB,0,QB,True,48.86
2023,10,2,-16002,Bills D/ST,D/ST,16,D/ST,True,6.0
2023,10,2,3917232,Tyler Bass,K,17,K,True,2.0
2023,10,2,3128429,Courtland Sutton,WR,4,WR,True,17.3
2023,10,2,4258595,Cole Kmet,TE,6,TE,True,9.6
2023,10,2,4239934,AJ Dillon,RB,23,FLEX,True,9.1
2023,10,2,-16018,Saints D/ST,D/ST,20,BE,False,1.0
2023,10,2,4360635,Chigoziem Okonkwo,TE,20,BE,False,5.7
2023,10,2,16460,Adam Thielen,WR,4,WR,True,10.2
2023,10,2,4240600,Kadarius Toney,WR,20,BE,False,0.0
2023,10,2,4428557,Tyjae Spears,RB,20,BE,False,10.0
2023,10,2,15920,Latavius Murray,RB,2,RB,True,14.9
2023,10,2,3115255,Brandon Powell,WR,23,FLEX,True,7.5
2023,10,7,4262921,Justin Jefferson,WR,21,IR,False,0.0
2023,10,7,4360438,Brandon Aiyuk,WR,4,WR,True,14.5
2023,10,7,4360238,Dameon Pierce,RB,20,BE,False,0.0
2023,10,7,4360310,Trevor Lawrence,QB,0,QB,True,2.1000000000000005
2023,10,7,2576925,Darren Waller,TE,20,BE,False,0.0
2023,10,7,2976316,Michael Thomas,WR,20,BE,False,1.9
2023,10,7,3045144,Tyler Boyd,WR,23,FLEX,True,19.700000000000003
2023,10,7,-16021,Eagles D/ST,D/ST,20,BE,False,0.0
2023,10,7,10621,Nick Folk,K,17,K,True,5.0
2023,10,7,4429160,De'Von Achane,RB,21,IR,False,0.0
2023,10,7,4361409,Jahan Dotson,WR,23,FLEX,True,0.0
2023,10,7,-16024,Chargers D/ST,D/ST,16,D/ST,True,-9.0
2023,10,7,4243331,Cade Otton,TE,6,TE,True,3.0
2023,10,7,4038441,Justice Hill,RB,2,RB,True,0.7000000000000001
2023,10,7,4038815,Rico Dowdle,RB,2,RB,True,13.9
2023,10,7,4361418,Will Levis,QB,20,BE,False,5.96
2023,10,7,4039359,Darrell Henderson Jr.,RB,20,BE,False,0.0
2023,10,7,3121409,Noah Brown,WR,4,WR,True,24.2
2023,10,8,3117251,Christian McCaffrey,RB,2,RB,True,20.2
2023,10,8,4239996,Travis Etienne Jr.,RB,2,RB,True,6.4
2023,10,8,4241389,CeeDee Lamb,WR,4,WR,True,39.5
2023,10,8,4361370,Chris Olave,WR,4,WR,True,21.4
2023,10,8,4241372,Marquise Brown,WR,23,FLEX,True,3.8000000000000003
2023,10,8,16731,Brandin Cooks,WR,20,BE,False,32.3
2023,10,8,4429205,Jordan Addison,WR,20,BE,False,10.9
2023,10,8,2573401,Tyler Higbee,TE,20,BE,False,0.0
2023,10,8,3051909,Daniel Carlson,K,17,K,True,14.0
2023,10,8,-16017,Patriots D/ST,D/ST,16,D/ST,True,7.0
2023,10,8,3051926,Gus Edwards,RB,23,FLEX,True,9.8
2023,10,8,4371733,Kenneth Gainwell,RB,20,BE,False,0.0
2023,10,8,15835,Zach Ertz,TE,21,IR,False,0.0
2023,10,8,3052587,Baker Mayfield,QB,0,QB,True,23.32
2023,10,8,4569987,Jaylen Warren,RB,20,BE,False,19.0
2023,10,8,3044720,Joshua Dobbs,QB,20,BE,False,27.12
2023,10,8,4385690,Dalton Kincaid,TE,6,TE,True,16.1
2023,10,6,3068267,Austin Ekeler,RB,2,RB,True,21.5
2023,10,6,4374302,Amon-Ra St. Brown,WR,4,WR,True,30.5
2023,10,6,4372016,Jaylen Waddle,WR,20,BE,False,0.0
2023,10,6,3054850,Alvin Kamara,RB,2,RB,True,18.5
2023,10,6,4243537,Gabe Davis,WR,4,WR,True,9.600000000000001
2023,10,6,2576414,Raheem Mostert,RB,20,BE,False,0.0
2023,10,6,-16015,Dolphins D/ST,D/ST,20,BE,False,0.0
2023,10,6,3046779,Jared Goff,QB,0,QB,True,25.12
2023,10,6,3122976,Jeff Wilson Jr.,RB,20,BE,False,0.0
2023,10,6,4035676,Zack Moss,RB,20,BE,False,0.2
2023,10,6,4426875,Sam Howell,QB,20,BE,False,33.18
2023,10,6,3054212,Jonnu Smith,TE,23,FLEX,True,1.1
2023,10,6,4242355,Jake Ferguson,TE,6,TE,True,12.6
2023,10,6,16339,Brandon McManus,K,17,K,True,3.0
2023,10,6,3125116,D'Onta Foreman,RB,23,FLEX,True,17.2
2023,10,6,-16003,Bears D/ST,D/ST,16,D/ST,True,8.0
2023,10,10,2977187,Cooper Kupp,WR,20,BE,False,0.0
2023,10,10,4241457,Najee Harris,RB,23,FLEX,True,18.6
2023,10,10,4569173,Rhamondre Stevenson,RB,2,RB,True,13.200000000000001
2023,10,10,15818,Keenan Allen,WR,4,WR,True,40.5
2023,10,10,3915511,Joe Burrow,QB,0,QB,True,26.880000000000003
2023,10,10,3932905,Diontae Johnson,WR,4,WR,True,2.7
2023,10,10,4036133,T.J. Hockenson,TE,6,TE,True,30.4
2023,10,10,4427366,Breece Hall,RB,2,RB,True,10.5
2023,10,10,4240021,Cam Akers,RB,20,BE,False,0.0
2023,10,10,4426502,Drake London,WR,20,BE,False,6.6
2023,10,10,4035886,Khalil Herbert,RB,21,IR,False,0.0
2023,10,10,4429615,Zay Flowers,WR,23,FLEX,True,12.3
2023,10,10,-16009,Packers D/ST,D/ST,16,D/ST,True,1.0
2023,10,10,3050478,Jake Elliott,K,20,BE,False,0.0
2023,10,10,4426515,Puka Nacua,WR,20,BE,False,0.0
2023,10,10,4038524,Gardner Minshew,QB,20,BE,False,5.66
2023,10,10,3150744,Chase McLaughlin,K,17,K,True,8.0
2023,10,1,15847,Travis Kelce,TE,20,BE,False,0.0
2023,10,1,3139477,Patrick Mahomes,QB,20,BE,False,0.0
2023,10,1,4429795,Jahmyr Gibbs,RB,2,RB,True,26.2
2023,10,1,3051392,Ezekiel Elliott,RB,20,BE,False,10.8
2023,10,1,3916566,K.J. Osborn,WR,20,BE,False,0.0
2023,10,1,3121427,Curtis Samuel,WR,20,BE,False,2.6
2023,10,1,4430737,Kyren Williams,RB,21,IR,False,0.0
2023,10,1,4372019,Jerome Ford,RB,2,RB,True,11.9
2023,10,1,4248528,Christian Watson,WR,4,WR,True,4.300000000000001
2023,10,1,4426388,Jameson Williams,WR,20,BE,False,3.8
2023,10,1,4366031,Tank Dell,WR,4,WR,True,18.900000000000002
2023,10,1,-16033,Ravens D/ST,D/ST,16,D/ST,True,14.0
2023,10,1,4361579,Javonte Williams,RB,23,FLEX,True,21.0
2023,10,1,4430878,Jaxon Smith-Njigba,WR,23,FLEX,True,9.3
2023,10,1,3953687,Brandon Aubrey,K,17,K,True,7.0
2023,10,1,2565969,Taylor Heinicke,QB,0,QB,True,11.600000000000001
2023,10,1,3046439,Hunter Henry,TE,6,TE,True,5.1
2023,10,3,2976212,Stefon Diggs,WR,4,WR,True,6.4
2023,10,3,4569618,Garrett Wilson,WR,23,FLEX,True,18.3
2023,10,3,3042519,Aaron Jones,RB,2,RB,True,9.4
2023,10,3,4241478,DeVonta Smith,WR,20,BE,False,0.0
2023,10,3,4362887,Justin Fields,QB,20,BE,False,0.0
2023,10,3,4360248,Kyle Pitts,TE,6,TE,True,6.0
2023,10,3,4045163,Miles Sanders,RB,2,RB,True,3.0
2023,10,3,3121422,Terry McLaurin,WR,20,BE,False,7.300000000000001
2023,10,3,3895856,Christian Kirk,WR,23,FLEX,True,14.4
2023,10,3,3916433,Jakobi Meyers,WR,4,WR,True,4.1
2023,10,3,14881,Russell Wilson,QB,20,BE,False,22.72
2023,10,3,4040761,Devin Singletary,RB,20,BE,False,23.1
2023,10,3,4373626,Tyler Allgeier,RB,20,BE,False,4.8
2023,10,3,3049899,Younghoe Koo,K,17,K,True,5.0
2023,10,3,4361259,Zach Wilson,QB,0,QB,True,13.92
2023,10,3,-16026,Seahawks D/ST,D/ST,16,D/ST,True,5.0
2023,10,4,3043078,Derrick Henry,RB,2,RB,True,3.0000000000000004
2023,10,4,3916387,Lamar Jackson,QB,0,QB,True,16.02
2023,10,4,2976499,Amari Cooper,WR,23,FLEX,True,15.8
2023,10,4,15795,DeAndre Hopkins,WR,23,FLEX,True,5.7
2023,10,4,15683,Justin Tucker,K,17,K,True,6.0
2023,10,4,3045147,James Conner,RB,21,IR,False,7.300000000000001
2023,10,4,16737,Mike Evans,WR,4,WR,True,26.3
2023,10,4,3040151,George Kittle,TE,6,TE,True,23.6
2023,10,4,4361529,Isiah Pacheco,RB,20,BE,False,0.0
2023,10,4,4426354,George Pickens,WR,4,WR,True,7.5
2023,10,4,4241479,Tua Tagovailoa,QB,20,BE,False,0.0
2023,10,4,-16006,Cowboys D/ST,D/ST,16,D/ST,True,12.0
2023,10,4,4241416,Chuba Hubbard,RB,2,RB,True,5.9
2023,10,4,15880,Robert Woods,WR,20,BE,False,2.5
2023,10,4,-16013,Raiders D/ST,D/ST,20,BE,False,7.0
2023,10,4,4427095,DeMario Douglas,WR,20,BE,False,14.4
2023,10,4,16813,Logan Thomas,TE,20,BE,False,9.0
2023,10,12,4362628,Ja'Marr Chase,WR,4,WR,True,26.4
2023,10,12,3916148,Tony Pollard,RB,2,RB,True,5.5
2023,10,12,3925357,Calvin Ridley,WR,4,WR,True,4.0
2023,10,12,4048244,Alexander Mattison,RB,23,FLEX,True,4.300000000000001
2023,10,12,4242335,Jonathan Taylor,RB,2,RB,True,14.5
2023,10,12,3122840,Deshaun Watson,QB,20,BE,False,18.22
2023,10,12,4241463,Jerry Jeudy,WR,20,BE,False,6.5
2023,10,12,4430027,Sam LaPorta,TE,6,TE,True,8.0
2023,10,12,4258173,Nico Collins,WR,20,BE,False,0.0
2023,10,12,3059915,Kareem Hunt,RB,20,BE,False,9.2
2023,10,12,4432577,C.J. Stroud,QB,0,QB,True,21.04
2023,10,12,15965,Dustin Hopkins,K,17,K,True,13.0
2023,10,12,-16012,Chiefs D/ST,D/ST,20,BE,False,0.0
2023,10,12,2468609,Taysom Hill,TE,23,FLEX,True,4.300000000000001
2023,10,12,3917315,Kyler Murray,QB,21,IR,False,17.26
2023,10,12,4426385,Zach Charbonnet,RB,20,BE,False,10.200000000000001
2023,10,12,-16023,Steelers D/ST,D/ST,16,D/ST,True,7.0
2023,10,11,4047650,DK Metcalf,WR,20,BE,False,16.8
2023,10,11,4047365,Josh Jacobs,RB,2,RB,True,12.700000000000001
2023,10,11,3126486,Deebo Samuel,WR,23,FLEX,True,15.9
2023,10,11,4038941,Justin Herbert,QB,0,QB,True,36.42
2023,10,11,4379399,James Cook,RB,23,FLEX,True,12.0
2023,10,11,4567048,Kenneth Walker III,RB,2,RB,True,22.700000000000003
2023,10,11,2577327,Tyler Lockett,WR,4,WR,True,23.200000000000003
2023,10,11,15864,Geno Smith,QB,20,BE,False,31.06
2023,10,11,4035687,Michael Pittman Jr.,WR,4,WR,True,16.4
2023,10,11,3051876,Evan Engram,TE,6,TE,True,5.2
2023,10,11,4722893,Jaleel McLaughlin,RB,20,BE,False,3.1999999999999997
2023,10,11,2473037,Jason Myers,K,17,K,True,21.0
2023,10,11,4032473,Rashid Shaheed,WR,20,BE,False,7.4
2023,10,11,4361307,Trey McBride,TE,20,BE,False,21.1
2023,10,11,13982,Julio Jones,WR,20,BE,False,0.0
2023,10,11,-16011,Colts D/ST,D/ST,16,D/ST,True,13.0
2023,10,5,16800,Davante Adams,WR,4,WR,True,14.6
2023,10,5,4430807,Bijan Robinson,RB,2,RB,True,17.6
2023,10,5,3929630,Saquon Barkley,RB,2,RB,True,7.1000000000000005
2023,10,5,3116165,Chris Godwin,WR,23,FLEX,True,9.4
2023,10,5,4697815,Rachaad White,RB,23,FLEX,True,18.8
2023,10,5,3915416,DJ Moore,WR,4,WR,True,10.9
2023,10,5,4426386,Roschon Johnson,RB,20,BE,False,7.2
2023,10,5,3925347,Damien Harris,RB,21,IR,False,0.0
2023,10,5,4036378,Jordan Love,QB,0,QB,True,20.66
2023,10,5,4361432,Romeo Doubs,WR,20,BE,False,12.1
2023,10,5,3915486,Tyler Conklin,TE,20,BE,False,14.0
2023,10,5,12483,Matthew Stafford,QB,20,BE,False,0.0
2023,10,5,4688813,Josh Downs,WR,20,BE,False,6.0
2023,10,5,-16008,Lions D/ST,D/ST,20,BE,False,-3.0
2023,10,5,3123076,David Njoku,TE,6,TE,True,11.8
2023,10,5,-16020,Jets D/ST,D/ST,16,D/ST,True,10.0
2023,10,5,4249087,Matt Gay,K,17,K,True,5.0
2023,10,9,3116406,Tyreek Hill,WR,20,BE,False,0.0
2023,10,9,3918298,Josh Allen,QB,0,QB,True,16.38
2023,10,9,4239993,Tee Higgins,WR,4,WR,True,0.0
2023,10,9,3116365,Mark Andrews,TE,23,FLEX,True,6.4
2023,10,9,-16025,49ers D/ST,D/ST,16,D/ST,True,19.0
2023,10,9,4035538,David Montgomery,RB,23,FLEX,True,20.6
2023,10,9,4360294,Antonio Gibson,RB,2,RB,True,16.5
2023,10,9,4259545,D'Andre Swift,RB,20,BE,False,0.0
2023,10,9,4241474,Brian Robinson Jr.,RB,2,RB,True,30.700000000000003
2023,10,9,4360234,Evan McPherson,K,20,BE,False,11.0
2023,10,9,4361741,Brock Purdy,QB,20,BE,False,32.84
2023,10,9,-16005,Browns D/ST,D/ST,20,BE,False,15.0
2023,10,9,3135321,Hunter Renfrow,WR,4,WR,True,1.5
2023,10,9,3918639,Gerald Everett,TE,20,BE,False,0.0
2023,10,9,4362081,Cameron Dicker,K,17,K,True,9.0
2023,10,9,3117256,Dalton Schultz,TE,6,TE,True,11.100000000000001
2023,11,8,3117251,Christian McCaffrey,RB,2,RB,True,21.3
2023,11,8,4239996,Travis Etienne Jr.,RB,2,RB,True,8.899999999999999
2023,11,8,4241389,CeeDee Lamb,WR,4,WR,True,16.5
2023,11,8,4361370,Chris Olave,WR,20,BE,False,0.0
2023,11,8,4241372,Marquise Brown,WR,23,FLEX,True,3.2
2023,11,8,16731,Brandin Cooks,WR,20,BE,False,7.2
2023,11,8,4429205,Jordan Addison,WR,4,WR,True,7.4
2023,11,8,2573401,Tyler Higbee,TE,20,BE,False,2.7
2023,11,8,3051909,Daniel Carlson,K,17,K,True,8.0
2023,11,8,-16017,Patriots D/ST,D/ST,20,BE,False,0.0
2023,11,8,3051926,Gus Edwards,RB,23,FLEX,True,21.0
2023,11,8,15835,Zach Ertz,TE,21,IR,False,0.0
2023,11,8,3052587,Baker Mayfield,QB,20,BE,False,12.34
2023,11,8,4569987,Jaylen Warren,RB,20,BE,False,26.5
2023,11,8,3044720,Joshua Dobbs,QB,0,QB,True,18.939999999999998
2023,11,8,4385690,Dalton Kincaid,TE,6,TE,True,10.600000000000001
2023,11,8,-16028,Commanders D/ST,D/ST,16,D/ST,True,11.0
2023,11,2,3116385,Joe Mixon,RB,2,RB,True,21.0
2023,11,2,4047646,A.J. Brown,WR,23,FLEX,True,1.8
2023,11,2,4040715,Jalen Hurts,QB,0,QB,True,18.9
2023,11,2,2577417,Dak Prescott,QB,20,BE,False,20.16
2023,11,2,-16002,Bills D/ST,D/ST,16,D/ST,True,22.0
2023,11,2,3917232,Tyler Bass,K,17,K,True,16.0
2023,11,2,3128429,Courtland Sutton,WR,4,WR,True,16.6
2023,11,2,4258595,Cole Kmet,TE,6,TE,True,5.0
2023,11,2,4239934,AJ Dillon,RB,23,FLEX,True,10.100000000000001
2023,11,2,-16018,Saints D/ST,D/ST,20,BE,False,0.0
2023,11,2,4360635,Chigoziem Okonkwo,TE,20,BE,False,1.6
2023,11,2,16460,Adam Thielen,WR,4,WR,True,15.4
2023,11,2,4240600,Kadarius Toney,WR,20,BE,False,4.6000000000000005
2023,11,2,4428557,Tyjae Spears,RB,20,BE,False,4.6000000000000005
2023,11,2,15920,Latavius Murray,RB,2,RB,True,3.5
2023,11,2,3115255,Brandon Powell,WR,20,BE,False,6.2
2023,11,7,4262921,Justin Jefferson,WR,20,BE,False,0.0
2023,11,7,4360438,Brandon Aiyuk,WR,4,WR,True,29.6
2023,11,7,4360238,Dameon Pierce,RB,20,BE,False,0.0
2023,11,7,4360310,Trevor Lawrence,QB,0,QB,True,36.18
2023,11,7,2576925,Darren Waller,TE,21,IR,False,0.0
2023,11,7,2976316,Michael Thomas,WR,20,BE,False,0.0
2023,11,7,3045144,Tyler Boyd,WR,23,FLEX,True,5.2
2023,11,7,-16021,Eagles D/ST,D/ST,20,BE,False,6.0
2023,11,7,10621,Nick Folk,K,17,K,True,2.0
2023,11,7,4429160,De'Von Achane,RB,2,RB,True,1.5
2023,11,7,4361409,Jahan Dotson,WR,4,WR,True,11.3
2023,11,7,4243331,Cade Otton,TE,6,TE,True,8.9
2023,11,7,4038815,Rico Dowdle,RB,23,FLEX,True,4.000000000000001
2023,11,7,4039359,Darrell Henderson Jr.,RB,2,RB,True,12.9
2023,11,7,3121409,Noah Brown,WR,20,BE,False,0.0
2023,11,7,4242431,Ty Chandler,RB,20,BE,False,15.0
2023,11,7,-16023,Steelers D/ST,D/ST,16,D/ST,True,8.0
2023,11,10,2977187,Cooper Kupp,WR,23,FLEX,True,2.1
2023,11,10,4241457,Najee Harris,RB,2,RB,True,4.6
2023,11,10,4569173,Rhamondre Stevenson,RB,20,BE,False,0.0
2023,11,10,15818,Keenan Allen,WR,4,WR,True,27.6
2023,11,10,3915511,Joe Burrow,QB,0,QB,True,10.74
2023,11,10,3932905,Diontae Johnson,WR,20,BE,False,3.6
2023,11,10,4036133,T.J. Hockenson,TE,6,TE,True,9.5
2023,11,10,4427366,Breece Hall,RB,2,RB,True,18.3
2023,11,10,4426502,Drake London,WR,20,BE,False,0.0
2023,11,10,4035886,Khalil Herbert,RB,21,IR,False,6.1
2023,11,10,4429615,Zay Flowers,WR,23,FLEX,True,8.0
2023,11,10,-16009,Packers D/ST,D/ST,16,D/ST,True,4.0
2023,11,10,3050478,Jake Elliott,K,17,K,True,3.0
2023,11,10,4426515,Puka Nacua,WR,4,WR,True,18.7
2023,11,10,4038524,Gardner Minshew,QB,20,BE,False,0.0
2023,11,10,3150744,Chase McLaughlin,K,20,BE,False,2.0
2023,11,6,3068267,Austin Ekeler,RB,2,RB,True,7.0
2023,11,6,4374302,Amon-Ra St. Brown,WR,4,WR,True,21.7
2023,11,6,4372016,Jaylen Waddle,WR,23,FLEX,True,9.5
2023,11,6,3054850,Alvin Kamara,RB,20,BE,False,0.0
2023,11,6,4243537,Gabe Davis,WR,4,WR,True,0.0
2023,11,6,2576414,Raheem Mostert,RB,2,RB,True,10.299999999999999
2023,11,6,-16015,Dolphins D/ST,D/ST,16,D/ST,True,13.0
2023,11,6,3046779,Jared Goff,QB,0,QB,True,17.740000000000002
2023,11,6,3122976,Jeff Wilson Jr.,RB,20,BE,False,0.0
2023,11,6,4426875,Sam Howell,QB,20,BE,False,19.740000000000002
2023,11,6,3054212,Jonnu Smith,TE,20,BE,False,0.0
2023,11,6,4242355,Jake Ferguson,TE,6,TE,True,6.2
2023,11,6,3125116,D'Onta Foreman,RB,20,BE,False,7.4
2023,11,6,4596334,Keaton Mitchell,RB,23,FLEX,True,5.1000000000000005
2023,11,6,3055899,Harrison Butker,K,17,K,True,6.0
2023,11,6,4428331,Rashee Rice,WR,20,BE,False,8.2
2023,11,3,2976212,Stefon Diggs,WR,4,WR,True,6.7
2023,11,3,4569618,Garrett Wilson,WR,23,FLEX,True,0.9
2023,11,3,3042519,Aaron Jones,RB,2,RB,True,2.7
2023,11,3,4241478,DeVonta Smith,WR,4,WR,True,15.9
2023,11,3,4362887,Justin Fields,QB,0,QB,True,23.16
2023,11,3,4360248,Kyle Pitts,TE,20,BE,False,0.0
2023,11,3,4045163,Miles Sanders,RB,20,BE,False,6.2
2023,11,3,3121422,Terry McLaurin,WR,20,BE,False,9.3
2023,11,3,3895856,Christian Kirk,WR,23,FLEX,True,7.800000000000001
2023,11,3,3916433,Jakobi Meyers,WR,20,BE,False,8.9
2023,11,3,14881,Russell Wilson,QB,20,BE,False,16.46
2023,11,3,4040761,Devin Singletary,RB,2,RB,True,19.800000000000004
2023,11,3,4361259,Zach Wilson,QB,20,BE,False,8.74
2023,11,3,-16026,Seahawks D/ST,D/ST,16,D/ST,True,6.0
2023,11,3,4429086,Michael Mayer,TE,6,TE,True,8.600000000000001
2023,11,3,4243371,Riley Patterson,K,17,K,True,3.0
2023,11,1,15847,Travis Kelce,TE,6,TE,True,15.4
2023,11,1,3139477,Patrick Mahomes,QB,0,QB,True,20.880000000000003
2023,11,1,4429795,Jahmyr Gibbs,RB,2,RB,True,21.5
2023,11,1,3051392,Ezekiel Elliott,RB,20,BE,False,0.0
2023,11,1,3916566,K.J. Osborn,WR,20,BE,False,1.7000000000000002
2023,11,1,3121427,Curtis Samuel,WR,20,BE,False,1.5
2023,11,1,4430737,Kyren Williams,RB,21,IR,False,0.0
2023,11,1,4372019,Jerome Ford,RB,2,RB,True,11.9
2023,11,1,4248528,Christian Watson,WR,4,WR,True,10.2
2023,11,1,4426388,Jameson Williams,WR,20,BE,False,12.4
2023,11,1,4366031,Tank Dell,WR,4,WR,True,29.9
2023,11,1,-16033,Ravens D/ST,D/ST,16,D/ST,True,7.0
2023,11,1,4361579,Javonte Williams,RB,23,FLEX,True,7.300000000000001
2023,11,1,4430878,Jaxon Smith-Njigba,WR,23,FLEX,True,7.0
2023,11,1,3953687,Brandon Aubrey,K,17,K,True,8.0
2023,11,1,2565969,Taylor Heinicke,QB,20,BE,False,0.0
2023,11,1,3046439,Hunter Henry,TE,20,BE,False,0.0
2023,11,12,4362628,Ja'Marr Chase,WR,4,WR,True,9.2
2023,11,12,3916148,Tony Pollard,RB,2,RB,True,18.0
2023,11,12,3925357,Calvin Ridley,WR,4,WR,True,31.1
2023,11,12,4048244,Alexander Mattison,RB,23,FLEX,True,7.0
2023,11,12,4242335,Jonathan Taylor,RB,20,BE,False,0.0
2023,11,12,4241463,Jerry Jeudy,WR,20,BE,False,10.8
2023,11,12,4430027,Sam LaPorta,TE,6,TE,True,6.8
2023,11,12,4258173,Nico Collins,WR,23,FLEX,True,13.5
2023,11,12,3059915,Kareem Hunt,RB,2,RB,True,6.699999999999999
2023,11,12,4432577,C.J. Stroud,QB,0,QB,True,20.34
2023,11,12,15965,Dustin Hopkins,K,17,K,True,7.0
2023,11,12,-16012,Chiefs D/ST,D/ST,16,D/ST,True,9.0
2023,11,12,2468609,Taysom Hill,TE,20,BE,False,0.0
2023,11,12,3917315,Kyler Murray,QB,20,BE,False,24.660000000000004
2023,11,12,4362249,Jayden Reed,WR,20,BE,False,19.200000000000003
2023,11,12,4035676,Zack Moss,RB,20,BE,False,0.0
2023,11,4,3043078,Derrick Henry,RB,2,RB,True,5.4
2023,11,4,3916387,Lamar Jackson,QB,20,BE,False,27.96
2023,11,4,2976499,Amari Cooper,WR,4,WR,True,7.4
2023,11,4,15795,DeAndre Hopkins,WR,23,FLEX,True,16.9
2023,11,4,15683,Justin Tucker,K,17,K,True,11.0
2023,11,4,3045147,James Conner,RB,2,RB,True,8.299999999999999
2023,11,4,16737,Mike Evans,WR,4,WR,True,15.3
2023,11,4,3040151,George Kittle,TE,6,TE,True,22.9
2023,11,4,4361529,Isiah Pacheco,RB,23,FLEX,True,10.1
2023,11,4,4426354,George Pickens,WR,20,BE,False,7.7
2023,11,4,4241479,Tua Tagovailoa,QB,0,QB,True,21.6
2023,11,4,-16006,Cowboys D/ST,D/ST,16,D/ST,True,24.0
2023,11,4,4241416,Chuba Hubbard,RB,20,BE,False,8.5
2023,11,4,-16013,Raiders D/ST,D/ST,20,BE,False,5.0
2023,11,4,4427095,DeMario Douglas,WR,20,BE,False,0.0
2023,11,4,16813,Logan Thomas,TE,20,BE,False,8.8
2023,11,5,16800,Davante Adams,WR,4,WR,True,22.200000000000003
2023,11,5,4430807,Bijan Robinson,RB,20,BE,False,0.0
2023,11,5,3929630,Saquon Barkley,RB,2,RB,True,30.0
2023,11,5,3116165,Chris Godwin,WR,23,FLEX,True,9.9
2023,11,5,4697815,Rachaad White,RB,23,FLEX,True,17.8
2023,11,5,3915416,DJ Moore,WR,4,WR,True,22.6
2023,11,5,4426386,Roschon Johnson,RB,2,RB,True,3.0
2023,11,5,3925347,Damien Harris,RB,21,IR,False,0.0
2023,11,5,4036378,Jordan Love,QB,20,BE,False,24.880000000000003
2023,11,5,4361432,Romeo Doubs,WR,20,BE,False,16.3
2023,11,5,3915486,Tyler Conklin,TE,20,BE,False,3.8
2023,11,5,12483,Matthew Stafford,QB,0,QB,True,11.7
2023,11,5,4688813,Josh Downs,WR,20,BE,False,0.0
2023,11,5,-16008,Lions D/ST,D/ST,16,D/ST,True,6.0
2023,11,5,3123076,David Njoku,TE,6,TE,True,12.600000000000001
2023,11,5,-16020,Jets D/ST,D/ST,20,BE,False,2.0
2023,11,5,4372066,Jake Moody,K,17,K,True,9.0
2023,11,11,4047650,DK Metcalf,WR,23,FLEX,True,20.4
2023,11,11,4047365,Josh Jacobs,RB,2,RB,True,6.1000000000000005
2023,11,11,3126486,Deebo Samuel,WR,4,WR,True,9.200000000000001
2023,11,11,4038941,Justin Herbert,QB,0,QB,True,32.7
2023,11,11,4379399,James Cook,RB,23,FLEX,True,19.200000000000003
2023,11,11,4567048,Kenneth Walker III,RB,2,RB,True,2.5999999999999996
2023,11,11,2577327,Tyler Lockett,WR,4,WR,True,10.100000000000001
2023,11,11,15864,Geno Smith,QB,20,BE,False,15.22
2023,11,11,4035687,Michael Pittman Jr.,WR,20,BE,False,0.0
2023,11,11,3051876,Evan Engram,TE,20,BE,False,6.9
2023,11,11,4722893,Jaleel McLaughlin,RB,20,BE,False,6.5
2023,11,11,2473037,Jason Myers,K,17,K,True,14.0
2023,11,11,4032473,Rashid Shaheed,WR,20,BE,False,0.0
2023,11,11,4361307,Trey McBride,TE,6,TE,True,9.3
2023,11,11,13982,Julio Jones,WR,20,BE,False,2.5
2023,11,11,-16016,Vikings D/ST,D/ST,16,D/ST,True,4.0
2023,11,9,3116406,Tyreek Hill,WR,4,WR,True,30.6
2023,11,9,3918298,Josh Allen,QB,20,BE,False,31.5
2023,11,9,4239993,Tee Higgins,WR,20,BE,False,0.0
2023,11,9,3116365,Mark Andrews,TE,23,FLEX,True,4.300000000000001
2023,11,9,-16025,49ers D/ST,D/ST,16,D/ST,True,11.0
2023,11,9,4035538,David Montgomery,RB,23,FLEX,True,17.8
2023,11,9,4360294,Antonio Gibson,RB,20,BE,False,0.0
2023,11,9,4259545,D'Andre Swift,RB,2,RB,True,19.700000000000003
2023,11,9,4241474,Brian Robinson Jr.,RB,2,RB,True,20.200000000000003
2023,11,9,4360234,Evan McPherson,K,20,BE,False,9.0
2023,11,9,4361741,Brock Purdy,QB,0,QB,True,35.72
2023,11,9,-16005,Browns D/ST,D/ST,20,BE,False,8.0
2023,11,9,3135321,Hunter Renfrow,WR,4,WR,True,9.2
2023,11,9,3918639,Gerald Everett,TE,20,BE,False,0.0
2023,11,9,4362081,Cameron Dicker,K,17,K,True,8.0
2023,11,9,3117256,Dalton Schultz,TE,6,TE,True,11.2
2023,12,2,3116385,Joe Mixon,RB,2,RB,True,8.0
2023,12,2,4047646,A.J. Brown,WR,23,FLEX,True,14.7
2023,12,2,4040715,Jalen Hurts,QB,0,QB,True,40.5
2023,12,2,2577417,Dak Prescott,QB,20,BE,False,40.24
2023,12,2,-16002,Bills D/ST,D/ST,20,BE,False,3.0
2023,12,2,3917232,Tyler Bass,K,17,K,True,10.0
2023,12,2,3128429,Courtland Sutton,WR,4,WR,True,9.100000000000001
2023,12,2,4258595,Cole Kmet,TE,6,TE,True,11.3
2023,12,2,4239934,AJ Dillon,RB,23,FLEX,True,11.1
2023,12,2,-16018,Saints D/ST,D/ST,16,D/ST,True,4.0
2023,12,2,4360635,Chigoziem Okonkwo,TE,20,BE,False,8.5
2023,12,2,16460,Adam Thielen,WR,4,WR,True,1.2
2023,12,2,4240600,Kadarius Toney,WR,20,BE,False,0.0
2023,12,2,4428557,Tyjae Spears,RB,20,BE,False,1.7000000000000002
2023,12,2,15920,Latavius Murray,RB,2,RB,True,7.8
2023,12,2,3115255,Brandon Powell,WR,20,BE,False,7.7
2023,12,10,2977187,Cooper Kupp,WR,23,FLEX,True,4.8
2023,12,10,4241457,Najee Harris,RB,20,BE,False,15.9
2023,12,10,4569173,Rhamondre Stevenson,RB,2,RB,True,21.7
2023,12,10,15818,Keenan Allen,WR,4,WR,True,22.6
2023,12,10,3915511,Joe Burrow,QB,21,IR,False,0.0
2023,12,10,3932905,Diontae Johnson,WR,20,BE,False,9.0
2023,12,10,4036133,T.J. Hockenson,TE,6,TE,True,16.0
2023,12,10,4427366,Breece Hall,RB,2,RB,True,11.9
2023,12,10,4426502,Drake London,WR,20,BE,False,14.1
2023,12,10,4035886,Khalil Herbert,RB,20,BE,False,5.800000000000001
2023,12,10,4429615,Zay Flowers,WR,23,FLEX,True,23.2
2023,12,10,-16009,Packers D/ST,D/ST,16,D/ST,True,11.0
2023,12,10,3050478,Jake Elliott,K,17,K,True,9.0
2023,12,10,4426515,Puka Nacua,WR,4,WR,True,6.7
2023,12,10,4038524,Gardner Minshew,QB,0,QB,True,14.64
2023,12,10,3150744,Chase McLaughlin,K,20,BE,False,8.0
2023,12,10,16757,Derek Carr,QB,20,BE,False,10.86
2023,12,3,2976212,Stefon Diggs,WR,4,WR,True,19.4
2023,12,3,4569618,Garrett Wilson,WR,23,FLEX,True,17.4
2023,12,3,3042519,Aaron Jones,RB,20,BE,False,0.0
2023,12,3,4241478,DeVonta Smith,WR,4,WR,True,23.6
2023,12,3,4362887,Justin Fields,QB,0,QB,True,10.58
2023,12,3,4360248,Kyle Pitts,TE,6,TE,True,4.2
2023,12,3,4045163,Miles Sanders,RB,2,RB,True,2.8000000000000003
2023,12,3,3121422,Terry McLaurin,WR,20,BE,False,9.0
2023,12,3,3895856,Christian Kirk,WR,23,FLEX,True,12.9
2023,12,3,3916433,Jakobi Meyers,WR,20,BE,False,20.1
2023,12,3,14881,Russell Wilson,QB,20,BE,False,18.76
2023,12,3,4040761,Devin Singletary,RB,2,RB,True,13.2
2023,12,3,4361259,Zach Wilson,QB,20,BE,False,0.0
2023,12,3,-16026,Seahawks D/ST,D/ST,16,D/ST,True,8.0
2023,12,3,4429086,Michael Mayer,TE,20,BE,False,4.7
2023,12,3,4243371,Riley Patterson,K,17,K,True,-1.0
2023,12,8,3117251,Christian McCaffrey,RB,2,RB,True,30.9
2023,12,8,4239996,Travis Etienne Jr.,RB,2,RB,True,12.600000000000001
2023,12,8,4241389,CeeDee Lamb,WR,4,WR,True,17.3
2023,12,8,4361370,Chris Olave,WR,4,WR,True,18.4
2023,12,8,4241372,Marquise Brown,WR,20,BE,False,14.8
2023,12,8,16731,Brandin Cooks,WR,20,BE,False,17.2
2023,12,8,4429205,Jordan Addison,WR,23,FLEX,True,9.9
2023,12,8,2573401,Tyler Higbee,TE,20,BE,False,19.9
2023,12,8,3051909,Daniel Carlson,K,17,K,True,4.0
2023,12,8,-16017,Patriots D/ST,D/ST,20,BE,False,13.0
2023,12,8,3051926,Gus Edwards,RB,23,FLEX,True,4.7
2023,12,8,15835,Zach Ertz,TE,21,IR,False,0.0
2023,12,8,3052587,Baker Mayfield,QB,20,BE,False,17.36
2023,12,8,4569987,Jaylen Warren,RB,20,BE,False,7.2
2023,12,8,3044720,Joshua Dobbs,QB,0,QB,True,6.5
2023,12,8,4385690,Dalton Kincaid,TE,6,TE,True,8.8
2023,12,8,-16028,Commanders D/ST,D/ST,16,D/ST,True,-5.0
2023,12,12,4362628,Ja'Marr Chase,WR,4,WR,True,12.1
2023,12,12,3925357,Calvin Ridley,WR,23,FLEX,True,21.9
2023,12,12,4048244,Alexander Mattison,RB,2,RB,True,8.3
2023,12,12,4242335,Jonathan Taylor,RB,2,RB,True,21.1
2023,12,12,4241463,Jerry Jeudy,WR,20,BE,False,3.1
2023,12,12,4430027,Sam LaPorta,TE,6,TE,True,17.7
2023,12,12,4258173,Nico Collins,WR,23,FLEX,True,23.4
2023,12,12,3059915,Kareem Hunt,RB,20,BE,False,2.2
2023,12,12,4432577,C.J. Stroud,QB,0,QB,True,34.86
2023,12,12,15965,Dustin Hopkins,K,17,K,True,6.0
2023,12,12,-16012,Chiefs D/ST,D/ST,16,D/ST,True,2.0
2023,12,12,2468609,Taysom Hill,TE,20,BE,False,8.1
2023,12,12,3917315,Kyler Murray,QB,20,BE,False,22.44
2023,12,12,4362249,Jayden Reed,WR,20,BE,False,15.0
2023,12,12,4035676,Zack Moss,RB,20,BE,False,9.0
2023,12,12,4047650,DK Metcalf,WR,4,WR,True,6.2
2023,12,7,4262921,Justin Jefferson,WR,20,BE,False,0.0
2023,12,7,4360438,Brandon Aiyuk,WR,4,WR,True,13.0
2023,12,7,4360238,Dameon Pierce,RB,20,BE,False,2.8000000000000003
2023,12,7,4360310,Trevor Lawrence,QB,0,QB,True,26.560000000000002
2023,12,7,2576925,Darren Waller,TE,21,IR,False,0.0
2023,12,7,2976316,Michael Thomas,WR,21,IR,False,0.0
2023,12,7,3045144,Tyler Boyd,WR,23,FLEX,True,5.300000000000001
2023,12,7,-16021,Eagles D/ST,D/ST,20,BE,False,-2.0
2023,12,7,10621,Nick Folk,K,17,K,True,7.0
2023,12,7,4429160,De'Von Achane,RB,20,BE,False,0.0
2023,12,7,4361409,Jahan Dotson,WR,4,WR,True,10.2
2023,12,7,4243331,Cade Otton,TE,6,TE,True,8.5
2023,12,7,4038815,Rico Dowdle,RB,20,BE,False,9.6
2023,12,7,3121409,Noah Brown,WR,20,BE,False,0.0
2023,12,7,4242431,Ty Chandler,RB,2,RB,True,2.1
2023,12,7,-16023,Steelers D/ST,D/ST,16,D/ST,True,11.0
2023,12,7,4426385,Zach Charbonnet,RB,2,RB,True,9.799999999999999
2023,12,7,4372414,Elijah Moore,WR,23,FLEX,True,5.4
2023,12,5,16800,Davante Adams,WR,4,WR,True,12.3
2023,12,5,4430807,Bijan Robinson,RB,2,RB,True,27.3
2023,12,5,3929630,Saquon Barkley,RB,2,RB,True,6.200000000000001
2023,12,5,3116165,Chris Godwin,WR,23,FLEX,True,7.5
2023,12,5,4697815,Rachaad White,RB,23,FLEX,True,13.0
2023,12,5,3915416,DJ Moore,WR,4,WR,True,22.4
2023,12,5,4426386,Roschon Johnson,RB,20,BE,False,12.5
2023,12,5,3925347,Damien Harris,RB,21,IR,False,0.0
2023,12,5,4036378,Jordan Love,QB,20,BE,False,32.620000000000005
2023,12,5,4361432,Romeo Doubs,WR,20,BE,False,6.7
2023,12,5,3915486,Tyler Conklin,TE,20,BE,False,7.300000000000001
2023,12,5,12483,Matthew Stafford,QB,0,QB,True,31.36
2023,12,5,4688813,Josh Downs,WR,20,BE,False,9.3
2023,12,5,-16008,Lions D/ST,D/ST,16,D/ST,True,0.0
2023,12,5,3123076,David Njoku,TE,6,TE,True,11.9
2023,12,5,4372066,Jake Moody,K,17,K,True,7.0
2023,12,5,-16004,Bengals D/ST,D/ST,20,BE,False,3.0
2023,12,6,3068267,Austin Ekeler,RB,2,RB,True,9.4
2023,12,6,4374302,Amon-Ra St. Brown,WR,4,WR,True,18.5
2023,12,6,4372016,Jaylen Waddle,WR,4,WR,True,19.4
2023,12,6,3054850,Alvin Kamara,RB,2,RB,True,15.9
2023,12,6,4243537,Gabe Davis,WR,20,BE,False,22.5
2023,12,6,2576414,Raheem Mostert,RB,23,FLEX,True,21.4
2023,12,6,-16015,Dolphins D/ST,D/ST,16,D/ST,True,24.0
2023,12,6,3046779,Jared Goff,QB,0,QB,True,22.18
2023,12,6,3122976,Jeff Wilson Jr.,RB,20,BE,False,10.3
2023,12,6,4426875,Sam Howell,QB,20,BE,False,17.3
2023,12,6,3054212,Jonnu Smith,TE,20,BE,False,0.0
2023,12,6,4242355,Jake Ferguson,TE,6,TE,True,4.5
2023,12,6,3125116,D'Onta Foreman,RB,20,BE,False,0.0
2023,12,6,3055899,Harrison Butker,K,17,K,True,7.0
2023,12,6,4428331,Rashee Rice,WR,20,BE,False,24.700000000000003
2023,12,6,16733,Odell Beckham Jr.,WR,23,FLEX,True,6.4
2023,12,9,3116406,Tyreek Hill,WR,4,WR,True,25.4
2023,12,9,3918298,Josh Allen,QB,20,BE,False,43.660000000000004
2023,12,9,4239993,Tee Higgins,WR,23,FLEX,True,0.0
2023,12,9,3116365,Mark Andrews,TE,20,BE,False,0.0
2023,12,9,-16025,49ers D/ST,D/ST,16,D/ST,True,15.0
2023,12,9,4035538,David Montgomery,RB,23,FLEX,True,15.100000000000001
2023,12,9,4360294,Antonio Gibson,RB,20,BE,False,6.699999999999999
2023,12,9,4259545,D'Andre Swift,RB,2,RB,True,9.4
2023,12,9,4241474,Brian Robinson Jr.,RB,2,RB,True,8.4
2023,12,9,4360234,Evan McPherson,K,20,BE,False,5.0
2023,12,9,4361741,Brock Purdy,QB,0,QB,True,12.459999999999999
2023,12,9,-16005,Browns D/ST,D/ST,20,BE,False,5.0
2023,12,9,3135321,Hunter Renfrow,WR,4,WR,True,7.800000000000001
2023,12,9,3918639,Gerald Everett,TE,20,BE,False,14.3
2023,12,9,4362081,Cameron Dicker,K,17,K,True,4.0
2023,12,9,3117256,Dalton Schultz,TE,6,TE,True,1.2
2023,12,1,15847,Travis Kelce,TE,6,TE,True,15.1
2023,12,1,3139477,Patrick Mahomes,QB,0,QB,True,24.82
2023,12,1,4429795,Jahmyr Gibbs,RB,2,RB,True,11.3
2023,12,1,3051392,Ezekiel Elliott,RB,20,BE,False,7.200000000000001
2023,12,1,3916566,K.J. Osborn,WR,20,BE,False,6.4
2023,12,1,3121427,Curtis Samuel,WR,20,BE,False,19.0
2023,12,1,4430737,Kyren Williams,RB,23,FLEX,True,38.4
2023,12,1,4372019,Jerome Ford,RB,2,RB,True,11.9
2023,12,1,4248528,Christian Watson,WR,4,WR,True,20.4
2023,12,1,4426388,Jameson Williams,WR,20,BE,False,7.1000000000000005
2023,12,1,4366031,Tank Dell,WR,4,WR,True,17.2
2023,12,1,-16033,Ravens D/ST,D/ST,16,D/ST,True,16.0
2023,12,1,4361579,Javonte Williams,RB,23,FLEX,True,10.1
2023,12,1,4430878,Jaxon Smith-Njigba,WR,20,BE,False,6.1000000000000005
2023,12,1,3953687,Brandon Aubrey,K,17,K,True,8.0
2023,12,1,3046439,Hunter Henry,TE,20,BE,False,0.0
2023,12,11,4047365,Josh Jacobs,RB,2,RB,True,25.5
2023,12,11,3126486,Deebo Samuel,WR,4,WR,True,22.4
2023,12,11,4038941,Justin Herbert,QB,0,QB,True,15.379999999999999
2023,12,11,4379399,James Cook,RB,23,FLEX,True,16.0
2023,12,11,4567048,Kenneth Walker III,RB,20,BE,False,0.0
2023,12,11,2577327,Tyler Lockett,WR,4,WR,True,6.0
2023,12,11,15864,Geno Smith,QB,20,BE,False,7.300000000000001
2023,12,11,4035687,Michael Pittman Jr.,WR,23,FLEX,True,20.700000000000003
2023,12,11,3051876,Evan Engram,TE,6,TE,True,9.9
2023,12,11,4722893,Jaleel McLaughlin,RB,20,BE,False,0.4
2023,12,11,2473037,Jason Myers,K,17,K,True,8.0
2023,12,11,4032473,Rashid Shaheed,WR,20,BE,False,2.9
2023,12,11,4361307,Trey McBride,TE,20,BE,False,13.0
2023,12,11,13982,Julio Jones,WR,20,BE,False,1.0
2023,12,11,-16016,Vikings D/ST,D/ST,16,D/ST,True,10.0
2023,12,11,3916148,Tony Pollard,RB,2,RB,True,22.299999999999997
2023,12,4,3043078,Derrick Henry,RB,2,RB,True,20.6
2023,12,4,3916387,Lamar Jackson,QB,0,QB,True,16.98
2023,12,4,2976499,Amari Cooper,WR,4,WR,True,3.6
2023,12,4,15795,DeAndre Hopkins,WR,23,FLEX,True,7.9
2023,12,4,15683,Justin Tucker,K,17,K,True,9.0
2023,12,4,3045147,James Conner,RB,2,RB,True,7.2
2023,12,4,16737,Mike Evans,WR,4,WR,True,25.0
2023,12,4,3040151,George Kittle,TE,6,TE,True,4.9
2023,12,4,4361529,Isiah Pacheco,RB,23,FLEX,True,25.9
2023,12,4,4426354,George Pickens,WR,20,BE,False,8.8
2023,12,4,4241479,Tua Tagovailoa,QB,20,BE,False,9.82
2023,12,4,-16006,Cowboys D/ST,D/ST,16,D/ST,True,15.0
2023,12,4,4241416,Chuba Hubbard,RB,20,BE,False,20.2
2023,12,4,-16013,Raiders D/ST,D/ST,20,BE,False,0.0
2023,12,4,4427095,DeMario Douglas,WR,20,BE,False,10.9
2023,12,4,16813,Logan Thomas,TE,20,BE,False,3.5
2023,13,3,2976212,Stefon Diggs,WR,20,BE,False,0.0
2023,13,3,4569618,Garrett Wilson,WR,23,FLEX,True,8.0
2023,13,3,3042519,Aaron Jones,RB,20,BE,False,0.0
2023,13,3,4241478,DeVonta Smith,WR,4,WR,True,24.6
2023,13,3,4362887,Justin Fields,QB,20,BE,False,0.0
2023,13,3,4360248,Kyle Pitts,TE,6,TE,True,9.100000000000001
2023,13,3,4045163,Miles Sanders,RB,2,RB,True,3.9000000000000004
2023,13,3,3121422,Terry McLaurin,WR,4,WR,True,0.0
2023,13,3,3895856,Christian Kirk,WR,23,FLEX,True,3.6
2023,13,3,3916433,Jakobi Meyers,WR,20,BE,False,0.0
2023,13,3,14881,Russell Wilson,QB,0,QB,True,18.84
2023,13,3,4040761,Devin Singletary,RB,2,RB,True,5.0
2023,13,3,4361259,Zach Wilson,QB,20,BE,False,0.0
2023,13,3,-16026,Seahawks D/ST,D/ST,16,D/ST,True,-1.0
2023,13,3,4429086,Michael Mayer,TE,20,BE,False,0.0
2023,13,3,4243371,Riley Patterson,K,17,K,True,9.0
2023,13,2,3116385,Joe Mixon,RB,2,RB,True,29.700000000000003
2023,13,2,4047646,A.J. Brown,WR,23,FLEX,True,19.4
2023,13,2,4040715,Jalen Hurts,QB,0,QB,True,25.92
2023,13,2,2577417,Dak Prescott,QB,20,BE,False,34.260000000000005
2023,13,2,-16002,Bills D/ST,D/ST,20,BE,False,0.0
2023,13,2,3917232,Tyler Bass,K,20,BE,False,0.0
2023,13,2,3128429,Courtland Sutton,WR,4,WR,True,16.7
2023,13,2,4258595,Cole Kmet,TE,20,BE,False,0.0
2023,13,2,4239934,AJ Dillon,RB,23,FLEX,True,9.700000000000001
2023,13,2,-16018,Saints D/ST,D/ST,16,D/ST,True,0.0
2023,13,2,4360635,Chigoziem Okonkwo,TE,6,TE,True,9.4
2023,13,2,16460,Adam Thielen,WR,4,WR,True,5.5
2023,13,2,4428557,Tyjae Spears,RB,2,RB,True,12.8
2023,13,2,15920,Latavius Murray,RB,20,BE,False,0.0
2023,13,2,3115255,Brandon Powell,WR,20,BE,False,0.0
2023,13,2,3124679,Jason Sanders,K,17,K,True,10.0
2023,13,10,2977187,Cooper Kupp,WR,23,FLEX,True,15.9
2023,13,10,4241457,Najee Harris,RB,23,FLEX,True,9.700000000000001
2023,13,10,4569173,Rhamondre Stevenson,RB,2,RB,True,2.9000000000000004
2023,13,10,15818,Keenan Allen,WR,4,WR,True,10.8
2023,13,10,3915511,Joe Burrow,QB,21,IR,False,0.0
2023,13,10,3932905,Diontae Johnson,WR,20,BE,False,13.3
2023,13,10,4036133,T.J. Hockenson,TE,20,BE,False,0.0
2023,13,10,4427366,Breece Hall,RB,2,RB,True,10.5
2023,13,10,4426502,Drake London,WR,20,BE,False,1.8
2023,13,10,4035886,Khalil Herbert,RB,20,BE,False,0.0
2023,13,10,4429615,Zay Flowers,WR,20,BE,False,0.0
2023,13,10,-16009,Packers D/ST,D/ST,16,D/ST,True,5.0
2023,13,10,3050478,Jake Elliott,K,17,K,True,7.0
2023,13,10,4426515,Puka Nacua,WR,4,WR,True,26.9
2023,13,10,4038524,Gardner Minshew,QB,20,BE,False,22.68
2023,13,10,16757,Derek Carr,QB,0,QB,True,10.940000000000001
2023,13,10,3046439,Hunter Henry,TE,6,TE,True,3.5
2023,13,12,4362628,Ja'Marr Chase,WR,4,WR,True,34.62
2023,13,12,3925357,Calvin Ridley,WR,23,FLEX,True,7.300000000000001
2023,13,12,4048244,Alexander Mattison,RB,20,BE,False,0.0
2023,13,12,4242335,Jonathan Taylor,RB,20,BE,False,0.0
2023,13,12,4430027,Sam LaPorta,TE,6,TE,True,29.0
2023,13,12,4258173,Nico Collins,WR,23,FLEX,True,34.1
2023,13,12,3059915,Kareem Hunt,RB,2,RB,True,5.800000000000001
2023,13,12,4432577,C.J. Stroud,QB,0,QB,True,18.060000000000002
2023,13,12,15965,Dustin Hopkins,K,17,K,True,7.0
2023,13,12,-16012,Chiefs D/ST,D/ST,16,D/ST,True,2.0
2023,13,12,2468609,Taysom Hill,TE,20,BE,False,15.4
2023,13,12,3917315,Kyler Murray,QB,20,BE,False,13.8
2023,13,12,4362249,Jayden Reed,WR,20,BE,False,5.6
2023,13,12,4035676,Zack Moss,RB,2,RB,True,7.700000000000001
2023,13,12,4047650,DK Metcalf,WR,4,WR,True,40.4
2023,13,12,3122672,Royce Freeman,RB,20,BE,False,0.0
2023,13,8,3117251,Christian McCaffrey,RB,2,RB,True,22.3
2023,13,8,4239996,Travis Etienne Jr.,RB,2,RB,True,17.9
2023,13,8,4241389,CeeDee Lamb,WR,4,WR,True,32.6
2023,13,8,4361370,Chris Olave,WR,4,WR,True,16.9
2023,13,8,4241372,Marquise Brown,WR,23,FLEX,True,0.0
2023,13,8,16731,Brandin Cooks,WR,20,BE,False,16.5
2023,13,8,4429205,Jordan Addison,WR,20,BE,False,0.0
2023,13,8,2573401,Tyler Higbee,TE,6,TE,True,5.5
2023,13,8,3051909,Daniel Carlson,K,20,BE,False,0.0
2023,13,8,-16017,Patriots D/ST,D/ST,16,D/ST,True,6.0
2023,13,8,3051926,Gus Edwards,RB,20,BE,False,0.0
2023,13,8,15835,Zach Ertz,TE,21,IR,False,0.0
2023,13,8,3052587,Baker Mayfield,QB,0,QB,True,14.879999999999999
2023,13,8,4569987,Jaylen Warren,RB,23,FLEX,True,6.5
2023,13,8,3044720,Joshua Dobbs,QB,20,BE,False,0.0
2023,13,8,4385690,Dalton Kincaid,TE,20,BE,False,0.0
2023,13,8,4249087,Matt Gay,K,17,K,True,14.0
2023,13,5,16800,Davante Adams,WR,20,BE,False,0.0
2023,13,5,4430807,Bijan Robinson,RB,2,RB,True,10.9
2023,13,5,3929630,Saquon Barkley,RB,20,BE,False,0.0
2023,13,5,3116165,Chris Godwin,WR,23,FLEX,True,7.9
2023,13,5,4697815,Rachaad White,RB,2,RB,True,19.599999999999998
2023,13,5,3915416,DJ Moore,WR,20,BE,False,0.0
2023,13,5,3925347,Damien Harris,RB,21,IR,False,0.0
2023,13,5,4036378,Jordan Love,QB,0,QB,True,29.68
2023,13,5,4361432,Romeo Doubs,WR,4,WR,True,11.2
2023,13,5,3915486,Tyler Conklin,TE,20,BE,False,6.5
2023,13,5,12483,Matthew Stafford,QB,20,BE,False,31.96
2023,13,5,4688813,Josh Downs,WR,4,WR,True,4.4
2023,13,5,-16008,Lions D/ST,D/ST,16,D/ST,True,5.0
2023,13,5,3123076,David Njoku,TE,6,TE,True,3.7
2023,13,5,4372066,Jake Moody,K,17,K,True,6.0
2023,13,5,-16004,Bengals D/ST,D/ST,20,BE,False,3.0
2023,13,5,4241401,Trey Sermon,RB,23,FLEX,True,0.0
2023,13,7,4262921,Justin Jefferson,WR,21,IR,False,0.0
2023,13,7,4360438,Brandon Aiyuk,WR,4,WR,True,15.600000000000001
2023,13,7,4360238,Dameon Pierce,RB,20,BE,False,10.100000000000001
2023,13,7,4360310,Trevor Lawrence,QB,0,QB,True,29.12
2023,13,7,2576925,Darren Waller,TE,21,IR,False,0.0
2023,13,7,3045144,Tyler Boyd,WR,20,BE,False,7.199999999999999
2023,13,7,10621,Nick Folk,K,17,K,True,8.0
2023,13,7,4429160,De'Von Achane,RB,2,RB,True,25.3
2023,13,7,4243331,Cade Otton,TE,20,BE,False,0.0
2023,13,7,4038815,Rico Dowdle,RB,20,BE,False,3.2
2023,13,7,3121409,Noah Brown,WR,4,WR,True,0.0
2023,13,7,-16023,Steelers D/ST,D/ST,16,D/ST,True,4.0
2023,13,7,4426385,Zach Charbonnet,RB,2,RB,True,16.9
2023,13,7,4372414,Elijah Moore,WR,23,FLEX,True,12.3
2023,13,7,4361411,Pat Freiermuth,TE,6,TE,True,5.9
2023,13,7,4596334,Keaton Mitchell,RB,20,BE,False,0.0
2023,13,7,3118892,Justin Watson,WR,23,FLEX,True,0.0
2023,13,7,4037235,Greg Dortch,WR,20,BE,False,2.9000000000000004
2023,13,9,3116406,Tyreek Hill,WR,4,WR,True,38.300000000000004
2023,13,9,3918298,Josh Allen,QB,20,BE,False,0.0
2023,13,9,4239993,Tee Higgins,WR,4,WR,True,6.6
2023,13,9,3116365,Mark Andrews,TE,20,BE,False,0.0
2023,13,9,-16025,49ers D/ST,D/ST,16,D/ST,True,3.0
2023,13,9,4035538,David Montgomery,RB,23,FLEX,True,12.500000000000002
2023,13,9,4360294,Antonio Gibson,RB,23,FLEX,True,11.2
2023,13,9,4259545,D'Andre Swift,RB,2,RB,True,4.0
2023,13,9,4241474,Brian Robinson Jr.,RB,2,RB,True,5.300000000000001
2023,13,9,4360234,Evan McPherson,K,20,BE,False,12.0
2023,13,9,4361741,Brock Purdy,QB,0,QB,True,39.46
2023,13,9,-16005,Browns D/ST,D/ST,20,BE,False,-1.0
2023,13,9,3135321,Hunter Renfrow,WR,20,BE,False,0.0
2023,13,9,3918639,Gerald Everett,TE,20,BE,False,8.4
2023,13,9,4362081,Cameron Dicker,K,17,K,True,6.0
2023,13,9,3117256,Dalton Schultz,TE,6,TE,True,0.0
2023,13,6,3068267,Austin Ekeler,RB,2,RB,True,4.7
2023,13,6,4374302,Amon-Ra St. Brown,WR,4,WR,True,12.9
2023,13,6,4372016,Jaylen Waddle,WR,4,WR,True,10.2
2023,13,6,3054850,Alvin Kamara,RB,2,RB,True,28.900000000000002
2023,13,6,4243537,Gabe Davis,WR,20,BE,False,0.0
2023,13,6,2576414,Raheem Mostert,RB,23,FLEX,True,12.100000000000001
2023,13,6,-16015,Dolphins D/ST,D/ST,16,D/ST,True,14.0
2023,13,6,3046779,Jared Goff,QB,0,QB,True,20.32
2023,13,6,3122976,Jeff Wilson Jr.,RB,20,BE,False,1.1
2023,13,6,4426875,Sam Howell,QB,20,BE,False,19.18
2023,13,6,4242355,Jake Ferguson,TE,6,TE,True,19.7
2023,13,6,3125116,D'Onta Foreman,RB,20,BE,False,0.0
2023,13,6,3055899,Harrison Butker,K,17,K,True,7.0
2023,13,6,4428331,Rashee Rice,WR,23,FLEX,True,14.4
2023,13,6,16733,Odell Beckham Jr.,WR,20,BE,False,0.0
2023,13,6,4241463,Jerry Jeudy,WR,20,BE,False,8.100000000000001
2023,13,11,4047365,Josh Jacobs,RB,20,BE,False,0.0
2023,13,11,3126486,Deebo Samuel,WR,4,WR,True,37.8
2023,13,11,4038941,Justin Herbert,QB,0,QB,True,7.98
2023,13,11,4379399,James Cook,RB,20,BE,False,0.0
2023,13,11,4567048,Kenneth Walker III,RB,20,BE,False,0.0
2023,13,11,2577327,Tyler Lockett,WR,4,WR,True,9.7
2023,13,11,15864,Geno Smith,QB,20,BE,False,38.96
2023,13,11,4035687,Michael Pittman Jr.,WR,23,FLEX,True,27.5
2023,13,11,3051876,Evan Engram,TE,6,TE,True,23.200000000000003
2023,13,11,2473037,Jason Myers,K,17,K,True,4.0
2023,13,11,4032473,Rashid Shaheed,WR,20,BE,False,0.0
2023,13,11,4361307,Trey McBride,TE,23,FLEX,True,22.9
2023,13,11,13982,Julio Jones,WR,20,BE,False,0.0
2023,13,11,3916148,Tony Pollard,RB,2,RB,True,17.3
2023,13,11,-16001,Falcons D/ST,D/ST,16,D/ST,True,16.0
2023,13,11,3116389,Samaje Perine,RB,2,RB,True,2.6
2023,13,1,15847,Travis Kelce,TE,6,TE,True,12.1
2023,13,1,3139477,Patrick Mahomes,QB,0,QB,True,15.0
2023,13,1,4429795,Jahmyr Gibbs,RB,2,RB,True,6.4
2023,13,1,3051392,Ezekiel Elliott,RB,20,BE,False,13.2
2023,13,1,3916566,K.J. Osborn,WR,20,BE,False,0.0
2023,13,1,3121427,Curtis Samuel,WR,20,BE,False,10.5
2023,13,1,4430737,Kyren Williams,RB,23,FLEX,True,20.200000000000003
2023,13,1,4372019,Jerome Ford,RB,2,RB,True,14.200000000000001
2023,13,1,4248528,Christian Watson,WR,4,WR,True,27.6
2023,13,1,4426388,Jameson Williams,WR,20,BE,False,10.0
2023,13,1,4366031,Tank Dell,WR,4,WR,True,0.0
2023,13,1,-16033,Ravens D/ST,D/ST,20,BE,False,0.0
2023,13,1,4361579,Javonte Williams,RB,23,FLEX,True,10.0
2023,13,1,4430878,Jaxon Smith-Njigba,WR,20,BE,False,13.2
2023,13,1,3953687,Brandon Aubrey,K,17,K,True,15.0
2023,13,1,-16020,Jets D/ST,D/ST,16,D/ST,True,12.0
2023,13,4,3043078,Derrick Henry,RB,2,RB,True,25.000000000000004
2023,13,4,3916387,Lamar Jackson,QB,20,BE,False,0.0
2023,13,4,2976499,Amari Cooper,WR,4,WR,True,6.4
2023,13,4,15795,DeAndre Hopkins,WR,23,FLEX,True,18.9
2023,13,4,15683,Justin Tucker,K,20,BE,False,0.0
2023,13,4,3045147,James Conner,RB,2,RB,True,22.5
2023,13,4,16737,Mike Evans,WR,4,WR,True,32.2
2023,13,4,3040151,George Kittle,TE,6,TE,True,10.8
2023,13,4,4361529,Isiah Pacheco,RB,23,FLEX,True,21.3
2023,13,4,4426354,George Pickens,WR,20,BE,False,12.6
2023,13,4,4241479,Tua Tagovailoa,QB,0,QB,True,29.200000000000003
2023,13,4,-16006,Cowboys D/ST,D/ST,16,D/ST,True,-2.0
2023,13,4,4241416,Chuba Hubbard,RB,20,BE,False,22.4
2023,13,4,4427095,DeMario Douglas,WR,20,BE,False,0.0
2023,13,4,16813,Logan Thomas,TE,20,BE,False,2.0
2023,13,4,17372,Chris Boswell,K,17,K,True,3.0
2023,14,2,3116385,Joe Mixon,RB,2,RB,True,21.5
2023,14,2,4047646,A.J. Brown,WR,23,FLEX,True,16.4
2023,14,2,4040715,Jalen Hurts,QB,0,QB,True,8.879999999999999
2023,14,2,2577417,Dak Prescott,QB,20,BE,False,21.939999999999998
2023,14,2,-16002,Bills D/ST,D/ST,20,BE,False,6.0
2023,14,2,3917232,Tyler Bass,K,20,BE,False,8.0
2023,14,2,3128429,Courtland Sutton,WR,4,WR,True,16.2
2023,14,2,4258595,Cole Kmet,TE,6,TE,True,11.600000000000001
2023,14,2,4239934,AJ Dillon,RB,20,BE,False,9.8
2023,14,2,-16018,Saints D/ST,D/ST,16,D/ST,True,18.0
2023,14,2,4360635,Chigoziem Okonkwo,TE,23,FLEX,True,9.600000000000001
2023,14,2,16460,Adam Thielen,WR,4,WR,True,12.4
2023,14,2,4428557,Tyjae Spears,RB,2,RB,True,17.8
2023,14,2,15920,Latavius Murray,RB,20,BE,False,4.0
2023,14,2,3115255,Brandon Powell,WR,20,BE,False,0.0
2023,14,2,3124679,Jason Sanders,K,17,K,True,8.0
2023,14,12,4362628,Ja'Marr Chase,WR,4,WR,True,5.9
2023,14,12,3925357,Calvin Ridley,WR,23,FLEX,True,9.3
2023,14,12,4048244,Alexander Mattison,RB,2,RB,True,6.6000000000000005
2023,14,12,4242335,Jonathan Taylor,RB,21,IR,False,0.0
2023,14,12,4430027,Sam LaPorta,TE,6,TE,True,4.7
2023,14,12,4258173,Nico Collins,WR,23,FLEX,True,2.3
2023,14,12,3059915,Kareem Hunt,RB,20,BE,False,10.0
2023,14,12,4432577,C.J. Stroud,QB,0,QB,True,3.64
2023,14,12,15965,Dustin Hopkins,K,17,K,True,9.0
2023,14,12,-16012,Chiefs D/ST,D/ST,20,BE,False,5.0
2023,14,12,2468609,Taysom Hill,TE,20,BE,False,0.0
2023,14,12,3917315,Kyler Murray,QB,20,BE,False,0.0
2023,14,12,4362249,Jayden Reed,WR,20,BE,False,20.5
2023,14,12,4035676,Zack Moss,RB,2,RB,True,9.600000000000001
2023,14,12,4047650,DK Metcalf,WR,4,WR,True,13.2
2023,14,12,4242431,Ty Chandler,RB,20,BE,False,7.2
2023,14,12,-16005,Browns D/ST,D/ST,16,D/ST,True,14.0
2023,14,5,16800,Davante Adams,WR,4,WR,True,12.3
2023,14,5,4430807,Bijan Robinson,RB,2,RB,True,19.8
2023,14,5,3929630,Saquon Barkley,RB,23,FLEX,True,23.1
2023,14,5,3116165,Chris Godwin,WR,23,FLEX,True,10.3
2023,14,5,4697815,Rachaad White,RB,2,RB,True,21.500000000000004
2023,14,5,3915416,DJ Moore,WR,4,WR,True,26.8
2023,14,5,3925347,Damien Harris,RB,21,IR,False,0.0
2023,14,5,4036378,Jordan Love,QB,0,QB,True,10.920000000000002
2023,14,5,4361432,Romeo Doubs,WR,20,BE,False,7.2
2023,14,5,3915486,Tyler Conklin,TE,20,BE,False,9.7
2023,14,5,12483,Matthew Stafford,QB,20,BE,False,29.66
2023,14,5,4688813,Josh Downs,WR,20,BE,False,6.2
2023,14,5,-16008,Lions D/ST,D/ST,16,D/ST,True,4.0
2023,14,5,3123076,David Njoku,TE,6,TE,True,27.1
2023,14,5,4372066,Jake Moody,K,17,K,True,4.0
2023,14,5,-16004,Bengals D/ST,D/ST,20,BE,False,12.0
2023,14,5,4241401,Trey Sermon,RB,20,BE,False,1.3
2023,14,3,2976212,Stefon Diggs,WR,4,WR,True,6.4
2023,14,3,4569618,Garrett Wilson,WR,23,FLEX,True,20.1
2023,14,3,3042519,Aaron Jones,RB,23,FLEX,True,0.0
2023,14,3,4241478,DeVonta Smith,WR,4,WR,True,10.3
2023,14,3,4362887,Justin Fields,QB,20,BE,False,26.72
2023,14,3,4360248,Kyle Pitts,TE,6,TE,True,14.7
2023,14,3,4045163,Miles Sanders,RB,2,RB,True,7.4
2023,14,3,3121422,Terry McLaurin,WR,20,BE,False,0.0
2023,14,3,3895856,Christian Kirk,WR,20,BE,False,0.0
2023,14,3,3916433,Jakobi Meyers,WR,20,BE,False,7.5
2023,14,3,14881,Russell Wilson,QB,0,QB,True,20.46
2023,14,3,4040761,Devin Singletary,RB,2,RB,True,12.5
2023,14,3,4361259,Zach Wilson,QB,20,BE,False,23.240000000000002
2023,14,3,-16026,Seahawks D/ST,D/ST,16,D/ST,True,0.0
2023,14,3,4429086,Michael Mayer,TE,20,BE,False,2.4000000000000004
2023,14,3,4243371,Riley Patterson,K,17,K,True,0.0
2023,14,9,3116406,Tyreek Hill,WR,4,WR,True,10.100000000000001
2023,14,9,3918298,Josh Allen,QB,20,BE,False,22.52
2023,14,9,4239993,Tee Higgins,WR,4,WR,True,9.2
2023,14,9,3116365,Mark Andrews,TE,20,BE,False,0.0
2023,14,9,-16025,49ers D/ST,D/ST,16,D/ST,True,9.0
2023,14,9,4035538,David Montgomery,RB,23,FLEX,True,11.500000000000002
2023,14,9,4360294,Antonio Gibson,RB,20,BE,False,0.0
2023,14,9,4259545,D'Andre Swift,RB,2,RB,True,3.9000000000000004
2023,14,9,4241474,Brian Robinson Jr.,RB,2,RB,True,0.0
2023,14,9,4360234,Evan McPherson,K,20,BE,False,10.0
2023,14,9,4361741,Brock Purdy,QB,0,QB,True,29.42
2023,14,9,3135321,Hunter Renfrow,WR,20,BE,False,5.6000000000000005
2023,14,9,3918639,Gerald Everett,TE,23,FLEX,True,8.9
2023,14,9,4362081,Cameron Dicker,K,17,K,True,1.0
2023,14,9,3117256,Dalton Schultz,TE,6,TE,True,0.0
2023,14,9,4426386,Roschon Johnson,RB,20,BE,False,0.6000000000000001
2023,14,10,2977187,Cooper Kupp,WR,23,FLEX,True,25.5
2023,14,10,4241457,Najee Harris,RB,2,RB,True,7.800000000000001
2023,14,10,4569173,Rhamondre Stevenson,RB,20,BE,False,0.0
2023,14,10,15818,Keenan Allen,WR,4,WR,True,12.8
2023,14,10,3932905,Diontae Johnson,WR,20,BE,False,14.7
2023,14,10,4036133,T.J. Hockenson,TE,6,TE,True,10.3
2023,14,10,4427366,Breece Hall,RB,2,RB,True,26.6
2023,14,10,4426502,Drake London,WR,20,BE,False,29.2
2023,14,10,4035886,Khalil Herbert,RB,20,BE,False,0.8
2023,14,10,4429615,Zay Flowers,WR,23,FLEX,True,20.0
2023,14,10,-16009,Packers D/ST,D/ST,16,D/ST,True,4.0
2023,14,10,3050478,Jake Elliott,K,17,K,True,10.0
2023,14,10,4426515,Puka Nacua,WR,4,WR,True,14.0
2023,14,10,4038524,Gardner Minshew,QB,0,QB,True,16.1
2023,14,10,16757,Derek Carr,QB,20,BE,False,14.759999999999998
2023,14,10,3046439,Hunter Henry,TE,20,BE,False,19.0
2023,14,11,4047365,Josh Jacobs,RB,2,RB,True,7.0
2023,14,11,3126486,Deebo Samuel,WR,4,WR,True,37.0
2023,14,11,4038941,Justin Herbert,QB,0,QB,True,1.8399999999999999
2023,14,11,4379399,James Cook,RB,23,FLEX,True,25.1
2023,14,11,4567048,Kenneth Walker III,RB,20,BE,False,9.4
2023,14,11,2577327,Tyler Lockett,WR,4,WR,True,14.9
2023,14,11,15864,Geno Smith,QB,20,BE,False,0.0
2023,14,11,4035687,Michael Pittman Jr.,WR,23,FLEX,True,19.5
2023,14,11,3051876,Evan Engram,TE,6,TE,True,32.5
2023,14,11,2473037,Jason Myers,K,17,K,True,5.0
2023,14,11,4032473,Rashid Shaheed,WR,20,BE,False,0.0
2023,14,11,4361307,Trey McBride,TE,20,BE,False,0.0
2023,14,11,3916148,Tony Pollard,RB,2,RB,True,16.6
2023,14,11,-16034,Texans D/ST,D/ST,16,D/ST,True,5.0
2023,14,11,4241463,Jerry Jeudy,WR,20,BE,False,3.6
2023,14,11,16782,Jerick McKinnon,RB,20,BE,False,12.700000000000001
2023,14,8,3117251,Christian McCaffrey,RB,2,RB,True,16.3
2023,14,8,4239996,Travis Etienne Jr.,RB,2,RB,True,17.2
2023,14,8,4241389,CeeDee Lamb,WR,4,WR,True,19.1
2023,14,8,4361370,Chris Olave,WR,4,WR,True,12.8
2023,14,8,4241372,Marquise Brown,WR,20,BE,False,0.0
2023,14,8,16731,Brandin Cooks,WR,23,FLEX,True,5.7
2023,14,8,4429205,Jordan Addison,WR,23,FLEX,True,4.7
2023,14,8,2573401,Tyler Higbee,TE,20,BE,False,0.0
2023,14,8,3051909,Daniel Carlson,K,20,BE,False,0.0
2023,14,8,-16017,Patriots D/ST,D/ST,16,D/ST,True,6.0
2023,14,8,3051926,Gus Edwards,RB,20,BE,False,1.5
2023,14,8,15835,Zach Ertz,TE,21,IR,False,0.0
2023,14,8,3052587,Baker Mayfield,QB,20,BE,False,24.06
2023,14,8,4569987,Jaylen Warren,RB,20,BE,False,8.0
2023,14,8,3044720,Joshua Dobbs,QB,0,QB,True,4.62
2023,14,8,4385690,Dalton Kincaid,TE,6,TE,True,7.1
2023,14,8,4249087,Matt Gay,K,17,K,True,-2.0
2023,14,4,3043078,Derrick Henry,RB,2,RB,True,18.099999999999998
2023,14,4,3916387,Lamar Jackson,QB,20,BE,False,41.64
2023,14,4,2976499,Amari Cooper,WR,4,WR,True,12.7
2023,14,4,15795,DeAndre Hopkins,WR,23,FLEX,True,25.4
2023,14,4,15683,Justin Tucker,K,20,BE,False,12.0
2023,14,4,3045147,James Conner,RB,20,BE,False,0.0
2023,14,4,16737,Mike Evans,WR,4,WR,True,1.8
2023,14,4,3040151,George Kittle,TE,6,TE,True,17.6
2023,14,4,4361529,Isiah Pacheco,RB,20,BE,False,0.0
2023,14,4,4426354,George Pickens,WR,20,BE,False,6.9
2023,14,4,4241479,Tua Tagovailoa,QB,0,QB,True,9.1
2023,14,4,-16006,Cowboys D/ST,D/ST,16,D/ST,True,10.0
2023,14,4,4241416,Chuba Hubbard,RB,2,RB,True,11.600000000000001
2023,14,4,4427095,DeMario Douglas,WR,20,BE,False,0.0
2023,14,4,17372,Chris Boswell,K,17,K,True,6.0
2023,14,4,4242214,Clyde Edwards-Helaire,RB,23,FLEX,True,8.8
2023,14,7,4262921,Justin Jefferson,WR,23,FLEX,True,4.7
2023,14,7,4360438,Brandon Aiyuk,WR,4,WR,True,16.6
2023,14,7,4360238,Dameon Pierce,RB,20,BE,False,1.7
2023,14,7,2576925,Darren Waller,TE,21,IR,False,0.0
2023,14,7,3045144,Tyler Boyd,WR,20,BE,False,4.300000000000001
2023,14,7,10621,Nick Folk,K,17,K,True,8.0
2023,14,7,4429160,De'Von Achane,RB,2,RB,True,12.1
2023,14,7,4243331,Cade Otton,TE,20,BE,False,9.6
2023,14,7,3121409,Noah Brown,WR,4,WR,True,0.0
2023,14,7,-16023,Steelers D/ST,D/ST,16,D/ST,True,4.0
2023,14,7,4426385,Zach Charbonnet,RB,20,BE,False,5.800000000000001
2023,14,7,4372414,Elijah Moore,WR,23,FLEX,True,7.2
2023,14,7,4361411,Pat Freiermuth,TE,20,BE,False,6.8
2023,14,7,4596334,Keaton Mitchell,RB,2,RB,True,7.2
2023,14,7,3886812,Jake Browning,QB,0,QB,True,30.700000000000003
2023,14,7,3121023,Dallas Goedert,TE,6,TE,True,7.0
2023,14,1,15847,Travis Kelce,TE,6,TE,True,14.3
2023,14,1,3139477,Patrick Mahomes,QB,0,QB,True,15.64
2023,14,1,4429795,Jahmyr Gibbs,RB,2,RB,True,17.200000000000003
2023,14,1,3051392,Ezekiel Elliott,RB,20,BE,False,27.0
2023,14,1,3916566,K.J. Osborn,WR,20,BE,False,5.5
2023,14,1,4430737,Kyren Williams,RB,23,FLEX,True,14.3
2023,14,1,4372019,Jerome Ford,RB,2,RB,True,13.200000000000001
2023,14,1,4248528,Christian Watson,WR,20,BE,False,0.0
2023,14,1,4426388,Jameson Williams,WR,20,BE,False,0.4
2023,14,1,4366031,Tank Dell,WR,20,BE,False,0.0
2023,14,1,-16033,Ravens D/ST,D/ST,16,D/ST,True,5.0
2023,14,1,4361579,Javonte Williams,RB,23,FLEX,True,18.1
2023,14,1,4430878,Jaxon Smith-Njigba,WR,4,WR,True,6.5
2023,14,1,3953687,Brandon Aubrey,K,17,K,True,23.0
2023,14,1,-16020,Jets D/ST,D/ST,20,BE,False,13.0
2023,14,1,4428850,Dontayvion Wicks,WR,4,WR,True,4.0
2023,14,6,3068267,Austin Ekeler,RB,2,RB,True,21.0
2023,14,6,4374302,Amon-Ra St. Brown,WR,4,WR,True,5.1
2023,14,6,4372016,Jaylen Waddle,WR,4,WR,True,13.9
2023,14,6,3054850,Alvin Kamara,RB,2,RB,True,13.500000000000002
2023,14,6,4243537,Gabe Davis,WR,20,BE,False,0.0
2023,14,6,2576414,Raheem Mostert,RB,23,FLEX,True,23.0
2023,14,6,-16015,Dolphins D/ST,D/ST,16,D/ST,True,10.0
2023,14,6,3046779,Jared Goff,QB,0,QB,True,6.440000000000001
2023,14,6,4426875,Sam Howell,QB,20,BE,False,0.0
2023,14,6,4242355,Jake Ferguson,TE,6,TE,True,12.2
2023,14,6,3055899,Harrison Butker,K,20,BE,False,5.0
2023,14,6,4428331,Rashee Rice,WR,23,FLEX,True,18.2
2023,14,6,16733,Odell Beckham Jr.,WR,20,BE,False,20.700000000000003
2023,14,6,3059722,Zay Jones,WR,20,BE,False,7.9
2023,14,6,4361050,Isaiah Likely,TE,20,BE,False,22.3
2023,14,6,17427,Cairo Santos,K,17,K,True,10.0
2023,15,10,2977187,Cooper Kupp,WR,23,FLEX,True,28.1
2023,15,10,4241457,Najee Harris,RB,2,RB,True,1.3000000000000003
2023,15,10,4569173,Rhamondre Stevenson,RB,20,BE,False,0.0
2023,15,10,15818,Keenan Allen,WR,20,BE,False,0.0
2023,15,10,3932905,Diontae Johnson,WR,20,BE,False,16.2
2023,15,10,4036133,T.J. Hockenson,TE,6,TE,True,12.3
2023,15,10,4427366,Breece Hall,RB,2,RB,True,2.8000000000000003
2023,15,10,4426502,Drake London,WR,4,WR,True,4.4
2023,15,10,4035886,Khalil Herbert,RB,20,BE,False,2.2
2023,15,10,4429615,Zay Flowers,WR,23,FLEX,True,1.7000000000000002
2023,15,10,-16009,Packers D/ST,D/ST,16,D/ST,True,2.0
2023,15,10,3050478,Jake Elliott,K,17,K,True,5.0
2023,15,10,4426515,Puka Nacua,WR,4,WR,True,10.3
2023,15,10,4038524,Gardner Minshew,QB,0,QB,True,26.6
2023,15,10,16757,Derek Carr,QB,20,BE,False,26.32
2023,15,10,3046439,Hunter Henry,TE,20,BE,False,19.6
2023,15,4,3043078,Derrick Henry,RB,2,RB,True,5.0
2023,15,4,3916387,Lamar Jackson,QB,0,QB,True,20.54
2023,15,4,2976499,Amari Cooper,WR,4,WR,True,23.9
2023,15,4,15795,DeAndre Hopkins,WR,23,FLEX,True,4.1
2023,15,4,15683,Justin Tucker,K,17,K,True,12.0
2023,15,4,3045147,James Conner,RB,23,FLEX,True,17.900000000000002
2023,15,4,16737,Mike Evans,WR,4,WR,True,15.7
2023,15,4,3040151,George Kittle,TE,6,TE,True,7.4
2023,15,4,4361529,Isiah Pacheco,RB,20,BE,False,0.0
2023,15,4,4426354,George Pickens,WR,20,BE,False,7.7
2023,15,4,4241479,Tua Tagovailoa,QB,20,BE,False,17.96
2023,15,4,-16006,Cowboys D/ST,D/ST,20,BE,False,0.0
2023,15,4,4241416,Chuba Hubbard,RB,2,RB,True,12.3
2023,15,4,-16001,Falcons D/ST,D/ST,16,D/ST,True,8.0
2023,15,4,-16007,Broncos D/ST,D/ST,20,BE,False,-3.0
2023,15,4,4242214,Clyde Edwards-Helaire,RB,20,BE,False,20.1
2023,15,9,3116406,Tyreek Hill,WR,4,WR,True,0.0
2023,15,9,3918298,Josh Allen,QB,20,BE,False,18.16
2023,15,9,4239993,Tee Higgins,WR,4,WR,True,22.1
2023,15,9,3116365,Mark Andrews,TE,20,BE,False,0.0
2023,15,9,-16025,49ers D/ST,D/ST,16,D/ST,True,10.0
2023,15,9,4035538,David Montgomery,RB,23,FLEX,True,10.2
2023,15,9,4360294,Antonio Gibson,RB,2,RB,True,8.5
2023,15,9,4259545,D'Andre Swift,RB,2,RB,True,9.5
2023,15,9,4241474,Brian Robinson Jr.,RB,20,BE,False,0.0
2023,15,9,4360234,Evan McPherson,K,20,BE,False,9.0
2023,15,9,4361741,Brock Purdy,QB,0,QB,True,34.68
2023,15,9,3135321,Hunter Renfrow,WR,20,BE,False,0.0
2023,15,9,3918639,Gerald Everett,TE,23,FLEX,True,9.100000000000001
2023,15,9,4362081,Cameron Dicker,K,17,K,True,3.0
2023,15,9,3117256,Dalton Schultz,TE,6,TE,True,9.8
2023,15,9,4426386,Roschon Johnson,RB,20,BE,False,10.0
2023,15,6,3068267,Austin Ekeler,RB,2,RB,True,7.800000000000001
2023,15,6,4374302,Amon-Ra St. Brown,WR,4,WR,True,24.200000000000003
2023,15,6,4372016,Jaylen Waddle,WR,4,WR,True,31.200000000000003
2023,15,6,3054850,Alvin Kamara,RB,2,RB,True,16.0
2023,15,6,4243537,Gabe Davis,WR,20,BE,False,0.0
2023,15,6,2576414,Raheem Mostert,RB,23,FLEX,True,18.3
2023,15,6,-16015,Dolphins D/ST,D/ST,16,D/ST,True,23.0
2023,15,6,3046779,Jared Goff,QB,0,QB,True,41.120000000000005
2023,15,6,4426875,Sam Howell,QB,20,BE,False,10.280000000000001
2023,15,6,4242355,Jake Ferguson,TE,6,TE,True,10.4
2023,15,6,3055899,Harrison Butker,K,20,BE,False,10.0
2023,15,6,4428331,Rashee Rice,WR,23,FLEX,True,24.1
2023,15,6,16733,Odell Beckham Jr.,WR,20,BE,False,2.4000000000000004
2023,15,6,3059722,Zay Jones,WR,20,BE,False,10.9
2023,15,6,4361050,Isaiah Likely,TE,20,BE,False,18.0
2023,15,6,17427,Cairo Santos,K,17,K,True,6.0
2023,15,2,3116385,Joe Mixon,RB,2,RB,True,15.1
2023,15,2,4047646,A.J. Brown,WR,23,FLEX,True,10.600000000000001
2023,15,2,4040715,Jalen Hurts,QB,0,QB,True,21.92
2023,15,2,2577417,Dak Prescott,QB,20,BE,False,6.0600000000000005
2023,15,2,-16002,Bills D/ST,D/ST,20,BE,False,12.0
2023,15,2,3917232,Tyler Bass,K,20,BE,False,7.0
2023,15,2,3128429,Courtland Sutton,WR,4,WR,True,12.100000000000001
2023,15,2,4258595,Cole Kmet,TE,6,TE,True,13.3
2023,15,2,4239934,AJ Dillon,RB,20,BE,False,0.0
2023,15,2,-16018,Saints D/ST,D/ST,16,D/ST,True,15.0
2023,15,2,4360635,Chigoziem Okonkwo,TE,23,FLEX,True,6.6
2023,15,2,16460,Adam Thielen,WR,4,WR,True,8.3
2023,15,2,4428557,Tyjae Spears,RB,2,RB,True,4.7
2023,15,2,15920,Latavius Murray,RB,20,BE,False,7.1
2023,15,2,3115255,Brandon Powell,WR,20,BE,False,0.0
2023,15,2,3124679,Jason Sanders,K,17,K,True,12.0
2023,15,11,4047365,Josh Jacobs,RB,2,RB,True,0.0
2023,15,11,3126486,Deebo Samuel,WR,4,WR,True,21.900000000000002
2023,15,11,4379399,James Cook,RB,23,FLEX,True,36.1
2023,15,11,4567048,Kenneth Walker III,RB,20,BE,False,20.200000000000003
2023,15,11,2577327,Tyler Lockett,WR,4,WR,True,5.1
2023,15,11,4035687,Michael Pittman Jr.,WR,23,FLEX,True,11.8
2023,15,11,3051876,Evan Engram,TE,6,TE,True,6.800000000000001
2023,15,11,2473037,Jason Myers,K,17,K,True,9.0
2023,15,11,4032473,Rashid Shaheed,WR,20,BE,False,6.6
2023,15,11,4361307,Trey McBride,TE,20,BE,False,20.200000000000003
2023,15,11,3916148,Tony Pollard,RB,2,RB,True,7.7
2023,15,11,4241463,Jerry Jeudy,WR,20,BE,False,10.4
2023,15,11,16782,Jerick McKinnon,RB,20,BE,False,18.16
2023,15,11,4360310,Trevor Lawrence,QB,0,QB,True,19.66
2023,15,11,-16011,Colts D/ST,D/ST,16,D/ST,True,15.0
2023,15,11,15864,Geno Smith,QB,20,BE,False,0.0
2023,15,12,4362628,Ja'Marr Chase,WR,4,WR,True,10.4
2023,15,12,3925357,Calvin Ridley,WR,23,FLEX,True,8.9
2023,15,12,4048244,Alexander Mattison,RB,2,RB,True,0.0
2023,15,12,4242335,Jonathan Taylor,RB,21,IR,False,0.0
2023,15,12,4430027,Sam LaPorta,TE,6,TE,True,28.6
2023,15,12,4258173,Nico Collins,WR,23,FLEX,True,0.0
2023,15,12,3059915,Kareem Hunt,RB,20,BE,False,3.0
2023,15,12,4432577,C.J. Stroud,QB,0,QB,True,0.0
2023,15,12,15965,Dustin Hopkins,K,17,K,True,8.0
2023,15,12,-16012,Chiefs D/ST,D/ST,20,BE,False,9.0
2023,15,12,2468609,Taysom Hill,TE,20,BE,False,1.5
2023,15,12,3917315,Kyler Murray,QB,20,BE,False,15.34
2023,15,12,4362249,Jayden Reed,WR,20,BE,False,17.2
2023,15,12,4035676,Zack Moss,RB,2,RB,True,12.3
2023,15,12,4047650,DK Metcalf,WR,4,WR,True,12.8
2023,15,12,4242431,Ty Chandler,RB,20,BE,False,24.700000000000003
2023,15,12,-16005,Browns D/ST,D/ST,16,D/ST,True,14.0
2023,15,1,15847,Travis Kelce,TE,6,TE,True,7.800000000000001
2023,15,1,3139477,Patrick Mahomes,QB,0,QB,True,19.700000000000003
2023,15,1,4429795,Jahmyr Gibbs,RB,2,RB,True,24.8
2023,15,1,3051392,Ezekiel Elliott,RB,20,BE,False,9.6
2023,15,1,3916566,K.J. Osborn,WR,20,BE,False,1.3
2023,15,1,4430737,Kyren Williams,RB,23,FLEX,True,24.500000000000004
2023,15,1,4372019,Jerome Ford,RB,2,RB,True,7.1
2023,15,1,4248528,Christian Watson,WR,20,BE,False,0.0
2023,15,1,4426388,Jameson Williams,WR,20,BE,False,8.7
2023,15,1,4366031,Tank Dell,WR,20,BE,False,0.0
2023,15,1,-16033,Ravens D/ST,D/ST,16,D/ST,True,8.0
2023,15,1,4361579,Javonte Williams,RB,23,FLEX,True,4.0
2023,15,1,4430878,Jaxon Smith-Njigba,WR,4,WR,True,14.8
2023,15,1,3953687,Brandon Aubrey,K,17,K,True,4.0
2023,15,1,-16020,Jets D/ST,D/ST,20,BE,False,4.0
2023,15,1,4428850,Dontayvion Wicks,WR,4,WR,True,15.700000000000001
2023,15,8,3117251,Christian McCaffrey,RB,2,RB,True,42.7
2023,15,8,4239996,Travis Etienne Jr.,RB,2,RB,True,9.9
2023,15,8,4241389,CeeDee Lamb,WR,4,WR,True,18.6
2023,15,8,4361370,Chris Olave,WR,4,WR,True,0.0
2023,15,8,4241372,Marquise Brown,WR,20,BE,False,0.0
2023,15,8,16731,Brandin Cooks,WR,23,FLEX,True,3.0
2023,15,8,4429205,Jordan Addison,WR,23,FLEX,True,29.1
2023,15,8,2573401,Tyler Higbee,TE,20,BE,False,7.6
2023,15,8,3051909,Daniel Carlson,K,20,BE,False,9.0
2023,15,8,-16017,Patriots D/ST,D/ST,16,D/ST,True,7.0
2023,15,8,3051926,Gus Edwards,RB,20,BE,False,13.9
2023,15,8,15835,Zach Ertz,TE,21,IR,False,0.0
2023,15,8,3052587,Baker Mayfield,QB,20,BE,False,40.04
2023,15,8,4569987,Jaylen Warren,RB,20,BE,False,11.8
2023,15,8,3044720,Joshua Dobbs,QB,0,QB,True,0.0
2023,15,8,4385690,Dalton Kincaid,TE,6,TE,True,0.0
2023,15,8,4249087,Matt Gay,K,17,K,True,11.0
2023,15,5,16800,Davante Adams,WR,4,WR,True,24.1
2023,15,5,4430807,Bijan Robinson,RB,2,RB,True,0.40000000000000013
2023,15,5,3929630,Saquon Barkley,RB,23,FLEX,True,5.700000000000001
2023,15,5,3116165,Chris Godwin,WR,20,BE,False,25.5
2023,15,5,4697815,Rachaad White,RB,2,RB,True,21.9
2023,15,5,3915416,DJ Moore,WR,4,WR,True,9.2
2023,15,5,3925347,Damien Harris,RB,21,IR,False,0.0
2023,15,5,4036378,Jordan Love,QB,20,BE,False,21.46
2023,15,5,4361432,Romeo Doubs,WR,20,BE,False,6.0
2023,15,5,3915486,Tyler Conklin,TE,20,BE,False,5.8
2023,15,5,12483,Matthew Stafford,QB,0,QB,True,25.52
2023,15,5,4688813,Josh Downs,WR,23,FLEX,True,4.9
2023,15,5,-16008,Lions D/ST,D/ST,16,D/ST,True,7.0
2023,15,5,3123076,David Njoku,TE,6,TE,True,26.4
2023,15,5,4372066,Jake Moody,K,17,K,True,10.0
2023,15,5,-16004,Bengals D/ST,D/ST,20,BE,False,5.0
2023,15,5,4241401,Trey Sermon,RB,20,BE,False,8.8
2023,15,3,2976212,Stefon Diggs,WR,4,WR,True,8.8
2023,15,3,4569618,Garrett Wilson,WR,23,FLEX,True,5.9
2023,15,3,3042519,Aaron Jones,RB,23,FLEX,True,10.9
2023,15,3,4241478,DeVonta Smith,WR,4,WR,True,10.0
2023,15,3,4362887,Justin Fields,QB,20,BE,False,11.64
2023,15,3,4360248,Kyle Pitts,TE,6,TE,True,6.7
2023,15,3,4045163,Miles Sanders,RB,2,RB,True,3.3000000000000003
2023,15,3,3121422,Terry McLaurin,WR,20,BE,False,26.1
2023,15,3,3895856,Christian Kirk,WR,20,BE,False,0.0
2023,15,3,3916433,Jakobi Meyers,WR,20,BE,False,17.68
2023,15,3,14881,Russell Wilson,QB,0,QB,True,19.52
2023,15,3,4040761,Devin Singletary,RB,2,RB,True,21.0
2023,15,3,4361259,Zach Wilson,QB,20,BE,False,-0.96
2023,15,3,-16026,Seahawks D/ST,D/ST,16,D/ST,True,5.0
2023,15,3,4429086,Michael Mayer,TE,20,BE,False,13.9
2023,15,3,4243371,Riley Patterson,K,17,K,True,0.0
2023,15,7,4262921,Justin Jefferson,WR,23,FLEX,True,15.4
2023,15,7,4360438,Brandon Aiyuk,WR,4,WR,True,6.7
2023,15,7,4360238,Dameon Pierce,RB,20,BE,False,0.30000000000000004
2023,15,7,2576925,Darren Waller,TE,21,IR,False,8.0
2023,15,7,3045144,Tyler Boyd,WR,20,BE,False,7.300000000000001
2023,15,7,10621,Nick Folk,K,17,K,True,4.0
2023,15,7,4429160,De'Von Achane,RB,2,RB,True,9.2
2023,15,7,4243331,Cade Otton,TE,20,BE,False,6.4
2023,15,7,-16023,Steelers D/ST,D/ST,16,D/ST,True,4.0
2023,15,7,4426385,Zach Charbonnet,RB,20,BE,False,1.6
2023,15,7,4372414,Elijah Moore,WR,23,FLEX,True,3.7
2023,15,7,4361411,Pat Freiermuth,TE,20,BE,False,4.6
2023,15,7,4596334,Keaton Mitchell,RB,20,BE,False,10.8
2023,15,7,3886812,Jake Browning,QB,0,QB,True,22.96
2023,15,7,3121023,Dallas Goedert,TE,6,TE,True,7.1
2023,15,7,3125116,D'Onta Foreman,RB,2,RB,True,-0.6000000000000001
2023,15,7,3121409,Noah Brown,WR,4,WR,True,22.200000000000003
2023,16,10,2977187,Cooper Kupp,WR,23,FLEX,True,10.9
2023,16,10,4241457,Najee Harris,RB,2,RB,True,13.8
2023,16,10,4569173,Rhamondre Stevenson,RB,20,BE,False,0.0
2023,16,10,15818,Keenan Allen,WR,20,BE,False,0.0
2023,16,10,3932905,Diontae Johnson,WR,20,BE,False,3.5
2023,16,10,4036133,T.J. Hockenson,TE,6,TE,True,9.8
2023,16,10,4427366,Breece Hall,RB,2,RB,True,43.1
2023,16,10,4426502,Drake London,WR,4,WR,True,6.9
2023,16,10,4035886,Khalil Herbert,RB,20,BE,False,19.1
2023,16,10,4429615,Zay Flowers,WR,23,FLEX,True,22.2
2023,16,10,-16009,Packers D/ST,D/ST,16,D/ST,True,1.0
2023,16,10,3050478,Jake Elliott,K,17,K,True,17.0
2023,16,10,4426515,Puka Nacua,WR,4,WR,True,33.0
2023,16,10,4038524,Gardner Minshew,QB,0,QB,True,9.14
2023,16,10,16757,Derek Carr,QB,20,BE,False,31.96
2023,16,10,3046439,Hunter Henry,TE,20,BE,False,0.0
2023,16,4,3043078,Derrick Henry,RB,2,RB,True,23.380000000000003
2023,16,4,3916387,Lamar Jackson,QB,0,QB,True,26.58
2023,16,4,2976499,Amari Cooper,WR,4,WR,True,56.5
2023,16,4,15795,DeAndre Hopkins,WR,23,FLEX,True,4.0
2023,16,4,15683,Justin Tucker,K,17,K,True,16.0
2023,16,4,3045147,James Conner,RB,20,BE,False,22.2
2023,16,4,16737,Mike Evans,WR,4,WR,True,27.6
2023,16,4,3040151,George Kittle,TE,6,TE,True,19.6
2023,16,4,4361529,Isiah Pacheco,RB,23,FLEX,True,10.6
2023,16,4,4426354,George Pickens,WR,20,BE,False,41.5
2023,16,4,4241479,Tua Tagovailoa,QB,20,BE,False,17.520000000000003
2023,16,4,-16006,Cowboys D/ST,D/ST,20,BE,False,1.0
2023,16,4,4241416,Chuba Hubbard,RB,2,RB,True,12.100000000000001
2023,16,4,-16001,Falcons D/ST,D/ST,20,BE,False,13.0
2023,16,4,-16007,Broncos D/ST,D/ST,16,D/ST,True,6.0
2023,16,4,4242214,Clyde Edwards-Helaire,RB,20,BE,False,7.800000000000001
2023,16,11,4047365,Josh Jacobs,RB,20,BE,False,0.0
2023,16,11,3126486,Deebo Samuel,WR,4,WR,True,9.4
2023,16,11,4379399,James Cook,RB,2,RB,True,5.0
2023,16,11,4567048,Kenneth Walker III,RB,23,FLEX,True,6.6000000000000005
2023,16,11,2577327,Tyler Lockett,WR,4,WR,True,16.1
2023,16,11,4035687,Michael Pittman Jr.,WR,20,BE,False,0.0
2023,16,11,3051876,Evan Engram,TE,6,TE,True,17.5
2023,16,11,2473037,Jason Myers,K,17,K,True,8.0
2023,16,11,4032473,Rashid Shaheed,WR,20,BE,False,19.4
2023,16,11,4361307,Trey McBride,TE,23,FLEX,True,9.1
2023,16,11,3916148,Tony Pollard,RB,2,RB,True,5.300000000000001
2023,16,11,16782,Jerick McKinnon,RB,20,BE,False,0.0
2023,16,11,4360310,Trevor Lawrence,QB,20,BE,False,11.34
2023,16,11,-16011,Colts D/ST,D/ST,16,D/ST,True,-2.0
2023,16,11,15864,Geno Smith,QB,20,BE,False,21.28
2023,16,11,11252,Joe Flacco,QB,0,QB,True,33.82
2023,16,6,3068267,Austin Ekeler,RB,23,FLEX,True,11.6
2023,16,6,4374302,Amon-Ra St. Brown,WR,4,WR,True,28.6
2023,16,6,4372016,Jaylen Waddle,WR,4,WR,True,6.2
2023,16,6,3054850,Alvin Kamara,RB,2,RB,True,8.5
2023,16,6,2576414,Raheem Mostert,RB,2,RB,True,12.000000000000002
2023,16,6,-16015,Dolphins D/ST,D/ST,20,BE,False,6.0
2023,16,6,3046779,Jared Goff,QB,0,QB,True,16.28
2023,16,6,4426875,Sam Howell,QB,20,BE,False,-1.7599999999999998
2023,16,6,4242355,Jake Ferguson,TE,20,BE,False,8.5
2023,16,6,3055899,Harrison Butker,K,20,BE,False,1.0
2023,16,6,4428331,Rashee Rice,WR,23,FLEX,True,11.7
2023,16,6,16733,Odell Beckham Jr.,WR,20,BE,False,3.3
2023,16,6,4361050,Isaiah Likely,TE,6,TE,True,8.600000000000001
2023,16,6,17427,Cairo Santos,K,17,K,True,10.0
2023,16,6,-16003,Bears D/ST,D/ST,16,D/ST,True,3.0
2023,16,6,4361777,Zamir White,RB,20,BE,False,14.5
2023,16,9,3116406,Tyreek Hill,WR,4,WR,True,18.9
2023,16,9,3918298,Josh Allen,QB,20,BE,False,29.98
2023,16,9,4239993,Tee Higgins,WR,4,WR,True,28.0
2023,16,9,3116365,Mark Andrews,TE,20,BE,False,0.0
2023,16,9,-16025,49ers D/ST,D/ST,16,D/ST,True,3.0
2023,16,9,4035538,David Montgomery,RB,23,FLEX,True,14.9
2023,16,9,4360294,Antonio Gibson,RB,2,RB,True,10.2
2023,16,9,4259545,D'Andre Swift,RB,2,RB,True,15.200000000000001
2023,16,9,4241474,Brian Robinson Jr.,RB,20,BE,False,0.0
2023,16,9,4360234,Evan McPherson,K,20,BE,False,3.0
2023,16,9,4361741,Brock Purdy,QB,0,QB,True,2.4000000000000004
2023,16,9,3135321,Hunter Renfrow,WR,20,BE,False,0.0
2023,16,9,3918639,Gerald Everett,TE,23,FLEX,True,11.2
2023,16,9,4362081,Cameron Dicker,K,17,K,True,21.0
2023,16,9,3117256,Dalton Schultz,TE,6,TE,True,14.100000000000001
2023,16,9,4426386,Roschon Johnson,RB,20,BE,False,8.3
2023,16,2,3116385,Joe Mixon,RB,2,RB,True,9.0
2023,16,2,4047646,A.J. Brown,WR,23,FLEX,True,14.0
2023,16,2,4040715,Jalen Hurts,QB,0,QB,True,25.44
2023,16,2,2577417,Dak Prescott,QB,20,BE,False,23.62
2023,16,2,-16002,Bills D/ST,D/ST,20,BE,False,7.0
2023,16,2,3917232,Tyler Bass,K,20,BE,False,6.0
2023,16,2,3128429,Courtland Sutton,WR,4,WR,True,0.0
2023,16,2,4258595,Cole Kmet,TE,6,TE,True,14.700000000000001
2023,16,2,4239934,AJ Dillon,RB,20,BE,False,7.2
2023,16,2,-16018,Saints D/ST,D/ST,16,D/ST,True,-4.0
2023,16,2,4360635,Chigoziem Okonkwo,TE,23,FLEX,True,18.3
2023,16,2,16460,Adam Thielen,WR,4,WR,True,15.4
2023,16,2,4428557,Tyjae Spears,RB,2,RB,True,11.7
2023,16,2,15920,Latavius Murray,RB,20,BE,False,0.0
2023,16,2,3115255,Brandon Powell,WR,20,BE,False,8.3
2023,16,2,3124679,Jason Sanders,K,17,K,True,22.0
2023,16,1,15847,Travis Kelce,TE,6,TE,True,9.4
2023,16,1,3139477,Patrick Mahomes,QB,0,QB,True,18.700000000000003
2023,16,1,4429795,Jahmyr Gibbs,RB,2,RB,True,24.0
2023,16,1,3051392,Ezekiel Elliott,RB,20,BE,False,21.0
2023,16,1,3916566,K.J. Osborn,WR,20,BE,False,20.5
2023,16,1,4430737,Kyren Williams,RB,23,FLEX,True,16.4
2023,16,1,4372019,Jerome Ford,RB,2,RB,True,9.3
2023,16,1,4248528,Christian Watson,WR,20,BE,False,0.0
2023,16,1,4426388,Jameson Williams,WR,20,BE,False,9.3
2023,16,1,4366031,Tank Dell,WR,20,BE,False,0.0
2023,16,1,-16033,Ravens D/ST,D/ST,16,D/ST,True,13.0
2023,16,1,4361579,Javonte Williams,RB,23,FLEX,True,10.9
2023,16,1,4430878,Jaxon Smith-Njigba,WR,4,WR,True,12.100000000000001
2023,16,1,3953687,Brandon Aubrey,K,17,K,True,9.0
2023,16,1,-16020,Jets D/ST,D/ST,20,BE,False,10.0
2023,16,1,4428850,Dontayvion Wicks,WR,4,WR,True,10.9
2023,16,5,16800,Davante Adams,WR,4,WR,True,1.4
2023,16,5,4430807,Bijan Robinson,RB,2,RB,True,19.2
2023,16,5,3929630,Saquon Barkley,RB,23,FLEX,True,19.4
2023,16,5,3116165,Chris Godwin,WR,23,FLEX,True,13.9
2023,16,5,4697815,Rachaad White,RB,2,RB,True,19.7
2023,16,5,3915416,DJ Moore,WR,4,WR,True,4.8
2023,16,5,3925347,Damien Harris,RB,21,IR,False,0.0
2023,16,5,4036378,Jordan Love,QB,20,BE,False,27.96
2023,16,5,4361432,Romeo Doubs,WR,20,BE,False,17.9
2023,16,5,3915486,Tyler Conklin,TE,20,BE,False,7.6
2023,16,5,12483,Matthew Stafford,QB,0,QB,True,24.72
2023,16,5,4688813,Josh Downs,WR,20,BE,False,9.9
2023,16,5,-16008,Lions D/ST,D/ST,16,D/ST,True,12.0
2023,16,5,3123076,David Njoku,TE,6,TE,True,16.4
2023,16,5,4372066,Jake Moody,K,17,K,True,6.0
2023,16,5,-16004,Bengals D/ST,D/ST,20,BE,False,0.0
2023,16,5,4241401,Trey Sermon,RB,20,BE,False,0.30000000000000004
2023,16,12,4362628,Ja'Marr Chase,WR,4,WR,True,0.0
2023,16,12,3925357,Calvin Ridley,WR,23,FLEX,True,25.8
2023,16,12,4048244,Alexander Mattison,RB,2,RB,True,-0.1
2023,16,12,4242335,Jonathan Taylor,RB,21,IR,False,10.3
2023,16,12,4430027,Sam LaPorta,TE,6,TE,True,4.8
2023,16,12,4258173,Nico Collins,WR,23,FLEX,True,13.8
2023,16,12,3059915,Kareem Hunt,RB,20,BE,False,9.6
2023,16,12,4432577,C.J. Stroud,QB,0,QB,True,0.0
2023,16,12,15965,Dustin Hopkins,K,17,K,True,2.0
2023,16,12,-16012,Chiefs D/ST,D/ST,20,BE,False,7.0
2023,16,12,2468609,Taysom Hill,TE,20,BE,False,0.2
2023,16,12,3917315,Kyler Murray,QB,20,BE,False,24.400000000000002
2023,16,12,4362249,Jayden Reed,WR,20,BE,False,0.0
2023,16,12,4035676,Zack Moss,RB,2,RB,True,0.0
2023,16,12,4047650,DK Metcalf,WR,4,WR,True,15.600000000000001
2023,16,12,4242431,Ty Chandler,RB,20,BE,False,7.7
2023,16,12,-16005,Browns D/ST,D/ST,16,D/ST,True,9.0
2023,16,7,4262921,Justin Jefferson,WR,23,FLEX,True,26.1
2023,16,7,4360438,Brandon Aiyuk,WR,4,WR,True,17.3
2023,16,7,4360238,Dameon Pierce,RB,20,BE,False,8.6
2023,16,7,2576925,Darren Waller,TE,6,TE,True,5.2
2023,16,7,3045144,Tyler Boyd,WR,20,BE,False,10.9
2023,16,7,10621,Nick Folk,K,17,K,True,5.0
2023,16,7,4429160,De'Von Achane,RB,2,RB,True,4.1000000000000005
2023,16,7,-16023,Steelers D/ST,D/ST,16,D/ST,True,12.0
2023,16,7,4426385,Zach Charbonnet,RB,2,RB,True,0.6
2023,16,7,4596334,Keaton Mitchell,RB,21,IR,False,0.0
2023,16,7,3886812,Jake Browning,QB,0,QB,True,18.4
2023,16,7,3121023,Dallas Goedert,TE,20,BE,False,14.100000000000001
2023,16,7,3121409,Noah Brown,WR,20,BE,False,6.800000000000001
2023,16,7,3121427,Curtis Samuel,WR,4,WR,True,3.0
2023,16,7,4242433,Joshua Palmer,WR,23,FLEX,True,9.7
2023,16,7,3125116,D'Onta Foreman,RB,20,BE,False,0.0
2023,16,7,4038441,Justice Hill,RB,20,BE,False,8.7
2023,16,8,3117251,Christian McCaffrey,RB,2,RB,True,25.1
2023,16,8,4239996,Travis Etienne Jr.,RB,2,RB,True,6.1000000000000005
2023,16,8,4241389,CeeDee Lamb,WR,4,WR,True,26.200000000000003
2023,16,8,4361370,Chris Olave,WR,4,WR,True,23.3
2023,16,8,4241372,Marquise Brown,WR,20,BE,False,0.0
2023,16,8,16731,Brandin Cooks,WR,23,FLEX,True,10.3
2023,16,8,4429205,Jordan Addison,WR,23,FLEX,True,1.2
2023,16,8,2573401,Tyler Higbee,TE,20,BE,False,6.0
2023,16,8,3051909,Daniel Carlson,K,20,BE,False,6.0
2023,16,8,-16017,Patriots D/ST,D/ST,16,D/ST,True,17.0
2023,16,8,3051926,Gus Edwards,RB,20,BE,False,14.0
2023,16,8,15835,Zach Ertz,TE,21,IR,False,0.0
2023,16,8,3052587,Baker Mayfield,QB,20,BE,False,23.82
2023,16,8,4569987,Jaylen Warren,RB,20,BE,False,10.4
2023,16,8,3044720,Joshua Dobbs,QB,0,QB,True,0.0
2023,16,8,4385690,Dalton Kincaid,TE,6,TE,True,1.7000000000000002
2023,16,8,4249087,Matt Gay,K,17,K,True,4.0
2023,16,3,2976212,Stefon Diggs,WR,4,WR,True,7.9
2023,16,3,4569618,Garrett Wilson,WR,23,FLEX,True,15.8
2023,16,3,3042519,Aaron Jones,RB,23,FLEX,True,14.500000000000002
2023,16,3,4241478,DeVonta Smith,WR,4,WR,True,17.9
2023,16,3,4362887,Justin Fields,QB,0,QB,True,26.5
2023,16,3,4360248,Kyle Pitts,TE,6,TE,True,13.9
2023,16,3,4045163,Miles Sanders,RB,2,RB,True,1.8
2023,16,3,3121422,Terry McLaurin,WR,20,BE,False,8.0
2023,16,3,3895856,Christian Kirk,WR,20,BE,False,0.0
2023,16,3,3916433,Jakobi Meyers,WR,20,BE,False,7.2
2023,16,3,14881,Russell Wilson,QB,20,BE,False,27.52
2023,16,3,4040761,Devin Singletary,RB,2,RB,True,9.3
2023,16,3,4361259,Zach Wilson,QB,20,BE,False,0.0
2023,16,3,-16026,Seahawks D/ST,D/ST,16,D/ST,True,9.0
2023,16,3,4429086,Michael Mayer,TE,20,BE,False,0.0
2023,16,3,3123052,Michael Badgley,K,17,K,True,5.0
2023,17,6,3068267,Austin Ekeler,RB,23,FLEX,True,4.000000000000001
2023,17,6,4374302,Amon-Ra St. Brown,WR,4,WR,True,22.1
2023,17,6,3054850,Alvin Kamara,RB,2,RB,True,6.9
2023,17,6,2576414,Raheem Mostert,RB,20,BE,False,0.0
2023,17,6,3046779,Jared Goff,QB,0,QB,True,12.84
2023,17,6,4242355,Jake Ferguson,TE,6,TE,True,7.300000000000001
2023,17,6,3055899,Harrison Butker,K,17,K,True,24.0
2023,17,6,4428331,Rashee Rice,WR,4,WR,True,17.700000000000003
2023,17,6,4361050,Isaiah Likely,TE,20,BE,False,18.2
2023,17,6,4361777,Zamir White,RB,2,RB,True,15.600000000000001
2023,17,6,3043116,Demarcus Robinson,WR,20,BE,False,13.200000000000001
2023,17,6,-16013,Raiders D/ST,D/ST,16,D/ST,True,1.0
2023,17,6,3121409,Noah Brown,WR,20,BE,False,1.8
2023,17,6,4036335,Cedrick Wilson Jr.,WR,20,BE,False,10.7
2023,17,6,2980453,Jamaal Williams,RB,20,BE,False,11.100000000000001
2023,17,6,3122976,Jeff Wilson Jr.,RB,23,FLEX,True,6.3999999999999995
2023,17,4,3043078,Derrick Henry,RB,2,RB,True,4.2
2023,17,4,3916387,Lamar Jackson,QB,0,QB,True,49.34
2023,17,4,2976499,Amari Cooper,WR,20,BE,False,0.0
2023,17,4,15795,DeAndre Hopkins,WR,4,WR,True,14.2
2023,17,4,15683,Justin Tucker,K,17,K,True,8.0
2023,17,4,3045147,James Conner,RB,23,FLEX,True,26.3
2023,17,4,16737,Mike Evans,WR,4,WR,True,10.0
2023,17,4,3040151,George Kittle,TE,6,TE,True,5.9
2023,17,4,4361529,Isiah Pacheco,RB,23,FLEX,True,29.5
2023,17,4,4426354,George Pickens,WR,20,BE,False,20.1
2023,17,4,4241479,Tua Tagovailoa,QB,20,BE,False,18.880000000000003
2023,17,4,-16006,Cowboys D/ST,D/ST,20,BE,False,3.0
2023,17,4,4241416,Chuba Hubbard,RB,2,RB,True,11.1
2023,17,4,-16001,Falcons D/ST,D/ST,16,D/ST,True,-2.0
2023,17,4,4242214,Clyde Edwards-Helaire,RB,20,BE,False,0.0
2023,17,4,4429025,Quentin Johnston,WR,20,BE,False,5.9
2023,17,10,2977187,Cooper Kupp,WR,23,FLEX,True,12.7
2023,17,10,4241457,Najee Harris,RB,2,RB,True,24.200000000000003
2023,17,10,4569173,Rhamondre Stevenson,RB,20,BE,False,0.0
2023,17,10,15818,Keenan Allen,WR,20,BE,False,0.0
2023,17,10,3932905,Diontae Johnson,WR,20,BE,False,11.600000000000001
2023,17,10,4036133,T.J. Hockenson,TE,20,BE,False,0.0
2023,17,10,4427366,Breece Hall,RB,2,RB,True,27.599999999999998
2023,17,10,4426502,Drake London,WR,4,WR,True,9.600000000000001
2023,17,10,4035886,Khalil Herbert,RB,20,BE,False,20.9
2023,17,10,4429615,Zay Flowers,WR,23,FLEX,True,22.6
2023,17,10,-16009,Packers D/ST,D/ST,16,D/ST,True,13.0
2023,17,10,3050478,Jake Elliott,K,17,K,True,8.0
2023,17,10,4426515,Puka Nacua,WR,4,WR,True,18.700000000000003
2023,17,10,4038524,Gardner Minshew,QB,0,QB,True,18.26
2023,17,10,16757,Derek Carr,QB,20,BE,False,19.58
2023,17,10,3046439,Hunter Henry,TE,6,TE,True,0.0
2023,17,11,4047365,Josh Jacobs,RB,20,BE,False,0.0
2023,17,11,3126486,Deebo Samuel,WR,4,WR,True,18.2
2023,17,11,4379399,James Cook,RB,2,RB,True,5.4
2023,17,11,4567048,Kenneth Walker III,RB,23,FLEX,True,16.5
2023,17,11,2577327,Tyler Lockett,WR,4,WR,True,2.0
2023,17,11,4035687,Michael Pittman Jr.,WR,20,BE,False,9.600000000000001
2023,17,11,3051876,Evan Engram,TE,6,TE,True,12.0
2023,17,11,2473037,Jason Myers,K,17,K,True,13.0
2023,17,11,4032473,Rashid Shaheed,WR,20,BE,False,3.4000000000000004
2023,17,11,4361307,Trey McBride,TE,23,FLEX,True,10.8
2023,17,11,3916148,Tony Pollard,RB,2,RB,True,5.9
2023,17,11,16782,Jerick McKinnon,RB,20,BE,False,0.0
2023,17,11,4360310,Trevor Lawrence,QB,20,BE,False,0.0
2023,17,11,-16011,Colts D/ST,D/ST,16,D/ST,True,2.0
2023,17,11,15864,Geno Smith,QB,20,BE,False,18.9
2023,17,11,11252,Joe Flacco,QB,0,QB,True,31.659999999999997
2023,17,9,3116406,Tyreek Hill,WR,4,WR,True,13.600000000000001
2023,17,9,3918298,Josh Allen,QB,20,BE,False,21.159999999999997
2023,17,9,4239993,Tee Higgins,WR,4,WR,True,2.9000000000000004
2023,17,9,3116365,Mark Andrews,TE,20,BE,False,0.0
2023,17,9,-16025,49ers D/ST,D/ST,16,D/ST,True,10.0
2023,17,9,4035538,David Montgomery,RB,23,FLEX,True,12.5
2023,17,9,4360294,Antonio Gibson,RB,2,RB,True,5.6000000000000005
2023,17,9,4259545,D'Andre Swift,RB,2,RB,True,7.6000000000000005
2023,17,9,4241474,Brian Robinson Jr.,RB,20,BE,False,11.600000000000001
2023,17,9,4360234,Evan McPherson,K,20,BE,False,5.0
2023,17,9,4361741,Brock Purdy,QB,0,QB,True,21.6
2023,17,9,3135321,Hunter Renfrow,WR,20,BE,False,0.0
2023,17,9,3918639,Gerald Everett,TE,23,FLEX,True,7.699999999999999
2023,17,9,4362081,Cameron Dicker,K,17,K,True,12.0
2023,17,9,3117256,Dalton Schultz,TE,6,TE,True,3.9000000000000004
2023,17,9,4426386,Roschon Johnson,RB,20,BE,False,14.9
2023,17,2,3116385,Joe Mixon,RB,2,RB,True,18.7
2023,17,2,4047646,A.J. Brown,WR,23,FLEX,True,9.3
2023,17,2,4040715,Jalen Hurts,QB,0,QB,True,25.18
2023,17,2,2577417,Dak Prescott,QB,20,BE,False,27.3
2023,17,2,-16002,Bills D/ST,D/ST,20,BE,False,19.0
2023,17,2,3917232,Tyler Bass,K,20,BE,False,9.0
2023,17,2,3128429,Courtland Sutton,WR,4,WR,True,0.0
2023,17,2,4258595,Cole Kmet,TE,6,TE,True,0.0
2023,17,2,4239934,AJ Dillon,RB,20,BE,False,2.7
2023,17,2,-16018,Saints D/ST,D/ST,16,D/ST,True,13.0
2023,17,2,4360635,Chigoziem Okonkwo,TE,23,FLEX,True,6.4
2023,17,2,16460,Adam Thielen,WR,4,WR,True,9.8
2023,17,2,4428557,Tyjae Spears,RB,2,RB,True,6.9
2023,17,2,15920,Latavius Murray,RB,20,BE,False,0.0
2023,17,2,3115255,Brandon Powell,WR,20,BE,False,0.0
2023,17,2,3124679,Jason Sanders,K,17,K,True,7.0
2023,17,5,16800,Davante Adams,WR,4,WR,True,37.6
2023,17,5,4430807,Bijan Robinson,RB,2,RB,True,11.6
2023,17,5,3929630,Saquon Barkley,RB,23,FLEX,True,8.8
2023,17,5,3116165,Chris Godwin,WR,23,FLEX,True,18.1
2023,17,5,4697815,Rachaad White,RB,2,RB,True,8.600000000000001
2023,17,5,3915416,DJ Moore,WR,4,WR,True,30.9
2023,17,5,3925347,Damien Harris,RB,21,IR,False,0.0
2023,17,5,4036378,Jordan Love,QB,20,BE,False,34.44
2023,17,5,4361432,Romeo Doubs,WR,20,BE,False,5.800000000000001
2023,17,5,3915486,Tyler Conklin,TE,20,BE,False,9.5
2023,17,5,12483,Matthew Stafford,QB,0,QB,True,14.579999999999998
2023,17,5,4688813,Josh Downs,WR,20,BE,False,7.300000000000001
2023,17,5,-16008,Lions D/ST,D/ST,16,D/ST,True,5.0
2023,17,5,3123076,David Njoku,TE,6,TE,True,17.4
2023,17,5,4372066,Jake Moody,K,17,K,True,9.0
2023,17,5,-16004,Bengals D/ST,D/ST,20,BE,False,4.0
2023,17,5,4241401,Trey Sermon,RB,20,BE,False,6.1000000000000005
2023,17,7,4262921,Justin Jefferson,WR,23,FLEX,True,10.9
2023,17,7,4360438,Brandon Aiyuk,WR,4,WR,True,24.4
2023,17,7,4360238,Dameon Pierce,RB,20,BE,False,3.1
2023,17,7,2576925,Darren Waller,TE,20,BE,False,10.100000000000001
2023,17,7,3045144,Tyler Boyd,WR,20,BE,False,4.9
2023,17,7,10621,Nick Folk,K,17,K,True,5.0
2023,17,7,4429160,De'Von Achane,RB,2,RB,True,23.700000000000003
2023,17,7,-16023,Steelers D/ST,D/ST,16,D/ST,True,3.0
2023,17,7,4596334,Keaton Mitchell,RB,21,IR,False,0.0
2023,17,7,3886812,Jake Browning,QB,0,QB,True,23.08
2023,17,7,3121023,Dallas Goedert,TE,6,TE,True,15.7
2023,17,7,3121427,Curtis Samuel,WR,4,WR,True,6.300000000000001
2023,17,7,4242433,Joshua Palmer,WR,20,BE,False,0.0
2023,17,7,3125116,D'Onta Foreman,RB,20,BE,False,0.0
2023,17,7,4038441,Justice Hill,RB,20,BE,False,22.200000000000003
2023,17,7,4243537,Gabe Davis,WR,23,FLEX,True,4.1
2023,17,7,4373626,Tyler Allgeier,RB,2,RB,True,18.8
2023,17,1,15847,Travis Kelce,TE,6,TE,True,4.6
2023,17,1,3139477,Patrick Mahomes,QB,0,QB,True,14.0
2023,17,1,4429795,Jahmyr Gibbs,RB,2,RB,True,5.3
2023,17,1,3051392,Ezekiel Elliott,RB,20,BE,False,11.5
2023,17,1,3916566,K.J. Osborn,WR,20,BE,False,0.0
2023,17,1,4430737,Kyren Williams,RB,23,FLEX,True,30.1
2023,17,1,4372019,Jerome Ford,RB,2,RB,True,29.099999999999998
2023,17,1,4248528,Christian Watson,WR,20,BE,False,0.0
2023,17,1,4426388,Jameson Williams,WR,20,BE,False,9.5
2023,17,1,4366031,Tank Dell,WR,20,BE,False,0.0
2023,17,1,-16033,Ravens D/ST,D/ST,16,D/ST,True,9.0
2023,17,1,4361579,Javonte Williams,RB,23,FLEX,True,8.8
2023,17,1,4430878,Jaxon Smith-Njigba,WR,4,WR,True,8.2
2023,17,1,3953687,Brandon Aubrey,K,17,K,True,11.0
2023,17,1,-16020,Jets D/ST,D/ST,20,BE,False,10.0
2023,17,1,4428850,Dontayvion Wicks,WR,4,WR,True,0.0
2023,17,3,2976212,Stefon Diggs,WR,4,WR,True,7.1
2023,17,3,4569618,Garrett Wilson,WR,23,FLEX,True,9.9
2023,17,3,3042519,Aaron Jones,RB,23,FLEX,True,14.0
2023,17,3,4241478,DeVonta Smith,WR,4,WR,True,6.0
2023,17,3,4362887,Justin Fields,QB,0,QB,True,27.22
2023,17,3,4360248,Kyle Pitts,TE,6,TE,True,1.5
2023,17,3,4045163,Miles Sanders,RB,2,RB,True,4.2
2023,17,3,3121422,Terry McLaurin,WR,20,BE,False,16.1
2023,17,3,3895856,Christian Kirk,WR,20,BE,False,0.0
2023,17,3,3916433,Jakobi Meyers,WR,20,BE,False,11.600000000000001
2023,17,3,14881,Russell Wilson,QB,20,BE,False,0.0
2023,17,3,4040761,Devin Singletary,RB,2,RB,True,11.6
2023,17,3,4361259,Zach Wilson,QB,20,BE,False,0.0
2023,17,3,-16026,Seahawks D/ST,D/ST,16,D/ST,True,-4.0
2023,17,3,4429086,Michael Mayer,TE,20,BE,False,0.0
2023,17,3,3123052,Michael Badgley,K,17,K,True,8.0
2023,17,12,4362628,Ja'Marr Chase,WR,4,WR,True,7.1000000000000005
2023,17,12,3925357,Calvin Ridley,WR,23,FLEX,True,7.9
2023,17,12,4048244,Alexander Mattison,RB,2,RB,True,5.0
2023,17,12,4242335,Jonathan Taylor,RB,21,IR,False,17.400000000000002
2023,17,12,4430027,Sam LaPorta,TE,6,TE,True,15.4
2023,17,12,4258173,Nico Collins,WR,23,FLEX,True,15.7
2023,17,12,3059915,Kareem Hunt,RB,20,BE,False,9.1
2023,17,12,4432577,C.J. Stroud,QB,0,QB,True,14.92
2023,17,12,15965,Dustin Hopkins,K,17,K,True,0.0
2023,17,12,-16012,Chiefs D/ST,D/ST,20,BE,False,9.0
2023,17,12,2468609,Taysom Hill,TE,20,BE,False,11.54
2023,17,12,3917315,Kyler Murray,QB,20,BE,False,29.68
2023,17,12,4362249,Jayden Reed,WR,20,BE,False,26.9
2023,17,12,4035676,Zack Moss,RB,2,RB,True,0.0
2023,17,12,4047650,DK Metcalf,WR,4,WR,True,15.600000000000001
2023,17,12,4242431,Ty Chandler,RB,20,BE,False,9.4
2023,17,12,-16005,Browns D/ST,D/ST,16,D/ST,True,15.0
2023,17,8,3117251,Christian McCaffrey,RB,2,RB,True,13.100000000000001
2023,17,8,4239996,Travis Etienne Jr.,RB,2,RB,True,28.800000000000004
2023,17,8,4241389,CeeDee Lamb,WR,4,WR,True,45.2
2023,17,8,4361370,Chris Olave,WR,4,WR,True,5.6
2023,17,8,4241372,Marquise Brown,WR,20,BE,False,0.0
2023,17,8,16731,Brandin Cooks,WR,23,FLEX,True,17.0
2023,17,8,4429205,Jordan Addison,WR,23,FLEX,True,5.800000000000001
2023,17,8,2573401,Tyler Higbee,TE,20,BE,False,12.2
2023,17,8,3051909,Daniel Carlson,K,20,BE,False,9.0
2023,17,8,-16017,Patriots D/ST,D/ST,16,D/ST,True,11.0
2023,17,8,3051926,Gus Edwards,RB,20,BE,False,10.8
2023,17,8,15835,Zach Ertz,TE,21,IR,False,0.0
2023,17,8,3052587,Baker Mayfield,QB,20,BE,False,21.259999999999998
2023,17,8,4569987,Jaylen Warren,RB,20,BE,False,19.8
2023,17,8,3044720,Joshua Dobbs,QB,0,QB,True,0.0
2023,17,8,4385690,Dalton Kincaid,TE,6,TE,True,12.700000000000001
2023,17,8,4249087,Matt Gay,K,17,K,True,12.0
2024,1,10,4361529,Isiah Pacheco,RB,2,RB,True,15.8
2024,1,10,15847,Travis Kelce,TE,6,TE,True,6.4
2024,1,10,3054850,Alvin Kamara,RB,2,RB,True,22.0
2024,1,10,4361370,Chris Olave,WR,4,WR,True,3.1
2024,1,10,4035687,Michael Pittman Jr.,WR,4,WR,True,7.1
2024,1,10,4569173,Rhamondre Stevenson,RB,23,FLEX,True,21.6
2024,1,10,4683062,Xavier Worthy,WR,23,FLEX,True,20.8
2024,1,10,3895856,Christian Kirk,WR,20,BE,False,4.0
2024,1,10,4426348,Jayden Daniels,QB,0,QB,True,28.16
2024,1,10,4040761,Devin Singletary,RB,20,BE,False,9.2
2024,1,10,3128429,Courtland Sutton,WR,20,BE,False,7.800000000000001
2024,1,10,4678008,Jonathon Brooks,RB,21,IR,False,0.0
2024,1,10,-16006,Cowboys D/ST,D/ST,16,D/ST,True,19.0
2024,1,10,4360234,Evan McPherson,K,17,K,True,6.0
2024,1,10,3915486,Tyler Conklin,TE,20,BE,False,1.6
2024,1,10,4360635,Chig Okonkwo,TE,20,BE,False,9.5
2024,1,2,4374302,Amon-Ra St. Brown,WR,4,WR,True,4.3
2024,1,2,4429795,Jahmyr Gibbs,RB,2,RB,True,17.4
2024,1,2,2976212,Stefon Diggs,WR,4,WR,True,21.900000000000002
2024,1,2,4040715,Jalen Hurts,QB,0,QB,True,23.42
2024,1,2,3116365,Mark Andrews,TE,6,TE,True,3.4000000000000004
2024,1,2,4241416,Chuba Hubbard,RB,2,RB,True,1.4000000000000001
2024,1,2,14993,Greg Zuerlein,K,17,K,True,1.0
2024,1,2,4241463,Jerry Jeudy,WR,23,FLEX,True,11.5
2024,1,2,4429275,Trey Benson,RB,20,BE,False,2.8
2024,1,2,3052587,Baker Mayfield,QB,20,BE,False,37.66
2024,1,2,4689936,Jake Bates,K,20,BE,False,8.0
2024,1,2,4427095,DeMario Douglas,WR,23,FLEX,True,3.2
2024,1,2,4430637,Ja'Lynn Polk,WR,20,BE,False,1.6
2024,1,2,4429501,Ray Davis,RB,20,BE,False,3.7
2024,1,2,4429023,MarShawn Lloyd,RB,20,BE,False,0.0
2024,1,2,-16016,Vikings D/ST,D/ST,16,D/ST,True,21.0
2024,1,8,4430807,Bijan Robinson,RB,2,RB,True,16.1
2024,1,8,4262921,Justin Jefferson,WR,4,WR,True,15.9
2024,1,8,4426515,Puka Nacua,WR,4,WR,True,8.2
2024,1,8,3045147,James Conner,RB,2,RB,True,19.3
2024,1,8,4429084,Anthony Richardson,QB,0,QB,True,36.08
2024,1,8,4360248,Kyle Pitts,TE,6,TE,True,11.6
2024,1,8,3055899,Harrison Butker,K,17,K,True,9.0
2024,1,8,4362238,Chase Brown,RB,23,FLEX,True,5.3
2024,1,8,4431299,Rome Odunze,WR,20,BE,False,2.1
2024,1,8,-16025,49ers D/ST,D/ST,16,D/ST,True,7.0
2024,1,8,4426388,Jameson Williams,WR,23,FLEX,True,27.400000000000002
2024,1,8,4429096,Blake Corum,RB,20,BE,False,0.0
2024,1,8,12483,Matthew Stafford,QB,20,BE,False,16.68
2024,1,8,4361050,Isaiah Likely,TE,20,BE,False,27.1
2024,1,8,4682745,Jaylen Wright,RB,20,BE,False,0.0
2024,1,8,4373678,Khalil Shakir,WR,20,BE,False,13.2
2024,1,3,3117251,Christian McCaffrey,RB,2,RB,True,0.0
2024,1,3,4697815,Rachaad White,RB,2,RB,True,16.6
2024,1,3,4429615,Zay Flowers,WR,4,WR,True,11.100000000000001
2024,1,3,4241478,DeVonta Smith,WR,4,WR,True,15.4
2024,1,3,4038524,Gardner Minshew,QB,0,QB,True,12.78
2024,1,3,4385690,Dalton Kincaid,TE,6,TE,True,2.1
2024,1,3,3068267,Austin Ekeler,RB,23,FLEX,True,10.2
2024,1,3,15795,DeAndre Hopkins,WR,23,FLEX,True,1.8
2024,1,3,3128720,Nick Chubb,RB,20,BE,False,0.0
2024,1,3,-16021,Eagles D/ST,D/ST,16,D/ST,True,1.0
2024,1,3,4429205,Jordan Addison,WR,20,BE,False,6.5
2024,1,3,4241372,Hollywood Brown,WR,20,BE,False,0.0
2024,1,3,4360310,Trevor Lawrence,QB,20,BE,False,13.280000000000001
2024,1,3,4362081,Cameron Dicker,K,17,K,True,12.0
2024,1,3,4038815,Rico Dowdle,RB,20,BE,False,4.2
2024,1,3,3046439,Hunter Henry,TE,20,BE,False,3.8
2024,1,7,4427366,Breece Hall,RB,2,RB,True,18.3
2024,1,7,4241389,CeeDee Lamb,WR,4,WR,True,13.600000000000001
2024,1,7,4362628,Ja'Marr Chase,WR,4,WR,True,12.2
2024,1,7,3121422,Terry McLaurin,WR,23,FLEX,True,3.7
2024,1,7,4035676,Zack Moss,RB,2,RB,True,14.100000000000001
2024,1,7,3117256,Dalton Schultz,TE,6,TE,True,4.6
2024,1,7,4431611,Caleb Williams,QB,0,QB,True,7.220000000000001
2024,1,7,4258595,Cole Kmet,TE,20,BE,False,1.4
2024,1,7,-16012,Chiefs D/ST,D/ST,16,D/ST,True,-1.0
2024,1,7,16460,Adam Thielen,WR,23,FLEX,True,7.9
2024,1,7,3116593,Dalvin Cook,RB,20,BE,False,0.0
2024,1,7,15864,Geno Smith,QB,20,BE,False,19.84
2024,1,7,4597500,Adonai Mitchell,WR,20,BE,False,1.2
2024,1,7,3917232,Tyler Bass,K,17,K,True,10.0
2024,1,7,15835,Zach Ertz,TE,20,BE,False,5.800000000000001
2024,1,7,4045163,Miles Sanders,RB,20,BE,False,2.2
2024,1,12,4569618,Garrett Wilson,WR,4,WR,True,12.0
2024,1,12,4430737,Kyren Williams,RB,2,RB,True,14.4
2024,1,12,4239996,Travis Etienne Jr.,RB,2,RB,True,11.9
2024,1,12,16737,Mike Evans,WR,4,WR,True,23.1
2024,1,12,3925357,Calvin Ridley,WR,23,FLEX,True,8.0
2024,1,12,3051876,Evan Engram,TE,6,TE,True,1.5
2024,1,12,3932905,Diontae Johnson,WR,23,FLEX,True,3.9000000000000004
2024,1,12,14880,Kirk Cousins,QB,0,QB,True,8.2
2024,1,12,3916433,Jakobi Meyers,WR,20,BE,False,9.4
2024,1,12,4242431,Ty Chandler,RB,20,BE,False,7.2
2024,1,12,-16018,Saints D/ST,D/ST,16,D/ST,True,17.0
2024,1,12,17427,Cairo Santos,K,17,K,True,13.0
2024,1,12,4360294,Antonio Gibson,RB,20,BE,False,1.8
2024,1,12,4596448,Bucky Irving,RB,20,BE,False,9.6
2024,1,12,-16004,Bengals D/ST,D/ST,20,BE,False,4.0
2024,1,12,4361418,Will Levis,QB,20,BE,False,8.68
2024,1,6,3116406,Tyreek Hill,WR,4,WR,True,29.0
2024,1,6,4241457,Najee Harris,RB,20,BE,False,8.9
2024,1,6,2577417,Dak Prescott,QB,20,BE,False,13.46
2024,1,6,4372016,Jaylen Waddle,WR,23,FLEX,True,16.2
2024,1,6,4361307,Trey McBride,TE,6,TE,True,8.0
2024,1,6,3953687,Brandon Aubrey,K,17,K,True,21.0
2024,1,6,3916148,Tony Pollard,RB,20,BE,False,18.400000000000002
2024,1,6,4361777,Zamir White,RB,2,RB,True,4.6000000000000005
2024,1,6,3116165,Chris Godwin,WR,4,WR,True,22.3
2024,1,6,4635008,Keon Coleman,WR,20,BE,False,9.100000000000001
2024,1,6,3042519,Aaron Jones,RB,2,RB,True,18.9
2024,1,6,4241479,Tua Tagovailoa,QB,0,QB,True,23.619999999999997
2024,1,6,2976499,Amari Cooper,WR,20,BE,False,3.6
2024,1,6,3121023,Dallas Goedert,TE,20,BE,False,7.1
2024,1,6,2576414,Raheem Mostert,RB,23,FLEX,True,3.9
2024,1,6,-16026,Seahawks D/ST,D/ST,16,D/ST,True,11.0
2024,1,5,4258173,Nico Collins,WR,4,WR,True,17.700000000000003
2024,1,5,4047365,Josh Jacobs,RB,2,RB,True,12.4
2024,1,5,3139477,Patrick Mahomes,QB,20,BE,False,17.14
2024,1,5,4567048,Kenneth Walker III,RB,2,RB,True,18.900000000000002
2024,1,5,3126486,Deebo Samuel Sr.,WR,4,WR,True,18.700000000000003
2024,1,5,3915511,Joe Burrow,QB,0,QB,True,8.06
2024,1,5,3917315,Kyler Murray,QB,20,BE,False,16.18
2024,1,5,4362249,Jayden Reed,WR,23,FLEX,True,36.1
2024,1,5,4432773,Brian Thomas Jr.,WR,23,FLEX,True,14.7
2024,1,5,4361411,Pat Freiermuth,TE,6,TE,True,6.7
2024,1,5,4722893,Jaleel McLaughlin,RB,20,BE,False,5.8
2024,1,5,4040655,Darnell Mooney,WR,20,BE,False,2.5
2024,1,5,-16030,Jaguars D/ST,D/ST,16,D/ST,True,1.0
2024,1,5,3049899,Younghoe Koo,K,17,K,True,4.0
2024,1,5,4035886,Khalil Herbert,RB,20,BE,False,0.4
2024,1,5,4360516,Tyrone Tracy Jr.,RB,20,BE,False,1.7
2024,1,1,3043078,Derrick Henry,RB,2,RB,True,10.600000000000001
2024,1,1,3116385,Joe Mixon,RB,2,RB,True,26.799999999999997
2024,1,1,4595348,Malik Nabers,WR,4,WR,True,11.600000000000001
2024,1,1,4430027,Sam LaPorta,TE,6,TE,True,8.5
2024,1,1,4428331,Rashee Rice,WR,4,WR,True,17.3
2024,1,1,4239993,Tee Higgins,WR,20,BE,False,0.0
2024,1,1,4259545,D'Andre Swift,RB,20,BE,False,5.0
2024,1,1,4432577,C.J. Stroud,QB,0,QB,True,22.66
2024,1,1,4366031,Tank Dell,WR,23,FLEX,True,8.9
2024,1,1,4035538,David Montgomery,RB,23,FLEX,True,16.3
2024,1,1,15818,Keenan Allen,WR,20,BE,False,6.9
2024,1,1,4241985,J.K. Dobbins,RB,20,BE,False,22.9
2024,1,1,4432665,Brock Bowers,TE,20,BE,False,11.8
2024,1,1,3050478,Jake Elliott,K,17,K,True,10.0
2024,1,1,3046779,Jared Goff,QB,20,BE,False,16.38
2024,1,1,-16023,Steelers D/ST,D/ST,16,D/ST,True,13.0
2024,1,9,16800,Davante Adams,WR,4,WR,True,10.9
2024,1,9,3915416,DJ Moore,WR,4,WR,True,10.0
2024,1,9,4432708,Marvin Harrison Jr.,WR,23,FLEX,True,1.4
2024,1,9,4426502,Drake London,WR,23,FLEX,True,3.5
2024,1,9,4379399,James Cook,RB,2,RB,True,13.3
2024,1,9,4426354,George Pickens,WR,20,BE,False,13.5
2024,1,9,4036378,Jordan Love,QB,0,QB,True,23.4
2024,1,9,4428557,Tyjae Spears,RB,2,RB,True,7.199999999999999
2024,1,9,3123076,David Njoku,TE,6,TE,True,8.4
2024,1,9,4241474,Brian Robinson Jr.,RB,20,BE,False,17.9
2024,1,9,4361579,Javonte Williams,RB,20,BE,False,3.3000000000000003
2024,1,9,4569987,Jaylen Warren,RB,20,BE,False,4.0
2024,1,9,-16005,Browns D/ST,D/ST,16,D/ST,True,4.0
2024,1,9,4036133,T.J. Hockenson,TE,20,BE,False,0.0
2024,1,9,2971573,Ka'imi Fairbairn,K,17,K,True,17.0
2024,1,9,3122840,Deshaun Watson,QB,20,BE,False,12.66
2024,1,4,4047646,A.J. Brown,WR,4,WR,True,25.9
2024,1,4,2977187,Cooper Kupp,WR,4,WR,True,32.0
2024,1,4,3918298,Josh Allen,QB,0,QB,True,35.18
2024,1,4,4429160,De'Von Achane,RB,2,RB,True,23.0
2024,1,4,3916387,Lamar Jackson,QB,20,BE,False,28.12
2024,1,4,3040151,George Kittle,TE,6,TE,True,8.0
2024,1,4,3051392,Ezekiel Elliott,RB,20,BE,False,12.9
2024,1,4,15683,Justin Tucker,K,17,K,True,7.0
2024,1,4,4248528,Christian Watson,WR,23,FLEX,True,10.3
2024,1,4,3051926,Gus Edwards,RB,2,RB,True,3.8000000000000003
2024,1,4,3121427,Curtis Samuel,WR,20,BE,False,3.5
2024,1,4,4372019,Jerome Ford,RB,23,FLEX,True,18.9
2024,1,4,3045138,Mike Williams,WR,20,BE,False,0.0
2024,1,4,-16015,Dolphins D/ST,D/ST,16,D/ST,True,8.0
2024,1,4,4373626,Tyler Allgeier,RB,20,BE,False,2.1
2024,1,4,3929645,Juwan Johnson,TE,20,BE,False,10.6
2024,1,11,3929630,Saquon Barkley,RB,2,RB,True,33.199999999999996
2024,1,11,4047650,DK Metcalf,WR,4,WR,True,5.9
2024,1,11,4242335,Jonathan Taylor,RB,2,RB,True,10.8
2024,1,11,4360438,Brandon Aiyuk,WR,4,WR,True,4.800000000000001
2024,1,11,4361741,Brock Purdy,QB,0,QB,True,10.34
2024,1,11,4430878,Jaxon Smith-Njigba,WR,23,FLEX,True,3.9000000000000004
2024,1,11,8439,Aaron Rodgers,QB,20,BE,False,10.58
2024,1,11,4242355,Jake Ferguson,TE,6,TE,True,4.5
2024,1,11,4038941,Justin Herbert,QB,20,BE,False,12.36
2024,1,11,4612826,Ladd McConkey,WR,23,FLEX,True,14.9
2024,1,11,4426385,Zach Charbonnet,RB,20,BE,False,12.1
2024,1,11,2577327,Tyler Lockett,WR,20,BE,False,13.7
2024,1,11,2468609,Taysom Hill,TE,20,BE,False,4.6
2024,1,11,4372066,Jake Moody,K,17,K,True,26.0
2024,1,11,-16008,Lions D/ST,D/ST,16,D/ST,True,4.0
2024,1,11,4360569,Jordan Mason,RB,20,BE,False,22.200000000000003
2024,2,2,4374302,Amon-Ra St. Brown,WR,4,WR,True,22.9
2024,2,2,4429795,Jahmyr Gibbs,RB,2,RB,True,17.6
2024,2,2,2976212,Stefon Diggs,WR,4,WR,True,7.7
2024,2,2,4040715,Jalen Hurts,QB,0,QB,True,25.82
2024,2,2,3116365,Mark Andrews,TE,6,TE,True,9.100000000000001
2024,2,2,4241416,Chuba Hubbard,RB,2,RB,True,11.600000000000001
2024,2,2,14993,Greg Zuerlein,K,17,K,True,6.0
2024,2,2,4241463,Jerry Jeudy,WR,23,FLEX,True,12.3
2024,2,2,4429275,Trey Benson,RB,20,BE,False,2.7
2024,2,2,3052587,Baker Mayfield,QB,20,BE,False,21.8
2024,2,2,4689936,Jake Bates,K,20,BE,False,10.0
2024,2,2,4427095,DeMario Douglas,WR,23,FLEX,True,0.0
2024,2,2,4430637,Ja'Lynn Polk,WR,20,BE,False,9.2
2024,2,2,4429501,Ray Davis,RB,20,BE,False,3.8000000000000003
2024,2,2,4429023,MarShawn Lloyd,RB,20,BE,False,2.8
2024,2,2,-16016,Vikings D/ST,D/ST,16,D/ST,True,13.0
2024,2,3,3117251,Christian McCaffrey,RB,20,BE,False,0.0
2024,2,3,4697815,Rachaad White,RB,2,RB,True,3.3
2024,2,3,4429615,Zay Flowers,WR,4,WR,True,22.1
2024,2,3,4241478,DeVonta Smith,WR,4,WR,True,20.6
2024,2,3,4038524,Gardner Minshew,QB,20,BE,False,14.940000000000001
2024,2,3,4385690,Dalton Kincaid,TE,6,TE,True,7.300000000000001
2024,2,3,3068267,Austin Ekeler,RB,2,RB,True,11.5
2024,2,3,15795,DeAndre Hopkins,WR,23,FLEX,True,1.9
2024,2,3,3128720,Nick Chubb,RB,20,BE,False,0.0
2024,2,3,-16021,Eagles D/ST,D/ST,16,D/ST,True,1.0
2024,2,3,4429205,Jordan Addison,WR,20,BE,False,0.0
2024,2,3,4241372,Hollywood Brown,WR,20,BE,False,0.0
2024,2,3,4360310,Trevor Lawrence,QB,0,QB,True,13.3
2024,2,3,4362081,Cameron Dicker,K,17,K,True,9.0
2024,2,3,4038815,Rico Dowdle,RB,20,BE,False,9.9
2024,2,3,3046439,Hunter Henry,TE,23,FLEX,True,18.9
2024,2,12,4569618,Garrett Wilson,WR,4,WR,True,10.2
2024,2,12,4430737,Kyren Williams,RB,2,RB,True,15.2
2024,2,12,4239996,Travis Etienne Jr.,RB,2,RB,True,14.799999999999999
2024,2,12,16737,Mike Evans,WR,4,WR,True,7.2
2024,2,12,3925357,Calvin Ridley,WR,23,FLEX,True,25.7
2024,2,12,3051876,Evan Engram,TE,6,TE,True,0.0
2024,2,12,3932905,Diontae Johnson,WR,23,FLEX,True,4.5
2024,2,12,14880,Kirk Cousins,QB,0,QB,True,22.54
2024,2,12,3916433,Jakobi Meyers,WR,20,BE,False,6.9
2024,2,12,4242431,Ty Chandler,RB,20,BE,False,8.200000000000001
2024,2,12,-16018,Saints D/ST,D/ST,16,D/ST,True,7.0
2024,2,12,17427,Cairo Santos,K,17,K,True,11.0
2024,2,12,4360294,Antonio Gibson,RB,20,BE,False,11.3
2024,2,12,4596448,Bucky Irving,RB,20,BE,False,2.2
2024,2,12,-16004,Bengals D/ST,D/ST,20,BE,False,10.0
2024,2,12,4361418,Will Levis,QB,20,BE,False,14.48
2024,2,10,4361529,Isiah Pacheco,RB,2,RB,True,16.1
2024,2,10,15847,Travis Kelce,TE,6,TE,True,1.6
2024,2,10,3054850,Alvin Kamara,RB,2,RB,True,47.0
2024,2,10,4361370,Chris Olave,WR,4,WR,True,12.8
2024,2,10,4035687,Michael Pittman Jr.,WR,4,WR,True,5.1
2024,2,10,4569173,Rhamondre Stevenson,RB,23,FLEX,True,17.0
2024,2,10,4683062,Xavier Worthy,WR,23,FLEX,True,4.2
2024,2,10,3895856,Christian Kirk,WR,20,BE,False,0.9
2024,2,10,4426348,Jayden Daniels,QB,0,QB,True,13.440000000000001
2024,2,10,4040761,Devin Singletary,RB,20,BE,False,14.5
2024,2,10,3128429,Courtland Sutton,WR,20,BE,False,3.6
2024,2,10,4678008,Jonathon Brooks,RB,21,IR,False,0.0
2024,2,10,-16006,Cowboys D/ST,D/ST,16,D/ST,True,0.0
2024,2,10,4360234,Evan McPherson,K,17,K,True,15.0
2024,2,10,3915486,Tyler Conklin,TE,20,BE,False,2.0
2024,2,10,4360635,Chig Okonkwo,TE,20,BE,False,4.6
2024,2,5,4258173,Nico Collins,WR,4,WR,True,27.5
2024,2,5,4047365,Josh Jacobs,RB,2,RB,True,13.100000000000001
2024,2,5,3139477,Patrick Mahomes,QB,0,QB,True,17.94
2024,2,5,4567048,Kenneth Walker III,RB,20,BE,False,0.0
2024,2,5,3126486,Deebo Samuel Sr.,WR,4,WR,True,18.0
2024,2,5,3915511,Joe Burrow,QB,20,BE,False,21.22
2024,2,5,3917315,Kyler Murray,QB,20,BE,False,37.54
2024,2,5,4362249,Jayden Reed,WR,23,FLEX,True,6.6000000000000005
2024,2,5,4432773,Brian Thomas Jr.,WR,23,FLEX,True,11.4
2024,2,5,4361411,Pat Freiermuth,TE,6,TE,True,7.9
2024,2,5,4722893,Jaleel McLaughlin,RB,2,RB,True,0.6000000000000001
2024,2,5,4040655,Darnell Mooney,WR,20,BE,False,18.8
2024,2,5,-16030,Jaguars D/ST,D/ST,16,D/ST,True,5.0
2024,2,5,3049899,Younghoe Koo,K,17,K,True,10.0
2024,2,5,4035886,Khalil Herbert,RB,20,BE,False,8.700000000000001
2024,2,5,4360516,Tyrone Tracy Jr.,RB,20,BE,False,0.2
2024,2,8,4430807,Bijan Robinson,RB,2,RB,True,16.200000000000003
2024,2,8,4262921,Justin Jefferson,WR,4,WR,True,26.3
2024,2,8,4426515,Puka Nacua,WR,21,IR,False,0.0
2024,2,8,3045147,James Conner,RB,2,RB,True,19.400000000000002
2024,2,8,4429084,Anthony Richardson,QB,0,QB,True,11.86
2024,2,8,4360248,Kyle Pitts,TE,20,BE,False,5.0
2024,2,8,3055899,Harrison Butker,K,17,K,True,10.0
2024,2,8,4362238,Chase Brown,RB,20,BE,False,3.1
2024,2,8,-16025,49ers D/ST,D/ST,16,D/ST,True,6.0
2024,2,8,4426388,Jameson Williams,WR,23,FLEX,True,14.4
2024,2,8,12483,Matthew Stafford,QB,20,BE,False,6.640000000000001
2024,2,8,4361050,Isaiah Likely,TE,6,TE,True,4.6
2024,2,8,4682745,Jaylen Wright,RB,20,BE,False,0.4
2024,2,8,4373678,Khalil Shakir,WR,4,WR,True,10.600000000000001
2024,2,8,4032473,Rashid Shaheed,WR,23,FLEX,True,23.900000000000002
2024,2,8,16731,Brandin Cooks,WR,20,BE,False,3.6
2024,2,8,4048244,Alexander Mattison,RB,20,BE,False,6.1
2024,2,9,16800,Davante Adams,WR,4,WR,True,26.0
2024,2,9,3915416,DJ Moore,WR,23,FLEX,True,11.3
2024,2,9,4432708,Marvin Harrison Jr.,WR,23,FLEX,True,32.0
2024,2,9,4426502,Drake London,WR,4,WR,True,17.4
2024,2,9,4379399,James Cook,RB,2,RB,True,29.5
2024,2,9,4426354,George Pickens,WR,20,BE,False,4.9
2024,2,9,4036378,Jordan Love,QB,20,BE,False,0.0
2024,2,9,4428557,Tyjae Spears,RB,20,BE,False,5.1
2024,2,9,3123076,David Njoku,TE,6,TE,True,0.0
2024,2,9,4241474,Brian Robinson Jr.,RB,2,RB,True,14.600000000000001
2024,2,9,4361579,Javonte Williams,RB,20,BE,False,11.5
2024,2,9,4569987,Jaylen Warren,RB,20,BE,False,8.1
2024,2,9,-16005,Browns D/ST,D/ST,16,D/ST,True,9.0
2024,2,9,4036133,T.J. Hockenson,TE,20,BE,False,0.0
2024,2,9,2971573,Ka'imi Fairbairn,K,17,K,True,20.0
2024,2,9,3122840,Deshaun Watson,QB,0,QB,True,15.440000000000001
2024,2,7,4427366,Breece Hall,RB,2,RB,True,24.4
2024,2,7,4241389,CeeDee Lamb,WR,4,WR,True,22.0
2024,2,7,4362628,Ja'Marr Chase,WR,4,WR,True,7.5
2024,2,7,3121422,Terry McLaurin,WR,23,FLEX,True,8.2
2024,2,7,4035676,Zack Moss,RB,2,RB,True,5.7
2024,2,7,3117256,Dalton Schultz,TE,6,TE,True,4.1
2024,2,7,4431611,Caleb Williams,QB,20,BE,False,7.359999999999999
2024,2,7,4258595,Cole Kmet,TE,20,BE,False,6.7
2024,2,7,-16012,Chiefs D/ST,D/ST,16,D/ST,True,11.0
2024,2,7,16460,Adam Thielen,WR,23,FLEX,True,4.0
2024,2,7,3116593,Dalvin Cook,RB,20,BE,False,0.0
2024,2,7,15864,Geno Smith,QB,0,QB,True,22.880000000000003
2024,2,7,3917232,Tyler Bass,K,17,K,True,7.0
2024,2,7,4045163,Miles Sanders,RB,20,BE,False,5.5
2024,2,7,3128390,Allen Lazard,WR,20,BE,False,3.1
2024,2,7,4242557,Colby Parkinson,TE,20,BE,False,2.2
2024,2,11,3929630,Saquon Barkley,RB,2,RB,True,17.6
2024,2,11,4047650,DK Metcalf,WR,4,WR,True,31.9
2024,2,11,4242335,Jonathan Taylor,RB,2,RB,True,15.5
2024,2,11,4360438,Brandon Aiyuk,WR,4,WR,True,8.3
2024,2,11,4361741,Brock Purdy,QB,0,QB,True,15.96
2024,2,11,4430878,Jaxon Smith-Njigba,WR,20,BE,False,23.700000000000003
2024,2,11,8439,Aaron Rodgers,QB,20,BE,False,19.14
2024,2,11,4242355,Jake Ferguson,TE,6,TE,True,0.0
2024,2,11,4038941,Justin Herbert,QB,20,BE,False,15.0
2024,2,11,4612826,Ladd McConkey,WR,20,BE,False,4.6
2024,2,11,4426385,Zach Charbonnet,RB,23,FLEX,True,17.900000000000002
2024,2,11,2577327,Tyler Lockett,WR,20,BE,False,3.5
2024,2,11,2468609,Taysom Hill,TE,20,BE,False,2.9
2024,2,11,4372066,Jake Moody,K,17,K,True,5.0
2024,2,11,-16008,Lions D/ST,D/ST,16,D/ST,True,9.0
2024,2,11,4360569,Jordan Mason,RB,23,FLEX,True,17.4
2024,2,6,3116406,Tyreek Hill,WR,4,WR,True,6.6000000000000005
2024,2,6,4241457,Najee Harris,RB,2,RB,True,8.4
2024,2,6,2577417,Dak Prescott,QB,20,BE,False,17.92
2024,2,6,4372016,Jaylen Waddle,WR,23,FLEX,True,8.5
2024,2,6,4361307,Trey McBride,TE,6,TE,True,18.7
2024,2,6,3953687,Brandon Aubrey,K,17,K,True,17.0
2024,2,6,3916148,Tony Pollard,RB,23,FLEX,True,15.2
2024,2,6,4361777,Zamir White,RB,20,BE,False,6.800000000000001
2024,2,6,3116165,Chris Godwin,WR,4,WR,True,25.700000000000003
2024,2,6,4635008,Keon Coleman,WR,20,BE,False,0.0
2024,2,6,3042519,Aaron Jones,RB,2,RB,True,9.8
2024,2,6,4241479,Tua Tagovailoa,QB,0,QB,True,7.5
2024,2,6,2976499,Amari Cooper,WR,20,BE,False,4.1
2024,2,6,3121023,Dallas Goedert,TE,20,BE,False,6.800000000000001
2024,2,6,2576414,Raheem Mostert,RB,21,IR,False,0.0
2024,2,6,-16026,Seahawks D/ST,D/ST,16,D/ST,True,5.0
2024,2,6,3122976,Jeff Wilson Jr.,RB,20,BE,False,3.2
2024,2,4,4047646,A.J. Brown,WR,20,BE,False,0.0
2024,2,4,2977187,Cooper Kupp,WR,4,WR,True,7.7
2024,2,4,3918298,Josh Allen,QB,20,BE,False,11.760000000000002
2024,2,4,4429160,De'Von Achane,RB,2,RB,True,29.5
2024,2,4,3916387,Lamar Jackson,QB,0,QB,True,18.380000000000003
2024,2,4,3040151,George Kittle,TE,6,TE,True,20.6
2024,2,4,3051392,Ezekiel Elliott,RB,20,BE,False,5.2
2024,2,4,15683,Justin Tucker,K,17,K,True,12.0
2024,2,4,4248528,Christian Watson,WR,4,WR,True,0.0
2024,2,4,3051926,Gus Edwards,RB,2,RB,True,5.9
2024,2,4,3121427,Curtis Samuel,WR,20,BE,False,1.3
2024,2,4,4372019,Jerome Ford,RB,23,FLEX,True,7.4
2024,2,4,-16015,Dolphins D/ST,D/ST,16,D/ST,True,2.0
2024,2,4,4373626,Tyler Allgeier,RB,20,BE,False,7.500000000000001
2024,2,4,3929645,Juwan Johnson,TE,20,BE,False,0.0
2024,2,4,2310331,Tyler Johnson,WR,23,FLEX,True,4.0
2024,2,1,3043078,Derrick Henry,RB,2,RB,True,16.6
2024,2,1,3116385,Joe Mixon,RB,2,RB,True,8.0
2024,2,1,4595348,Malik Nabers,WR,4,WR,True,28.700000000000003
2024,2,1,4430027,Sam LaPorta,TE,6,TE,True,3.3
2024,2,1,4428331,Rashee Rice,WR,4,WR,True,19.5
2024,2,1,4239993,Tee Higgins,WR,20,BE,False,0.0
2024,2,1,4259545,D'Andre Swift,RB,20,BE,False,8.2
2024,2,1,4432577,C.J. Stroud,QB,0,QB,True,16.3
2024,2,1,4366031,Tank Dell,WR,20,BE,False,2.3
2024,2,1,4035538,David Montgomery,RB,23,FLEX,True,17.0
2024,2,1,15818,Keenan Allen,WR,20,BE,False,0.0
2024,2,1,4241985,J.K. Dobbins,RB,23,FLEX,True,21.1
2024,2,1,4432665,Brock Bowers,TE,20,BE,False,18.8
2024,2,1,3050478,Jake Elliott,K,17,K,True,7.0
2024,2,1,-16023,Steelers D/ST,D/ST,16,D/ST,True,12.0
2024,2,1,-16033,Ravens D/ST,D/ST,20,BE,False,9.0
2024,3,12,4569618,Garrett Wilson,WR,4,WR,True,14.3
2024,3,12,4430737,Kyren Williams,RB,2,RB,True,31.599999999999998
2024,3,12,4239996,Travis Etienne Jr.,RB,2,RB,True,12.5
2024,3,12,16737,Mike Evans,WR,4,WR,True,3.7
2024,3,12,3925357,Calvin Ridley,WR,23,FLEX,True,1.9
2024,3,12,3051876,Evan Engram,TE,20,BE,False,0.0
2024,3,12,14880,Kirk Cousins,QB,0,QB,True,13.100000000000001
2024,3,12,3916433,Jakobi Meyers,WR,20,BE,False,21.2
2024,3,12,4242431,Ty Chandler,RB,20,BE,False,1.3
2024,3,12,-16018,Saints D/ST,D/ST,16,D/ST,True,7.0
2024,3,12,17427,Cairo Santos,K,17,K,True,5.0
2024,3,12,4360294,Antonio Gibson,RB,20,BE,False,6.7
2024,3,12,4596448,Bucky Irving,RB,20,BE,False,11.4
2024,3,12,4361418,Will Levis,QB,20,BE,False,17.6
2024,3,12,3116164,Mike Gesicki,TE,6,TE,True,8.7
2024,3,12,2976499,Amari Cooper,WR,23,FLEX,True,27.6
2024,3,2,4374302,Amon-Ra St. Brown,WR,4,WR,True,20.5
2024,3,2,4429795,Jahmyr Gibbs,RB,2,RB,True,16.3
2024,3,2,2976212,Stefon Diggs,WR,4,WR,True,19.92
2024,3,2,4040715,Jalen Hurts,QB,0,QB,True,10.94
2024,3,2,3116365,Mark Andrews,TE,6,TE,True,0.0
2024,3,2,4241416,Chuba Hubbard,RB,2,RB,True,27.9
2024,3,2,14993,Greg Zuerlein,K,17,K,True,5.0
2024,3,2,4241463,Jerry Jeudy,WR,23,FLEX,True,8.7
2024,3,2,4429275,Trey Benson,RB,20,BE,False,0.8
2024,3,2,3052587,Baker Mayfield,QB,20,BE,False,10.52
2024,3,2,4689936,Jake Bates,K,20,BE,False,1.0
2024,3,2,4427095,DeMario Douglas,WR,23,FLEX,True,14.8
2024,3,2,4430637,Ja'Lynn Polk,WR,20,BE,False,3.3
2024,3,2,4429501,Ray Davis,RB,20,BE,False,9.299999999999999
2024,3,2,4429023,MarShawn Lloyd,RB,21,IR,False,0.0
2024,3,2,-16016,Vikings D/ST,D/ST,16,D/ST,True,14.0
2024,3,3,3117251,Christian McCaffrey,RB,20,BE,False,0.0
2024,3,3,4697815,Rachaad White,RB,2,RB,True,8.5
2024,3,3,4429615,Zay Flowers,WR,4,WR,True,5.3
2024,3,3,4241478,DeVonta Smith,WR,4,WR,True,14.9
2024,3,3,4038524,Gardner Minshew,QB,20,BE,False,15.96
2024,3,3,4385690,Dalton Kincaid,TE,6,TE,True,13.100000000000001
2024,3,3,3068267,Austin Ekeler,RB,2,RB,True,13.7
2024,3,3,15795,DeAndre Hopkins,WR,23,FLEX,True,19.3
2024,3,3,3128720,Nick Chubb,RB,20,BE,False,0.0
2024,3,3,-16021,Eagles D/ST,D/ST,16,D/ST,True,8.0
2024,3,3,4429205,Jordan Addison,WR,20,BE,False,0.0
2024,3,3,4241372,Hollywood Brown,WR,21,IR,False,0.0
2024,3,3,4360310,Trevor Lawrence,QB,0,QB,True,11.42
2024,3,3,4362081,Cameron Dicker,K,17,K,True,4.0
2024,3,3,4038815,Rico Dowdle,RB,20,BE,False,8.600000000000001
2024,3,3,3046439,Hunter Henry,TE,23,FLEX,True,2.9
2024,3,5,4258173,Nico Collins,WR,4,WR,True,12.6
2024,3,5,4047365,Josh Jacobs,RB,2,RB,True,5.8
2024,3,5,3139477,Patrick Mahomes,QB,20,BE,False,20.38
2024,3,5,4567048,Kenneth Walker III,RB,20,BE,False,0.0
2024,3,5,3126486,Deebo Samuel Sr.,WR,20,BE,False,0.0
2024,3,5,3915511,Joe Burrow,QB,0,QB,True,32.36
2024,3,5,3917315,Kyler Murray,QB,20,BE,False,16.78
2024,3,5,4362249,Jayden Reed,WR,23,FLEX,True,10.9
2024,3,5,4432773,Brian Thomas Jr.,WR,23,FLEX,True,9.8
2024,3,5,4361411,Pat Freiermuth,TE,6,TE,True,7.300000000000001
2024,3,5,4722893,Jaleel McLaughlin,RB,2,RB,True,8.4
2024,3,5,4040655,Darnell Mooney,WR,4,WR,True,14.600000000000001
2024,3,5,3049899,Younghoe Koo,K,17,K,True,7.0
2024,3,5,4035886,Khalil Herbert,RB,20,BE,False,0.9
2024,3,5,4360516,Tyrone Tracy Jr.,RB,20,BE,False,6.000000000000001
2024,3,5,-16027,Buccaneers D/ST,D/ST,16,D/ST,True,2.0
2024,3,10,4361529,Isiah Pacheco,RB,20,BE,False,0.0
2024,3,10,15847,Travis Kelce,TE,6,TE,True,7.0
2024,3,10,3054850,Alvin Kamara,RB,2,RB,True,15.700000000000001
2024,3,10,4361370,Chris Olave,WR,4,WR,True,20.6
2024,3,10,4035687,Michael Pittman Jr.,WR,4,WR,True,7.6
2024,3,10,4569173,Rhamondre Stevenson,RB,23,FLEX,True,0.30000000000000027
2024,3,10,4683062,Xavier Worthy,WR,23,FLEX,True,5.0
2024,3,10,3895856,Christian Kirk,WR,20,BE,False,15.9
2024,3,10,4426348,Jayden Daniels,QB,0,QB,True,32.06
2024,3,10,4040761,Devin Singletary,RB,2,RB,True,18.8
2024,3,10,3128429,Courtland Sutton,WR,20,BE,False,13.8
2024,3,10,4678008,Jonathon Brooks,RB,21,IR,False,0.0
2024,3,10,-16006,Cowboys D/ST,D/ST,16,D/ST,True,-5.0
2024,3,10,4360234,Evan McPherson,K,17,K,True,8.0
2024,3,10,3915486,Tyler Conklin,TE,20,BE,False,14.3
2024,3,10,4360635,Chig Okonkwo,TE,20,BE,False,3.5
2024,3,10,3059915,Kareem Hunt,RB,20,BE,False,0.0
2024,3,9,16800,Davante Adams,WR,4,WR,True,8.0
2024,3,9,3915416,DJ Moore,WR,23,FLEX,True,15.200000000000001
2024,3,9,4432708,Marvin Harrison Jr.,WR,23,FLEX,True,17.4
2024,3,9,4426502,Drake London,WR,4,WR,True,18.7
2024,3,9,4379399,James Cook,RB,2,RB,True,18.700000000000003
2024,3,9,4426354,George Pickens,WR,20,BE,False,10.7
2024,3,9,4036378,Jordan Love,QB,20,BE,False,0.0
2024,3,9,4428557,Tyjae Spears,RB,20,BE,False,10.100000000000001
2024,3,9,3123076,David Njoku,TE,6,TE,True,0.0
2024,3,9,4241474,Brian Robinson Jr.,RB,2,RB,True,10.700000000000001
2024,3,9,4361579,Javonte Williams,RB,20,BE,False,6.1000000000000005
2024,3,9,4569987,Jaylen Warren,RB,20,BE,False,1.1
2024,3,9,-16005,Browns D/ST,D/ST,16,D/ST,True,6.0
2024,3,9,4036133,T.J. Hockenson,TE,20,BE,False,0.0
2024,3,9,2971573,Ka'imi Fairbairn,K,17,K,True,0.0
2024,3,9,3122840,Deshaun Watson,QB,0,QB,True,20.439999999999998
2024,3,8,4430807,Bijan Robinson,RB,2,RB,True,13.2
2024,3,8,4262921,Justin Jefferson,WR,4,WR,True,20.1
2024,3,8,4426515,Puka Nacua,WR,21,IR,False,0.0
2024,3,8,3045147,James Conner,RB,2,RB,True,3.5
2024,3,8,4429084,Anthony Richardson,QB,0,QB,True,5.08
2024,3,8,4360248,Kyle Pitts,TE,6,TE,True,7.9
2024,3,8,3055899,Harrison Butker,K,17,K,True,12.0
2024,3,8,4362238,Chase Brown,RB,20,BE,False,8.899999999999999
2024,3,8,-16025,49ers D/ST,D/ST,16,D/ST,True,5.0
2024,3,8,4426388,Jameson Williams,WR,23,FLEX,True,1.2
2024,3,8,12483,Matthew Stafford,QB,20,BE,False,14.84
2024,3,8,4361050,Isaiah Likely,TE,20,BE,False,1.4
2024,3,8,4682745,Jaylen Wright,RB,20,BE,False,1.7000000000000002
2024,3,8,4373678,Khalil Shakir,WR,23,FLEX,True,19.2
2024,3,8,4032473,Rashid Shaheed,WR,4,WR,True,0.0
2024,3,8,16731,Brandin Cooks,WR,20,BE,False,3.6
2024,3,8,4048244,Alexander Mattison,RB,20,BE,False,13.399999999999999
2024,3,11,3929630,Saquon Barkley,RB,2,RB,True,36.6
2024,3,11,4047650,DK Metcalf,WR,4,WR,True,23.4
2024,3,11,4242335,Jonathan Taylor,RB,2,RB,True,26.5
2024,3,11,4360438,Brandon Aiyuk,WR,4,WR,True,9.8
2024,3,11,4361741,Brock Purdy,QB,0,QB,True,31.78
2024,3,11,4430878,Jaxon Smith-Njigba,WR,20,BE,False,6.9
2024,3,11,8439,Aaron Rodgers,QB,20,BE,False,25.04
2024,3,11,4242355,Jake Ferguson,TE,6,TE,True,15.5
2024,3,11,4038941,Justin Herbert,QB,20,BE,False,11.0
2024,3,11,4612826,Ladd McConkey,WR,20,BE,False,7.4
2024,3,11,4426385,Zach Charbonnet,RB,23,FLEX,True,25.700000000000003
2024,3,11,2577327,Tyler Lockett,WR,20,BE,False,9.600000000000001
2024,3,11,2468609,Taysom Hill,TE,20,BE,False,0.0
2024,3,11,4372066,Jake Moody,K,17,K,True,5.0
2024,3,11,4360569,Jordan Mason,RB,23,FLEX,True,10.799999999999999
2024,3,11,-16024,Chargers D/ST,D/ST,16,D/ST,True,4.0
2024,3,7,4427366,Breece Hall,RB,2,RB,True,18.3
2024,3,7,4241389,CeeDee Lamb,WR,4,WR,True,8.7
2024,3,7,4362628,Ja'Marr Chase,WR,4,WR,True,30.8
2024,3,7,3121422,Terry McLaurin,WR,23,FLEX,True,20.0
2024,3,7,4035676,Zack Moss,RB,2,RB,True,20.700000000000003
2024,3,7,3117256,Dalton Schultz,TE,6,TE,True,3.1
2024,3,7,4258595,Cole Kmet,TE,20,BE,False,25.700000000000003
2024,3,7,-16012,Chiefs D/ST,D/ST,16,D/ST,True,5.0
2024,3,7,16460,Adam Thielen,WR,20,BE,False,13.0
2024,3,7,3116593,Dalvin Cook,RB,20,BE,False,0.0
2024,3,7,15864,Geno Smith,QB,20,BE,False,16.36
2024,3,7,3917232,Tyler Bass,K,17,K,True,11.0
2024,3,7,4045163,Miles Sanders,RB,20,BE,False,11.0
2024,3,7,16757,Derek Carr,QB,0,QB,True,9.98
2024,3,7,15835,Zach Ertz,TE,20,BE,False,8.8
2024,3,7,4429025,Quentin Johnston,WR,23,FLEX,True,12.4
2024,3,4,4047646,A.J. Brown,WR,20,BE,False,0.0
2024,3,4,2977187,Cooper Kupp,WR,21,IR,False,0.0
2024,3,4,3918298,Josh Allen,QB,0,QB,True,38.92
2024,3,4,4429160,De'Von Achane,RB,2,RB,True,8.8
2024,3,4,3916387,Lamar Jackson,QB,20,BE,False,27.98
2024,3,4,3040151,George Kittle,TE,20,BE,False,0.0
2024,3,4,3051392,Ezekiel Elliott,RB,23,FLEX,True,2.2
2024,3,4,15683,Justin Tucker,K,17,K,True,3.0
2024,3,4,4248528,Christian Watson,WR,20,BE,False,8.7
2024,3,4,3051926,Gus Edwards,RB,20,BE,False,0.9
2024,3,4,4372019,Jerome Ford,RB,23,FLEX,True,10.0
2024,3,4,-16015,Dolphins D/ST,D/ST,16,D/ST,True,7.0
2024,3,4,2310331,Tyler Johnson,WR,4,WR,True,5.0
2024,3,4,3886598,Jauan Jennings,WR,4,WR,True,46.5
2024,3,4,4714365,Carson Steele,RB,2,RB,True,8.399999999999999
2024,3,4,4431299,Rome Odunze,WR,20,BE,False,23.4
2024,3,4,4430539,Brenton Strange,TE,6,TE,True,9.2
2024,3,6,3116406,Tyreek Hill,WR,4,WR,True,7.0
2024,3,6,4241457,Najee Harris,RB,20,BE,False,13.6
2024,3,6,2577417,Dak Prescott,QB,0,QB,True,33.86
2024,3,6,4372016,Jaylen Waddle,WR,20,BE,False,6.6
2024,3,6,4361307,Trey McBride,TE,6,TE,True,5.5
2024,3,6,3953687,Brandon Aubrey,K,17,K,True,12.0
2024,3,6,3916148,Tony Pollard,RB,23,FLEX,True,5.9
2024,3,6,4361777,Zamir White,RB,2,RB,True,3.4000000000000004
2024,3,6,3116165,Chris Godwin,WR,4,WR,True,17.3
2024,3,6,4635008,Keon Coleman,WR,20,BE,False,9.4
2024,3,6,3042519,Aaron Jones,RB,2,RB,True,25.800000000000004
2024,3,6,3121023,Dallas Goedert,TE,20,BE,False,27.0
2024,3,6,2576414,Raheem Mostert,RB,21,IR,False,0.0
2024,3,6,-16026,Seahawks D/ST,D/ST,16,D/ST,True,12.0
2024,3,6,4243537,Gabe Davis,WR,20,BE,False,3.8
2024,3,6,4035671,Tyler Huntley,QB,20,BE,False,0.0
2024,3,6,4240021,Cam Akers,RB,23,FLEX,True,9.9
2024,3,1,3043078,Derrick Henry,RB,2,RB,True,30.400000000000002
2024,3,1,3116385,Joe Mixon,RB,20,BE,False,0.0
2024,3,1,4595348,Malik Nabers,WR,4,WR,True,28.2
2024,3,1,4430027,Sam LaPorta,TE,20,BE,False,5.6
2024,3,1,4428331,Rashee Rice,WR,4,WR,True,29.1
2024,3,1,4239993,Tee Higgins,WR,20,BE,False,6.9
2024,3,1,4259545,D'Andre Swift,RB,23,FLEX,True,6.2
2024,3,1,4432577,C.J. Stroud,QB,0,QB,True,11.8
2024,3,1,4366031,Tank Dell,WR,20,BE,False,11.2
2024,3,1,4035538,David Montgomery,RB,23,FLEX,True,21.2
2024,3,1,15818,Keenan Allen,WR,20,BE,False,0.0
2024,3,1,4241985,J.K. Dobbins,RB,2,RB,True,8.4
2024,3,1,4432665,Brock Bowers,TE,6,TE,True,7.1000000000000005
2024,3,1,3050478,Jake Elliott,K,17,K,True,0.0
2024,3,1,-16023,Steelers D/ST,D/ST,16,D/ST,True,12.0
2024,3,1,-16033,Ravens D/ST,D/ST,20,BE,False,3.0
2024,4,2,4374302,Amon-Ra St. Brown,WR,4,WR,True,22.78
2024,4,2,4429795,Jahmyr Gibbs,RB,2,RB,True,19.8
2024,4,2,2976212,Stefon Diggs,WR,4,WR,True,18.5
2024,4,2,4040715,Jalen Hurts,QB,0,QB,True,18.32
2024,4,2,3116365,Mark Andrews,TE,6,TE,True,0.0
2024,4,2,4241416,Chuba Hubbard,RB,2,RB,True,22.099999999999998
2024,4,2,14993,Greg Zuerlein,K,17,K,True,9.0
2024,4,2,4241463,Jerry Jeudy,WR,23,FLEX,True,13.2
2024,4,2,4429275,Trey Benson,RB,20,BE,False,5.0
2024,4,2,3052587,Baker Mayfield,QB,20,BE,False,32.88
2024,4,2,4689936,Jake Bates,K,20,BE,False,6.0
2024,4,2,4427095,DeMario Douglas,WR,23,FLEX,True,4.3
2024,4,2,4430637,Ja'Lynn Polk,WR,20,BE,False,6.0
2024,4,2,4429501,Ray Davis,RB,20,BE,False,1.1
2024,4,2,4429023,MarShawn Lloyd,RB,21,IR,False,0.0
2024,4,2,-16016,Vikings D/ST,D/ST,16,D/ST,True,4.0
2024,4,5,4258173,Nico Collins,WR,4,WR,True,33.1
2024,4,5,4047365,Josh Jacobs,RB,2,RB,True,11.8
2024,4,5,3139477,Patrick Mahomes,QB,20,BE,False,18.0
2024,4,5,4567048,Kenneth Walker III,RB,20,BE,False,33.6
2024,4,5,3126486,Deebo Samuel Sr.,WR,20,BE,False,10.200000000000001
2024,4,5,3915511,Joe Burrow,QB,0,QB,True,23.28
2024,4,5,3917315,Kyler Murray,QB,20,BE,False,11.98
2024,4,5,4362249,Jayden Reed,WR,23,FLEX,True,27.1
2024,4,5,4432773,Brian Thomas Jr.,WR,23,FLEX,True,21.9
2024,4,5,4361411,Pat Freiermuth,TE,6,TE,True,16.7
2024,4,5,4722893,Jaleel McLaughlin,RB,20,BE,False,5.6000000000000005
2024,4,5,4040655,Darnell Mooney,WR,4,WR,True,8.600000000000001
2024,4,5,3049899,Younghoe Koo,K,17,K,True,20.0
2024,4,5,4035886,Khalil Herbert,RB,20,BE,False,0.0
2024,4,5,4240021,Cam Akers,RB,2,RB,True,5.300000000000001
2024,4,5,-16009,Packers D/ST,D/ST,16,D/ST,True,7.0
2024,4,9,16800,Davante Adams,WR,4,WR,True,0.0
2024,4,9,3915416,DJ Moore,WR,23,FLEX,True,11.2
2024,4,9,4432708,Marvin Harrison Jr.,WR,4,WR,True,15.5
2024,4,9,4426502,Drake London,WR,23,FLEX,True,12.4
2024,4,9,4379399,James Cook,RB,2,RB,True,5.800000000000001
2024,4,9,4426354,George Pickens,WR,20,BE,False,16.3
2024,4,9,4036378,Jordan Love,QB,0,QB,True,36.16
2024,4,9,4428557,Tyjae Spears,RB,20,BE,False,11.9
2024,4,9,3123076,David Njoku,TE,6,TE,True,0.0
2024,4,9,4241474,Brian Robinson Jr.,RB,2,RB,True,20.3
2024,4,9,4361579,Javonte Williams,RB,20,BE,False,10.0
2024,4,9,4569987,Jaylen Warren,RB,20,BE,False,0.0
2024,4,9,-16005,Browns D/ST,D/ST,16,D/ST,True,12.0
2024,4,9,4036133,T.J. Hockenson,TE,20,BE,False,0.0
2024,4,9,2971573,Ka'imi Fairbairn,K,17,K,True,6.0
2024,4,9,3122840,Deshaun Watson,QB,20,BE,False,14.240000000000002
2024,4,12,4569618,Garrett Wilson,WR,4,WR,True,7.1000000000000005
2024,4,12,4430737,Kyren Williams,RB,2,RB,True,20.4
2024,4,12,4239996,Travis Etienne Jr.,RB,2,RB,True,7.0
2024,4,12,16737,Mike Evans,WR,4,WR,True,23.4
2024,4,12,3925357,Calvin Ridley,WR,23,FLEX,True,2.5
2024,4,12,3051876,Evan Engram,TE,20,BE,False,0.0
2024,4,12,14880,Kirk Cousins,QB,20,BE,False,7.52
2024,4,12,3916433,Jakobi Meyers,WR,20,BE,False,9.9
2024,4,12,4242431,Ty Chandler,RB,20,BE,False,2.3
2024,4,12,-16018,Saints D/ST,D/ST,16,D/ST,True,3.0
2024,4,12,17427,Cairo Santos,K,17,K,True,7.0
2024,4,12,4360294,Antonio Gibson,RB,20,BE,False,10.9
2024,4,12,4596448,Bucky Irving,RB,20,BE,False,12.5
2024,4,12,3116164,Mike Gesicki,TE,6,TE,True,0.09999999999999998
2024,4,12,2976499,Amari Cooper,WR,23,FLEX,True,7.5
2024,4,12,14012,Andy Dalton,QB,0,QB,True,19.700000000000003
2024,4,11,3929630,Saquon Barkley,RB,2,RB,True,13.600000000000001
2024,4,11,4047650,DK Metcalf,WR,4,WR,True,15.4
2024,4,11,4242335,Jonathan Taylor,RB,2,RB,True,19.8
2024,4,11,4360438,Brandon Aiyuk,WR,4,WR,True,6.800000000000001
2024,4,11,4361741,Brock Purdy,QB,0,QB,True,16.619999999999997
2024,4,11,4430878,Jaxon Smith-Njigba,WR,23,FLEX,True,13.100000000000001
2024,4,11,8439,Aaron Rodgers,QB,20,BE,False,11.6
2024,4,11,4242355,Jake Ferguson,TE,6,TE,True,11.9
2024,4,11,4038941,Justin Herbert,QB,20,BE,False,13.16
2024,4,11,4612826,Ladd McConkey,WR,20,BE,False,17.7
2024,4,11,4426385,Zach Charbonnet,RB,20,BE,False,10.4
2024,4,11,2577327,Tyler Lockett,WR,20,BE,False,11.100000000000001
2024,4,11,2468609,Taysom Hill,TE,20,BE,False,14.4
2024,4,11,4372066,Jake Moody,K,17,K,True,13.0
2024,4,11,4360569,Jordan Mason,RB,23,FLEX,True,24.0
2024,4,11,-16013,Raiders D/ST,D/ST,16,D/ST,True,10.0
2024,4,3,3117251,Christian McCaffrey,RB,20,BE,False,0.0
2024,4,3,4697815,Rachaad White,RB,2,RB,True,10.4
2024,4,3,4429615,Zay Flowers,WR,4,WR,True,2.0
2024,4,3,4241478,DeVonta Smith,WR,20,BE,False,0.0
2024,4,3,4038524,Gardner Minshew,QB,20,BE,False,5.0
2024,4,3,4385690,Dalton Kincaid,TE,6,TE,True,9.7
2024,4,3,3068267,Austin Ekeler,RB,2,RB,True,0.0
2024,4,3,15795,DeAndre Hopkins,WR,23,FLEX,True,5.1
2024,4,3,3128720,Nick Chubb,RB,20,BE,False,0.0
2024,4,3,-16021,Eagles D/ST,D/ST,16,D/ST,True,3.0
2024,4,3,4429205,Jordan Addison,WR,4,WR,True,22.9
2024,4,3,4241372,Hollywood Brown,WR,21,IR,False,0.0
2024,4,3,4360310,Trevor Lawrence,QB,0,QB,True,18.759999999999998
2024,4,3,4362081,Cameron Dicker,K,17,K,True,5.0
2024,4,3,4038815,Rico Dowdle,RB,20,BE,False,13.100000000000001
2024,4,3,3046439,Hunter Henry,TE,23,FLEX,True,3.2
2024,4,4,4047646,A.J. Brown,WR,20,BE,False,0.0
2024,4,4,2977187,Cooper Kupp,WR,21,IR,False,0.0
2024,4,4,3918298,Josh Allen,QB,0,QB,True,7.300000000000001
2024,4,4,4429160,De'Von Achane,RB,2,RB,True,5.9
2024,4,4,3916387,Lamar Jackson,QB,20,BE,False,27.64
2024,4,4,3040151,George Kittle,TE,6,TE,True,14.5
2024,4,4,3051392,Ezekiel Elliott,RB,20,BE,False,3.4000000000000004
2024,4,4,15683,Justin Tucker,K,17,K,True,5.0
2024,4,4,4248528,Christian Watson,WR,20,BE,False,0.0
2024,4,4,3051926,Gus Edwards,RB,20,BE,False,1.9000000000000001
2024,4,4,4372019,Jerome Ford,RB,23,FLEX,True,15.5
2024,4,4,-16015,Dolphins D/ST,D/ST,16,D/ST,True,4.0
2024,4,4,3886598,Jauan Jennings,WR,4,WR,True,11.8
2024,4,4,4714365,Carson Steele,RB,2,RB,True,-0.3999999999999999
2024,4,4,4431299,Rome Odunze,WR,23,FLEX,True,2.0
2024,4,4,4430539,Brenton Strange,TE,20,BE,False,4.9
2024,4,4,4569587,Wan'Dale Robinson,WR,4,WR,True,18.1
2024,4,10,4361529,Isiah Pacheco,RB,20,BE,False,0.0
2024,4,10,15847,Travis Kelce,TE,6,TE,True,15.9
2024,4,10,3054850,Alvin Kamara,RB,2,RB,True,24.9
2024,4,10,4361370,Chris Olave,WR,4,WR,True,16.700000000000003
2024,4,10,4035687,Michael Pittman Jr.,WR,4,WR,True,17.3
2024,4,10,4569173,Rhamondre Stevenson,RB,23,FLEX,True,8.2
2024,4,10,4683062,Xavier Worthy,WR,23,FLEX,True,19.3
2024,4,10,3895856,Christian Kirk,WR,20,BE,False,19.1
2024,4,10,4426348,Jayden Daniels,QB,0,QB,True,26.02
2024,4,10,4040761,Devin Singletary,RB,2,RB,True,4.800000000000001
2024,4,10,3128429,Courtland Sutton,WR,20,BE,False,15.0
2024,4,10,4678008,Jonathon Brooks,RB,21,IR,False,0.0
2024,4,10,4360234,Evan McPherson,K,17,K,True,13.0
2024,4,10,3915486,Tyler Conklin,TE,20,BE,False,5.7
2024,4,10,4360635,Chig Okonkwo,TE,20,BE,False,1.5
2024,4,10,3059915,Kareem Hunt,RB,20,BE,False,10.5
2024,4,10,-16002,Bills D/ST,D/ST,16,D/ST,True,-2.0
2024,4,1,3043078,Derrick Henry,RB,2,RB,True,38.900000000000006
2024,4,1,3116385,Joe Mixon,RB,20,BE,False,0.0
2024,4,1,4595348,Malik Nabers,WR,4,WR,True,23.1
2024,4,1,4430027,Sam LaPorta,TE,6,TE,True,9.3
2024,4,1,4428331,Rashee Rice,WR,4,WR,True,0.0
2024,4,1,4239993,Tee Higgins,WR,23,FLEX,True,12.0
2024,4,1,4259545,D'Andre Swift,RB,20,BE,False,29.5
2024,4,1,4432577,C.J. Stroud,QB,0,QB,True,27.5
2024,4,1,4366031,Tank Dell,WR,20,BE,False,0.0
2024,4,1,4035538,David Montgomery,RB,23,FLEX,True,15.0
2024,4,1,15818,Keenan Allen,WR,20,BE,False,4.9
2024,4,1,4241985,J.K. Dobbins,RB,2,RB,True,9.2
2024,4,1,4432665,Brock Bowers,TE,20,BE,False,5.1000000000000005
2024,4,1,-16023,Steelers D/ST,D/ST,16,D/ST,True,2.0
2024,4,1,-16033,Ravens D/ST,D/ST,20,BE,False,10.0
2024,4,1,11122,Matt Prater,K,17,K,True,2.0
2024,4,8,4430807,Bijan Robinson,RB,2,RB,True,11.400000000000002
2024,4,8,4262921,Justin Jefferson,WR,4,WR,True,20.5
2024,4,8,4426515,Puka Nacua,WR,21,IR,False,0.0
2024,4,8,3045147,James Conner,RB,2,RB,True,18.299999999999997
2024,4,8,4429084,Anthony Richardson,QB,20,BE,False,5.24
2024,4,8,4360248,Kyle Pitts,TE,6,TE,True,0.0
2024,4,8,3055899,Harrison Butker,K,17,K,True,4.0
2024,4,8,4362238,Chase Brown,RB,20,BE,False,23.2
2024,4,8,-16025,49ers D/ST,D/ST,16,D/ST,True,23.0
2024,4,8,4426388,Jameson Williams,WR,23,FLEX,True,19.0
2024,4,8,4361050,Isaiah Likely,TE,20,BE,False,3.6
2024,4,8,4682745,Jaylen Wright,RB,20,BE,False,3.2
2024,4,8,4373678,Khalil Shakir,WR,23,FLEX,True,10.2
2024,4,8,4032473,Rashid Shaheed,WR,4,WR,True,15.700000000000001
2024,4,8,4048244,Alexander Mattison,RB,20,BE,False,6.0
2024,4,8,4360078,Alec Pierce,WR,20,BE,False,1.9
2024,4,8,3912547,Sam Darnold,QB,0,QB,True,26.5
2024,4,6,3116406,Tyreek Hill,WR,4,WR,True,8.200000000000001
2024,4,6,4241457,Najee Harris,RB,2,RB,True,10.3
2024,4,6,2577417,Dak Prescott,QB,0,QB,True,23.740000000000002
2024,4,6,4372016,Jaylen Waddle,WR,23,FLEX,True,7.6
2024,4,6,4361307,Trey McBride,TE,20,BE,False,0.0
2024,4,6,3953687,Brandon Aubrey,K,17,K,True,11.0
2024,4,6,3916148,Tony Pollard,RB,20,BE,False,18.8
2024,4,6,4361777,Zamir White,RB,20,BE,False,3.0
2024,4,6,3116165,Chris Godwin,WR,4,WR,True,12.9
2024,4,6,3042519,Aaron Jones,RB,2,RB,True,17.900000000000002
2024,4,6,3121023,Dallas Goedert,TE,6,TE,True,13.2
2024,4,6,2576414,Raheem Mostert,RB,21,IR,False,0.0
2024,4,6,4035671,Tyler Huntley,QB,20,BE,False,11.84
2024,4,6,3128390,Allen Lazard,WR,20,BE,False,10.8
2024,4,6,3932905,Diontae Johnson,WR,23,FLEX,True,21.3
2024,4,6,-16020,Jets D/ST,D/ST,16,D/ST,True,9.0
2024,4,6,4685247,Braelon Allen,RB,20,BE,False,5.6000000000000005
2024,4,7,4427366,Breece Hall,RB,2,RB,True,3.8
2024,4,7,4241389,CeeDee Lamb,WR,4,WR,True,26.6
2024,4,7,4362628,Ja'Marr Chase,WR,4,WR,True,20.5
2024,4,7,3121422,Terry McLaurin,WR,23,FLEX,True,18.2
2024,4,7,4035676,Zack Moss,RB,2,RB,True,17.8
2024,4,7,3117256,Dalton Schultz,TE,20,BE,False,6.4
2024,4,7,4258595,Cole Kmet,TE,6,TE,True,6.4
2024,4,7,-16012,Chiefs D/ST,D/ST,16,D/ST,True,7.0
2024,4,7,16460,Adam Thielen,WR,21,IR,False,0.0
2024,4,7,15864,Geno Smith,QB,20,BE,False,23.6
2024,4,7,3917232,Tyler Bass,K,17,K,True,5.0
2024,4,7,16757,Derek Carr,QB,0,QB,True,8.06
2024,4,7,15835,Zach Ertz,TE,20,BE,False,7.2
2024,4,7,4429025,Quentin Johnston,WR,23,FLEX,True,2.3
2024,4,7,4360797,Tutu Atwell,WR,20,BE,False,12.200000000000001
2024,4,7,4038441,Justice Hill,RB,20,BE,False,21.6
2024,4,7,4887558,Emanuel Wilson,RB,20,BE,False,2.7
2024,5,9,16800,Davante Adams,WR,20,BE,False,0.0
2024,5,9,3915416,DJ Moore,WR,23,FLEX,True,27.5
2024,5,9,4432708,Marvin Harrison Jr.,WR,4,WR,True,5.6
2024,5,9,4426502,Drake London,WR,4,WR,True,33.4
2024,5,9,4379399,James Cook,RB,2,RB,True,17.900000000000002
2024,5,9,4426354,George Pickens,WR,23,FLEX,True,5.6
2024,5,9,4036378,Jordan Love,QB,0,QB,True,22.96
2024,5,9,4428557,Tyjae Spears,RB,20,BE,False,0.0
2024,5,9,3123076,David Njoku,TE,6,TE,True,2.4000000000000004
2024,5,9,4241474,Brian Robinson Jr.,RB,2,RB,True,13.8
2024,5,9,4361579,Javonte Williams,RB,20,BE,False,16.1
2024,5,9,4569987,Jaylen Warren,RB,20,BE,False,0.0
2024,5,9,-16005,Browns D/ST,D/ST,16,D/ST,True,4.0
2024,5,9,4036133,T.J. Hockenson,TE,20,BE,False,0.0
2024,5,9,2971573,Ka'imi Fairbairn,K,17,K,True,16.0
2024,5,9,3122840,Deshaun Watson,QB,20,BE,False,10.4
2024,5,2,4374302,Amon-Ra St. Brown,WR,20,BE,False,0.0
2024,5,2,4429795,Jahmyr Gibbs,RB,20,BE,False,0.0
2024,5,2,2976212,Stefon Diggs,WR,4,WR,True,14.200000000000001
2024,5,2,4040715,Jalen Hurts,QB,20,BE,False,0.0
2024,5,2,3116365,Mark Andrews,TE,6,TE,True,9.5
2024,5,2,4241416,Chuba Hubbard,RB,2,RB,True,17.500000000000004
2024,5,2,14993,Greg Zuerlein,K,17,K,True,5.0
2024,5,2,4241463,Jerry Jeudy,WR,23,FLEX,True,2.6
2024,5,2,4429275,Trey Benson,RB,20,BE,False,0.0
2024,5,2,3052587,Baker Mayfield,QB,20,BE,False,29.4
2024,5,2,4689936,Jake Bates,K,20,BE,False,0.0
2024,5,2,4427095,DeMario Douglas,WR,23,FLEX,True,11.9
2024,5,2,4430637,Ja'Lynn Polk,WR,4,WR,True,2.3
2024,5,2,4429501,Ray Davis,RB,2,RB,True,1.4
2024,5,2,4429023,MarShawn Lloyd,RB,21,IR,False,0.0
2024,5,2,-16016,Vikings D/ST,D/ST,16,D/ST,True,18.0
2024,5,2,3917792,Daniel Jones,QB,0,QB,True,26.08
2024,5,5,4258173,Nico Collins,WR,4,WR,True,18.8
2024,5,5,4047365,Josh Jacobs,RB,2,RB,True,16.400000000000002
2024,5,5,3139477,Patrick Mahomes,QB,20,BE,False,13.440000000000001
2024,5,5,4567048,Kenneth Walker III,RB,2,RB,True,14.600000000000001
2024,5,5,3126486,Deebo Samuel Sr.,WR,23,FLEX,True,3.0
2024,5,5,3915511,Joe Burrow,QB,0,QB,True,47.78
2024,5,5,3917315,Kyler Murray,QB,20,BE,False,29.1
2024,5,5,4362249,Jayden Reed,WR,4,WR,True,13.700000000000001
2024,5,5,4432773,Brian Thomas Jr.,WR,23,FLEX,True,26.200000000000003
2024,5,5,4361411,Pat Freiermuth,TE,6,TE,True,9.2
2024,5,5,4722893,Jaleel McLaughlin,RB,20,BE,False,11.5
2024,5,5,4040655,Darnell Mooney,WR,20,BE,False,31.5
2024,5,5,3049899,Younghoe Koo,K,17,K,True,15.0
2024,5,5,4035886,Khalil Herbert,RB,20,BE,False,0.0
2024,5,5,4240021,Cam Akers,RB,20,BE,False,12.7
2024,5,5,-16028,Commanders D/ST,D/ST,16,D/ST,True,14.0
2024,5,11,3929630,Saquon Barkley,RB,20,BE,False,0.0
2024,5,11,4047650,DK Metcalf,WR,4,WR,True,7.5
2024,5,11,4242335,Jonathan Taylor,RB,20,BE,False,0.0
2024,5,11,4360438,Brandon Aiyuk,WR,4,WR,True,22.700000000000003
2024,5,11,4361741,Brock Purdy,QB,0,QB,True,15.060000000000002
2024,5,11,4430878,Jaxon Smith-Njigba,WR,23,FLEX,True,13.1
2024,5,11,8439,Aaron Rodgers,QB,20,BE,False,15.759999999999998
2024,5,11,4242355,Jake Ferguson,TE,6,TE,True,13.0
2024,5,11,4038941,Justin Herbert,QB,20,BE,False,0.0
2024,5,11,4426385,Zach Charbonnet,RB,2,RB,True,6.0
2024,5,11,2577327,Tyler Lockett,WR,20,BE,False,11.5
2024,5,11,2468609,Taysom Hill,TE,20,BE,False,0.0
2024,5,11,4372066,Jake Moody,K,17,K,True,8.0
2024,5,11,4360569,Jordan Mason,RB,2,RB,True,8.8
2024,5,11,-16007,Broncos D/ST,D/ST,16,D/ST,True,15.0
2024,5,11,4430034,Xavier Legette,WR,23,FLEX,True,1.8
2024,5,12,4569618,Garrett Wilson,WR,4,WR,True,29.1
2024,5,12,4430737,Kyren Williams,RB,2,RB,True,15.500000000000002
2024,5,12,4239996,Travis Etienne Jr.,RB,2,RB,True,12.0
2024,5,12,16737,Mike Evans,WR,4,WR,True,23.2
2024,5,12,3925357,Calvin Ridley,WR,20,BE,False,0.0
2024,5,12,3051876,Evan Engram,TE,20,BE,False,0.0
2024,5,12,3916433,Jakobi Meyers,WR,20,BE,False,13.2
2024,5,12,4242431,Ty Chandler,RB,20,BE,False,5.9
2024,5,12,17427,Cairo Santos,K,17,K,True,5.0
2024,5,12,4360294,Antonio Gibson,RB,20,BE,False,6.6000000000000005
2024,5,12,4596448,Bucky Irving,RB,23,FLEX,True,5.6000000000000005
2024,5,12,3116164,Mike Gesicki,TE,6,TE,True,5.1
2024,5,12,2976499,Amari Cooper,WR,23,FLEX,True,10.0
2024,5,12,14012,Andy Dalton,QB,0,QB,True,3.74
2024,5,12,3046779,Jared Goff,QB,20,BE,False,0.0
2024,5,12,-16026,Seahawks D/ST,D/ST,16,D/ST,True,8.0
2024,5,4,4047646,A.J. Brown,WR,20,BE,False,0.0
2024,5,4,2977187,Cooper Kupp,WR,21,IR,False,0.0
2024,5,4,3918298,Josh Allen,QB,0,QB,True,17.64
2024,5,4,4429160,De'Von Achane,RB,2,RB,True,2.6999999999999997
2024,5,4,3916387,Lamar Jackson,QB,20,BE,False,41.42
2024,5,4,3040151,George Kittle,TE,6,TE,True,20.4
2024,5,4,3051392,Ezekiel Elliott,RB,20,BE,False,1.7000000000000002
2024,5,4,15683,Justin Tucker,K,17,K,True,13.0
2024,5,4,4248528,Christian Watson,WR,20,BE,False,0.0
2024,5,4,3051926,Gus Edwards,RB,20,BE,False,0.0
2024,5,4,4372019,Jerome Ford,RB,23,FLEX,True,7.9
2024,5,4,-16015,Dolphins D/ST,D/ST,16,D/ST,True,7.0
2024,5,4,3886598,Jauan Jennings,WR,4,WR,True,2.3
2024,5,4,4431299,Rome Odunze,WR,23,FLEX,True,9.0
2024,5,4,4430539,Brenton Strange,TE,20,BE,False,12.4
2024,5,4,4569587,Wan'Dale Robinson,WR,4,WR,True,16.0
2024,5,4,4360516,Tyrone Tracy Jr.,RB,2,RB,True,14.0
2024,5,3,3117251,Christian McCaffrey,RB,20,BE,False,0.0
2024,5,3,4697815,Rachaad White,RB,2,RB,True,9.6
2024,5,3,4429615,Zay Flowers,WR,4,WR,True,19.0
2024,5,3,4241478,DeVonta Smith,WR,20,BE,False,0.0
2024,5,3,4038524,Gardner Minshew,QB,20,BE,False,12.68
2024,5,3,4385690,Dalton Kincaid,TE,23,FLEX,True,5.4
2024,5,3,3068267,Austin Ekeler,RB,23,FLEX,True,11.7
2024,5,3,15795,DeAndre Hopkins,WR,20,BE,False,0.0
2024,5,3,3128720,Nick Chubb,RB,20,BE,False,0.0
2024,5,3,-16021,Eagles D/ST,D/ST,20,BE,False,0.0
2024,5,3,4429205,Jordan Addison,WR,4,WR,True,6.6
2024,5,3,4241372,Hollywood Brown,WR,21,IR,False,0.0
2024,5,3,4360310,Trevor Lawrence,QB,0,QB,True,28.240000000000002
2024,5,3,4038815,Rico Dowdle,RB,2,RB,True,19.400000000000002
2024,5,3,3046439,Hunter Henry,TE,6,TE,True,5.2
2024,5,3,-16017,Patriots D/ST,D/ST,16,D/ST,True,10.0
2024,5,3,3150744,Chase McLaughlin,K,17,K,True,16.0
2024,5,1,3043078,Derrick Henry,RB,2,RB,True,16.6
2024,5,1,3116385,Joe Mixon,RB,20,BE,False,0.0
2024,5,1,4595348,Malik Nabers,WR,20,BE,False,0.0
2024,5,1,4430027,Sam LaPorta,TE,20,BE,False,0.0
2024,5,1,4428331,Rashee Rice,WR,21,IR,False,0.0
2024,5,1,4239993,Tee Higgins,WR,23,FLEX,True,29.3
2024,5,1,4259545,D'Andre Swift,RB,2,RB,True,20.0
2024,5,1,4432577,C.J. Stroud,QB,0,QB,True,20.94
2024,5,1,4366031,Tank Dell,WR,23,FLEX,True,7.300000000000001
2024,5,1,4035538,David Montgomery,RB,20,BE,False,0.0
2024,5,1,4241985,J.K. Dobbins,RB,20,BE,False,0.0
2024,5,1,4432665,Brock Bowers,TE,6,TE,True,26.700000000000003
2024,5,1,-16023,Steelers D/ST,D/ST,16,D/ST,True,8.0
2024,5,1,-16033,Ravens D/ST,D/ST,20,BE,False,0.0
2024,5,1,4428850,Dontayvion Wicks,WR,4,WR,True,4.0
2024,5,1,4360797,Tutu Atwell,WR,4,WR,True,12.5
2024,5,1,17372,Chris Boswell,K,17,K,True,6.0
2024,5,10,4361529,Isiah Pacheco,RB,20,BE,False,0.0
2024,5,10,15847,Travis Kelce,TE,6,TE,True,16.0
2024,5,10,3054850,Alvin Kamara,RB,2,RB,True,12.6
2024,5,10,4361370,Chris Olave,WR,4,WR,True,3.0
2024,5,10,4035687,Michael Pittman Jr.,WR,4,WR,True,14.7
2024,5,10,4569173,Rhamondre Stevenson,RB,20,BE,False,19.2
2024,5,10,4683062,Xavier Worthy,WR,23,FLEX,True,11.8
2024,5,10,3895856,Christian Kirk,WR,23,FLEX,True,12.8
2024,5,10,4426348,Jayden Daniels,QB,0,QB,True,22.72
2024,5,10,4040761,Devin Singletary,RB,20,BE,False,0.0
2024,5,10,3128429,Courtland Sutton,WR,20,BE,False,5.2
2024,5,10,4678008,Jonathon Brooks,RB,21,IR,False,0.0
2024,5,10,4360234,Evan McPherson,K,17,K,True,3.0
2024,5,10,3915486,Tyler Conklin,TE,20,BE,False,11.5
2024,5,10,4360635,Chig Okonkwo,TE,20,BE,False,0.0
2024,5,10,3059915,Kareem Hunt,RB,2,RB,True,18.700000000000003
2024,5,10,-16002,Bills D/ST,D/ST,16,D/ST,True,3.0
2024,5,6,3116406,Tyreek Hill,WR,4,WR,True,12.9
2024,5,6,4241457,Najee Harris,RB,2,RB,True,9.7
2024,5,6,2577417,Dak Prescott,QB,20,BE,False,20.380000000000003
2024,5,6,4372016,Jaylen Waddle,WR,20,BE,False,8.600000000000001
2024,5,6,4361307,Trey McBride,TE,6,TE,True,11.3
2024,5,6,3953687,Brandon Aubrey,K,17,K,True,9.0
2024,5,6,3916148,Tony Pollard,RB,20,BE,False,0.0
2024,5,6,3116165,Chris Godwin,WR,4,WR,True,11.600000000000001
2024,5,6,3042519,Aaron Jones,RB,2,RB,True,6.300000000000001
2024,5,6,3121023,Dallas Goedert,TE,20,BE,False,0.0
2024,5,6,2576414,Raheem Mostert,RB,20,BE,False,11.8
2024,5,6,3932905,Diontae Johnson,WR,23,FLEX,True,5.9
2024,5,6,-16020,Jets D/ST,D/ST,16,D/ST,True,11.0
2024,5,6,4685247,Braelon Allen,RB,20,BE,False,3.8
2024,5,6,4362887,Justin Fields,QB,0,QB,True,19.94
2024,5,6,4428718,Tre Tucker,WR,23,FLEX,True,4.6
2024,5,8,4430807,Bijan Robinson,RB,2,RB,True,10.700000000000001
2024,5,8,4262921,Justin Jefferson,WR,4,WR,True,15.200000000000001
2024,5,8,4426515,Puka Nacua,WR,21,IR,False,0.0
2024,5,8,3045147,James Conner,RB,2,RB,True,14.0
2024,5,8,4429084,Anthony Richardson,QB,20,BE,False,0.0
2024,5,8,4360248,Kyle Pitts,TE,20,BE,False,15.8
2024,5,8,3055899,Harrison Butker,K,17,K,True,13.0
2024,5,8,4362238,Chase Brown,RB,23,FLEX,True,16.400000000000002
2024,5,8,-16025,49ers D/ST,D/ST,16,D/ST,True,11.0
2024,5,8,4426388,Jameson Williams,WR,20,BE,False,0.0
2024,5,8,4361050,Isaiah Likely,TE,6,TE,True,16.3
2024,5,8,4373678,Khalil Shakir,WR,20,BE,False,0.0
2024,5,8,4032473,Rashid Shaheed,WR,4,WR,True,19.6
2024,5,8,4048244,Alexander Mattison,RB,23,FLEX,True,10.100000000000001
2024,5,8,4360078,Alec Pierce,WR,20,BE,False,25.4
2024,5,8,3912547,Sam Darnold,QB,0,QB,True,4.26
2024,5,8,4241401,Trey Sermon,RB,20,BE,False,18.3
2024,5,7,4427366,Breece Hall,RB,2,RB,True,6.700000000000001
2024,5,7,4241389,CeeDee Lamb,WR,4,WR,True,11.4
2024,5,7,4362628,Ja'Marr Chase,WR,4,WR,True,45.3
2024,5,7,3121422,Terry McLaurin,WR,23,FLEX,True,13.400000000000002
2024,5,7,4035676,Zack Moss,RB,2,RB,True,8.200000000000001
2024,5,7,4258595,Cole Kmet,TE,20,BE,False,8.7
2024,5,7,-16012,Chiefs D/ST,D/ST,16,D/ST,True,8.0
2024,5,7,16460,Adam Thielen,WR,21,IR,False,0.0
2024,5,7,15864,Geno Smith,QB,0,QB,True,24.56
2024,5,7,3917232,Tyler Bass,K,17,K,True,8.0
2024,5,7,16757,Derek Carr,QB,20,BE,False,17.6
2024,5,7,15835,Zach Ertz,TE,20,BE,False,3.0
2024,5,7,4429025,Quentin Johnston,WR,20,BE,False,0.0
2024,5,7,4038441,Justice Hill,RB,20,BE,False,3.5
2024,5,7,4688813,Josh Downs,WR,23,FLEX,True,15.9
2024,5,7,4572680,Tucker Kraft,TE,6,TE,True,27.8
2024,5,7,4887558,Emanuel Wilson,RB,20,BE,False,2.5000000000000004
2024,6,2,4374302,Amon-Ra St. Brown,WR,4,WR,True,13.7
2024,6,2,4429795,Jahmyr Gibbs,RB,2,RB,True,12.100000000000001
2024,6,2,2976212,Stefon Diggs,WR,4,WR,True,19.7
2024,6,2,4040715,Jalen Hurts,QB,0,QB,True,26.86
2024,6,2,3116365,Mark Andrews,TE,6,TE,True,15.600000000000001
2024,6,2,4241416,Chuba Hubbard,RB,2,RB,True,15.3
2024,6,2,14993,Greg Zuerlein,K,20,BE,False,6.0
2024,6,2,4241463,Jerry Jeudy,WR,23,FLEX,True,4.5
2024,6,2,4429275,Trey Benson,RB,20,BE,False,2.6
2024,6,2,3052587,Baker Mayfield,QB,20,BE,False,36.9
2024,6,2,4689936,Jake Bates,K,17,K,True,19.0
2024,6,2,4427095,DeMario Douglas,WR,23,FLEX,True,21.200000000000003
2024,6,2,4430637,Ja'Lynn Polk,WR,20,BE,False,1.4
2024,6,2,4429501,Ray Davis,RB,20,BE,False,18.200000000000003
2024,6,2,4429023,MarShawn Lloyd,RB,21,IR,False,0.0
2024,6,2,-16016,Vikings D/ST,D/ST,20,BE,False,0.0
2024,6,2,-16034,Texans D/ST,D/ST,16,D/ST,True,14.0
2024,6,11,3929630,Saquon Barkley,RB,2,RB,True,7.4
2024,6,11,4047650,DK Metcalf,WR,4,WR,True,7.800000000000001
2024,6,11,4242335,Jonathan Taylor,RB,20,BE,False,0.0
2024,6,11,4360438,Brandon Aiyuk,WR,4,WR,True,5.7
2024,6,11,4361741,Brock Purdy,QB,0,QB,True,33.1
2024,6,11,4430878,Jaxon Smith-Njigba,WR,23,FLEX,True,10.3
2024,6,11,8439,Aaron Rodgers,QB,20,BE,False,24.759999999999998
2024,6,11,4242355,Jake Ferguson,TE,6,TE,True,4.1
2024,6,11,4038941,Justin Herbert,QB,20,BE,False,15.68
2024,6,11,4426385,Zach Charbonnet,RB,20,BE,False,4.5
2024,6,11,2577327,Tyler Lockett,WR,20,BE,False,16.5
2024,6,11,4360569,Jordan Mason,RB,2,RB,True,9.200000000000001
2024,6,11,-16007,Broncos D/ST,D/ST,16,D/ST,True,3.0
2024,6,11,3128390,Allen Lazard,WR,23,FLEX,True,26.4
2024,6,11,2473037,Jason Myers,K,17,K,True,6.0
2024,6,11,4243331,Cade Otton,TE,20,BE,False,9.5
2024,6,4,4047646,A.J. Brown,WR,23,FLEX,True,23.6
2024,6,4,2977187,Cooper Kupp,WR,21,IR,False,0.0
2024,6,4,3918298,Josh Allen,QB,20,BE,False,28.4
2024,6,4,4429160,De'Von Achane,RB,20,BE,False,0.0
2024,6,4,3916387,Lamar Jackson,QB,0,QB,True,20.92
2024,6,4,3040151,George Kittle,TE,6,TE,True,22.8
2024,6,4,3051392,Ezekiel Elliott,RB,20,BE,False,1.7000000000000002
2024,6,4,15683,Justin Tucker,K,17,K,True,13.0
2024,6,4,4372019,Jerome Ford,RB,2,RB,True,1.4000000000000001
2024,6,4,4431299,Rome Odunze,WR,23,FLEX,True,6.0
2024,6,4,4430539,Brenton Strange,TE,20,BE,False,2.1
2024,6,4,4569587,Wan'Dale Robinson,WR,4,WR,True,10.0
2024,6,4,4360516,Tyrone Tracy Jr.,RB,2,RB,True,22.7
2024,6,4,4429013,Tank Bigsby,RB,20,BE,False,2.4000000000000004
2024,6,4,-16011,Colts D/ST,D/ST,16,D/ST,True,5.0
2024,6,4,4249417,Jalen Tolbert,WR,4,WR,True,8.3
2024,6,4,4428718,Tre Tucker,WR,20,BE,False,0.0
2024,6,9,16800,Davante Adams,WR,20,BE,False,0.0
2024,6,9,3915416,DJ Moore,WR,23,FLEX,True,6.0
2024,6,9,4432708,Marvin Harrison Jr.,WR,4,WR,True,0.0
2024,6,9,4426502,Drake London,WR,4,WR,True,19.4
2024,6,9,4379399,James Cook,RB,2,RB,True,0.0
2024,6,9,4426354,George Pickens,WR,23,FLEX,True,8.3
2024,6,9,4036378,Jordan Love,QB,0,QB,True,34.620000000000005
2024,6,9,4428557,Tyjae Spears,RB,20,BE,False,2.7
2024,6,9,3123076,David Njoku,TE,6,TE,True,8.1
2024,6,9,4241474,Brian Robinson Jr.,RB,2,RB,True,0.0
2024,6,9,4361579,Javonte Williams,RB,20,BE,False,4.6000000000000005
2024,6,9,4569987,Jaylen Warren,RB,20,BE,False,4.800000000000001
2024,6,9,-16005,Browns D/ST,D/ST,16,D/ST,True,9.0
2024,6,9,4036133,T.J. Hockenson,TE,20,BE,False,0.0
2024,6,9,2971573,Ka'imi Fairbairn,K,17,K,True,11.0
2024,6,9,3122840,Deshaun Watson,QB,20,BE,False,8.42
2024,6,1,3043078,Derrick Henry,RB,2,RB,True,25.200000000000003
2024,6,1,3116385,Joe Mixon,RB,23,FLEX,True,27.200000000000003
2024,6,1,4595348,Malik Nabers,WR,20,BE,False,0.0
2024,6,1,4430027,Sam LaPorta,TE,20,BE,False,15.2
2024,6,1,4239993,Tee Higgins,WR,4,WR,True,14.7
2024,6,1,4259545,D'Andre Swift,RB,2,RB,True,21.900000000000002
2024,6,1,4432577,C.J. Stroud,QB,0,QB,True,24.38
2024,6,1,4366031,Tank Dell,WR,4,WR,True,18.7
2024,6,1,4035538,David Montgomery,RB,23,FLEX,True,21.0
2024,6,1,4241985,J.K. Dobbins,RB,20,BE,False,18.200000000000003
2024,6,1,4432665,Brock Bowers,TE,6,TE,True,16.1
2024,6,1,-16023,Steelers D/ST,D/ST,16,D/ST,True,14.0
2024,6,1,4360797,Tutu Atwell,WR,20,BE,False,0.0
2024,6,1,17372,Chris Boswell,K,17,K,True,17.0
2024,6,1,4431611,Caleb Williams,QB,20,BE,False,36.64
2024,6,1,3916945,Darius Slayton,WR,20,BE,False,11.7
2024,6,5,4258173,Nico Collins,WR,20,BE,False,0.0
2024,6,5,4047365,Josh Jacobs,RB,2,RB,True,12.0
2024,6,5,3139477,Patrick Mahomes,QB,20,BE,False,0.0
2024,6,5,4567048,Kenneth Walker III,RB,2,RB,True,20.9
2024,6,5,3126486,Deebo Samuel Sr.,WR,4,WR,True,23.700000000000003
2024,6,5,3915511,Joe Burrow,QB,0,QB,True,20.82
2024,6,5,3917315,Kyler Murray,QB,20,BE,False,13.96
2024,6,5,4362249,Jayden Reed,WR,4,WR,True,14.8
2024,6,5,4432773,Brian Thomas Jr.,WR,23,FLEX,True,5.7
2024,6,5,4361411,Pat Freiermuth,TE,6,TE,True,3.6
2024,6,5,4722893,Jaleel McLaughlin,RB,20,BE,False,4.5
2024,6,5,4040655,Darnell Mooney,WR,23,FLEX,True,6.800000000000001
2024,6,5,3049899,Younghoe Koo,K,17,K,True,12.0
2024,6,5,4035886,Khalil Herbert,RB,20,BE,False,0.0
2024,6,5,4240021,Cam Akers,RB,20,BE,False,-0.1
2024,6,5,-16027,Buccaneers D/ST,D/ST,16,D/ST,True,17.0
2024,6,6,3116406,Tyreek Hill,WR,20,BE,False,0.0
2024,6,6,4241457,Najee Harris,RB,2,RB,True,20.200000000000003
2024,6,6,2577417,Dak Prescott,QB,0,QB,True,3.2199999999999998
2024,6,6,4372016,Jaylen Waddle,WR,20,BE,False,0.0
2024,6,6,4361307,Trey McBride,TE,6,TE,True,17.6
2024,6,6,3953687,Brandon Aubrey,K,17,K,True,12.0
2024,6,6,3916148,Tony Pollard,RB,2,RB,True,17.8
2024,6,6,3116165,Chris Godwin,WR,4,WR,True,38.5
2024,6,6,3042519,Aaron Jones,RB,20,BE,False,0.0
2024,6,6,3121023,Dallas Goedert,TE,20,BE,False,0.0
2024,6,6,2576414,Raheem Mostert,RB,20,BE,False,0.0
2024,6,6,3932905,Diontae Johnson,WR,23,FLEX,True,19.8
2024,6,6,4362887,Justin Fields,QB,20,BE,False,23.7
2024,6,6,4612826,Ladd McConkey,WR,4,WR,True,8.3
2024,6,6,-16024,Chargers D/ST,D/ST,16,D/ST,True,7.0
2024,6,6,4241401,Trey Sermon,RB,23,FLEX,True,2.9000000000000004
2024,6,12,4569618,Garrett Wilson,WR,4,WR,True,24.700000000000003
2024,6,12,4430737,Kyren Williams,RB,20,BE,False,0.0
2024,6,12,4239996,Travis Etienne Jr.,RB,2,RB,True,-0.1
2024,6,12,16737,Mike Evans,WR,4,WR,True,5.4
2024,6,12,3925357,Calvin Ridley,WR,20,BE,False,0.9
2024,6,12,3051876,Evan Engram,TE,6,TE,True,18.200000000000003
2024,6,12,3916433,Jakobi Meyers,WR,23,FLEX,True,0.0
2024,6,12,4242431,Ty Chandler,RB,20,BE,False,0.0
2024,6,12,4360294,Antonio Gibson,RB,20,BE,False,7.300000000000001
2024,6,12,4596448,Bucky Irving,RB,2,RB,True,18.5
2024,6,12,3116164,Mike Gesicki,TE,20,BE,False,0.0
2024,6,12,2976499,Amari Cooper,WR,23,FLEX,True,8.2
2024,6,12,14012,Andy Dalton,QB,20,BE,False,18.939999999999998
2024,6,12,3046779,Jared Goff,QB,0,QB,True,34.1
2024,6,12,-16009,Packers D/ST,D/ST,16,D/ST,True,9.0
2024,6,12,2985659,Wil Lutz,K,17,K,True,5.0
2024,6,7,4427366,Breece Hall,RB,2,RB,True,21.900000000000002
2024,6,7,4241389,CeeDee Lamb,WR,4,WR,True,16.1
2024,6,7,4362628,Ja'Marr Chase,WR,4,WR,True,12.2
2024,6,7,3121422,Terry McLaurin,WR,23,FLEX,True,23.3
2024,6,7,4035676,Zack Moss,RB,2,RB,True,0.5
2024,6,7,4258595,Cole Kmet,TE,20,BE,False,24.0
2024,6,7,16460,Adam Thielen,WR,21,IR,False,0.0
2024,6,7,15864,Geno Smith,QB,20,BE,False,14.48
2024,6,7,3917232,Tyler Bass,K,17,K,True,3.0
2024,6,7,15835,Zach Ertz,TE,20,BE,False,10.8
2024,6,7,4429025,Quentin Johnston,WR,20,BE,False,5.2
2024,6,7,4038441,Justice Hill,RB,20,BE,False,1.4
2024,6,7,4688813,Josh Downs,WR,23,FLEX,True,19.5
2024,6,7,4572680,Tucker Kraft,TE,6,TE,True,3.5
2024,6,7,4887558,Emanuel Wilson,RB,20,BE,False,8.3
2024,6,7,14880,Kirk Cousins,QB,0,QB,True,14.5
2024,6,7,-16003,Bears D/ST,D/ST,16,D/ST,True,11.0
2024,6,3,3117251,Christian McCaffrey,RB,20,BE,False,0.0
2024,6,3,4697815,Rachaad White,RB,20,BE,False,0.0
2024,6,3,4429615,Zay Flowers,WR,4,WR,True,22.4
2024,6,3,4241478,DeVonta Smith,WR,4,WR,True,16.4
2024,6,3,4038524,Gardner Minshew,QB,20,BE,False,0.0
2024,6,3,4385690,Dalton Kincaid,TE,23,FLEX,True,11.100000000000001
2024,6,3,3068267,Austin Ekeler,RB,2,RB,True,10.8
2024,6,3,15795,DeAndre Hopkins,WR,23,FLEX,True,9.4
2024,6,3,3128720,Nick Chubb,RB,20,BE,False,0.0
2024,6,3,-16021,Eagles D/ST,D/ST,16,D/ST,True,8.0
2024,6,3,4429205,Jordan Addison,WR,20,BE,False,0.0
2024,6,3,4241372,Hollywood Brown,WR,21,IR,False,0.0
2024,6,3,4360310,Trevor Lawrence,QB,0,QB,True,21.06
2024,6,3,4038815,Rico Dowdle,RB,2,RB,True,10.5
2024,6,3,3046439,Hunter Henry,TE,6,TE,True,13.100000000000001
2024,6,3,-16017,Patriots D/ST,D/ST,20,BE,False,1.0
2024,6,3,3150744,Chase McLaughlin,K,17,K,True,9.0
2024,6,8,4430807,Bijan Robinson,RB,2,RB,True,25.5
2024,6,8,4262921,Justin Jefferson,WR,20,BE,False,0.0
2024,6,8,4426515,Puka Nacua,WR,21,IR,False,0.0
2024,6,8,3045147,James Conner,RB,2,RB,True,6.6000000000000005
2024,6,8,4429084,Anthony Richardson,QB,0,QB,True,0.0
2024,6,8,4360248,Kyle Pitts,TE,6,TE,True,10.0
2024,6,8,3055899,Harrison Butker,K,20,BE,False,0.0
2024,6,8,4362238,Chase Brown,RB,23,FLEX,True,14.4
2024,6,8,-16025,49ers D/ST,D/ST,16,D/ST,True,7.0
2024,6,8,4426388,Jameson Williams,WR,4,WR,True,17.7
2024,6,8,4361050,Isaiah Likely,TE,20,BE,False,4.7
2024,6,8,4373678,Khalil Shakir,WR,20,BE,False,3.9000000000000004
2024,6,8,4032473,Rashid Shaheed,WR,4,WR,True,8.3
2024,6,8,4048244,Alexander Mattison,RB,20,BE,False,17.5
2024,6,8,4360078,Alec Pierce,WR,23,FLEX,True,0.0
2024,6,8,3912547,Sam Darnold,QB,20,BE,False,0.0
2024,6,8,3821683,Austin Seibert,K,17,K,True,14.0
2024,6,10,4361529,Isiah Pacheco,RB,21,IR,False,0.0
2024,6,10,15847,Travis Kelce,TE,20,BE,False,0.0
2024,6,10,3054850,Alvin Kamara,RB,2,RB,True,17.4
2024,6,10,4361370,Chris Olave,WR,4,WR,True,-0.5
2024,6,10,4035687,Michael Pittman Jr.,WR,23,FLEX,True,12.5
2024,6,10,4569173,Rhamondre Stevenson,RB,20,BE,False,0.0
2024,6,10,4683062,Xavier Worthy,WR,20,BE,False,0.0
2024,6,10,3895856,Christian Kirk,WR,4,WR,True,6.9
2024,6,10,4426348,Jayden Daniels,QB,0,QB,True,24.96
2024,6,10,4040761,Devin Singletary,RB,20,BE,False,0.0
2024,6,10,3128429,Courtland Sutton,WR,23,FLEX,True,15.3
2024,6,10,4360234,Evan McPherson,K,17,K,True,5.0
2024,6,10,3915486,Tyler Conklin,TE,6,TE,True,3.0
2024,6,10,4360635,Chig Okonkwo,TE,20,BE,False,3.6
2024,6,10,3059915,Kareem Hunt,RB,20,BE,False,0.0
2024,6,10,-16002,Bills D/ST,D/ST,16,D/ST,True,5.0
2024,6,10,4685247,Braelon Allen,RB,2,RB,True,0.8
2024,7,4,4047646,A.J. Brown,WR,23,FLEX,True,20.9
2024,7,4,2977187,Cooper Kupp,WR,20,BE,False,0.0
2024,7,4,3918298,Josh Allen,QB,20,BE,False,25.02
2024,7,4,4429160,De'Von Achane,RB,2,RB,True,10.5
2024,7,4,3916387,Lamar Jackson,QB,0,QB,True,45.44
2024,7,4,3040151,George Kittle,TE,6,TE,True,15.200000000000001
2024,7,4,3051392,Ezekiel Elliott,RB,20,BE,False,0.0
2024,7,4,15683,Justin Tucker,K,17,K,True,13.0
2024,7,4,4372019,Jerome Ford,RB,20,BE,False,0.0
2024,7,4,4431299,Rome Odunze,WR,20,BE,False,0.0
2024,7,4,4430539,Brenton Strange,TE,20,BE,False,0.0
2024,7,4,4569587,Wan'Dale Robinson,WR,4,WR,True,8.3
2024,7,4,4360516,Tyrone Tracy Jr.,RB,23,FLEX,True,6.200000000000001
2024,7,4,4429013,Tank Bigsby,RB,2,RB,True,23.8
2024,7,4,-16011,Colts D/ST,D/ST,16,D/ST,True,9.0
2024,7,4,4248528,Christian Watson,WR,4,WR,True,1.5
2024,7,2,4374302,Amon-Ra St. Brown,WR,4,WR,True,25.200000000000003
2024,7,2,4429795,Jahmyr Gibbs,RB,2,RB,True,33.0
2024,7,2,2976212,Stefon Diggs,WR,4,WR,True,7.300000000000001
2024,7,2,4040715,Jalen Hurts,QB,20,BE,False,25.759999999999998
2024,7,2,3116365,Mark Andrews,TE,6,TE,True,20.1
2024,7,2,4241416,Chuba Hubbard,RB,2,RB,True,11.2
2024,7,2,14993,Greg Zuerlein,K,20,BE,False,0.0
2024,7,2,4241463,Jerry Jeudy,WR,23,FLEX,True,2.8
2024,7,2,4429275,Trey Benson,RB,20,BE,False,0.0
2024,7,2,3052587,Baker Mayfield,QB,0,QB,True,33.0
2024,7,2,4689936,Jake Bates,K,17,K,True,8.0
2024,7,2,4427095,DeMario Douglas,WR,23,FLEX,True,3.4000000000000004
2024,7,2,4430637,Ja'Lynn Polk,WR,20,BE,False,0.0
2024,7,2,4429501,Ray Davis,RB,20,BE,False,11.700000000000001
2024,7,2,4429023,MarShawn Lloyd,RB,21,IR,False,0.0
2024,7,2,-16016,Vikings D/ST,D/ST,20,BE,False,11.0
2024,7,2,-16034,Texans D/ST,D/ST,16,D/ST,True,11.0
2024,7,11,3929630,Saquon Barkley,RB,2,RB,True,26.700000000000003
2024,7,11,4047650,DK Metcalf,WR,4,WR,True,19.9
2024,7,11,4242335,Jonathan Taylor,RB,20,BE,False,0.0
2024,7,11,4360438,Brandon Aiyuk,WR,4,WR,True,4.300000000000001
2024,7,11,4361741,Brock Purdy,QB,0,QB,True,17.18
2024,7,11,4430878,Jaxon Smith-Njigba,WR,23,FLEX,True,5.300000000000001
2024,7,11,8439,Aaron Rodgers,QB,20,BE,False,15.04
2024,7,11,4242355,Jake Ferguson,TE,20,BE,False,0.0
2024,7,11,4038941,Justin Herbert,QB,20,BE,False,14.760000000000002
2024,7,11,4426385,Zach Charbonnet,RB,20,BE,False,1.9000000000000004
2024,7,11,2577327,Tyler Lockett,WR,23,FLEX,True,8.5
2024,7,11,4360569,Jordan Mason,RB,2,RB,True,8.9
2024,7,11,3128390,Allen Lazard,WR,20,BE,False,9.8
2024,7,11,2473037,Jason Myers,K,17,K,True,12.0
2024,7,11,4243331,Cade Otton,TE,6,TE,True,18.0
2024,7,11,-16007,Broncos D/ST,D/ST,16,D/ST,True,21.0
2024,7,1,3043078,Derrick Henry,RB,2,RB,True,25.200000000000003
2024,7,1,3116385,Joe Mixon,RB,2,RB,True,26.4
2024,7,1,4595348,Malik Nabers,WR,4,WR,True,8.100000000000001
2024,7,1,4430027,Sam LaPorta,TE,20,BE,False,3.5
2024,7,1,4239993,Tee Higgins,WR,4,WR,True,18.200000000000003
2024,7,1,4259545,D'Andre Swift,RB,20,BE,False,0.0
2024,7,1,4432577,C.J. Stroud,QB,0,QB,True,5.34
2024,7,1,4366031,Tank Dell,WR,20,BE,False,0.0
2024,7,1,4035538,David Montgomery,RB,23,FLEX,True,8.0
2024,7,1,4241985,J.K. Dobbins,RB,23,FLEX,True,9.6
2024,7,1,4432665,Brock Bowers,TE,6,TE,True,19.3
2024,7,1,-16023,Steelers D/ST,D/ST,16,D/ST,True,8.0
2024,7,1,4360797,Tutu Atwell,WR,20,BE,False,11.100000000000001
2024,7,1,4431611,Caleb Williams,QB,20,BE,False,0.0
2024,7,1,3916945,Darius Slayton,WR,20,BE,False,2.1
2024,7,1,3821683,Austin Seibert,K,17,K,True,17.0
2024,7,9,16800,Davante Adams,WR,4,WR,True,6.0
2024,7,9,3915416,DJ Moore,WR,20,BE,False,0.0
2024,7,9,4432708,Marvin Harrison Jr.,WR,23,FLEX,True,5.1
2024,7,9,4426502,Drake London,WR,4,WR,True,18.3
2024,7,9,4379399,James Cook,RB,2,RB,True,9.2
2024,7,9,4426354,George Pickens,WR,23,FLEX,True,22.1
2024,7,9,4036378,Jordan Love,QB,0,QB,True,22.8
2024,7,9,4428557,Tyjae Spears,RB,20,BE,False,0.0
2024,7,9,3123076,David Njoku,TE,6,TE,True,23.6
2024,7,9,4241474,Brian Robinson Jr.,RB,2,RB,True,13.100000000000001
2024,7,9,4361579,Javonte Williams,RB,20,BE,False,26.1
2024,7,9,4569987,Jaylen Warren,RB,20,BE,False,7.9
2024,7,9,-16005,Browns D/ST,D/ST,16,D/ST,True,5.0
2024,7,9,4036133,T.J. Hockenson,TE,20,BE,False,0.0
2024,7,9,2971573,Ka'imi Fairbairn,K,17,K,True,12.0
2024,7,9,3122840,Deshaun Watson,QB,20,BE,False,5.12
2024,7,6,3116406,Tyreek Hill,WR,4,WR,True,2.3
2024,7,6,4241457,Najee Harris,RB,2,RB,True,16.200000000000003
2024,7,6,2577417,Dak Prescott,QB,20,BE,False,0.0
2024,7,6,4372016,Jaylen Waddle,WR,20,BE,False,2.1
2024,7,6,4361307,Trey McBride,TE,6,TE,True,10.100000000000001
2024,7,6,3953687,Brandon Aubrey,K,20,BE,False,0.0
2024,7,6,3916148,Tony Pollard,RB,2,RB,True,8.500000000000002
2024,7,6,3116165,Chris Godwin,WR,4,WR,True,13.5
2024,7,6,3042519,Aaron Jones,RB,23,FLEX,True,20.6
2024,7,6,3121023,Dallas Goedert,TE,20,BE,False,0.0
2024,7,6,3932905,Diontae Johnson,WR,23,FLEX,True,2.7
2024,7,6,4362887,Justin Fields,QB,20,BE,False,0.0
2024,7,6,4612826,Ladd McConkey,WR,20,BE,False,9.600000000000001
2024,7,6,4362081,Cameron Dicker,K,17,K,True,21.0
2024,7,6,4035671,Tyler Huntley,QB,0,QB,True,11.48
2024,7,6,-16015,Dolphins D/ST,D/ST,16,D/ST,True,5.0
2024,7,5,4258173,Nico Collins,WR,20,BE,False,0.0
2024,7,5,4047365,Josh Jacobs,RB,2,RB,True,20.200000000000003
2024,7,5,3139477,Patrick Mahomes,QB,20,BE,False,12.060000000000002
2024,7,5,4567048,Kenneth Walker III,RB,2,RB,True,23.299999999999997
2024,7,5,3126486,Deebo Samuel Sr.,WR,4,WR,True,0.0
2024,7,5,3915511,Joe Burrow,QB,0,QB,True,18.94
2024,7,5,3917315,Kyler Murray,QB,20,BE,False,23.2
2024,7,5,4362249,Jayden Reed,WR,4,WR,True,3.0
2024,7,5,4432773,Brian Thomas Jr.,WR,23,FLEX,True,22.1
2024,7,5,4361411,Pat Freiermuth,TE,6,TE,True,7.1000000000000005
2024,7,5,4722893,Jaleel McLaughlin,RB,20,BE,False,3.5
2024,7,5,4040655,Darnell Mooney,WR,23,FLEX,True,9.600000000000001
2024,7,5,3049899,Younghoe Koo,K,17,K,True,1.0
2024,7,5,4240021,Cam Akers,RB,20,BE,False,0.0
2024,7,5,-16004,Bengals D/ST,D/ST,16,D/ST,True,15.0
2024,7,5,4685247,Braelon Allen,RB,20,BE,False,1.5999999999999999
2024,7,7,4427366,Breece Hall,RB,2,RB,True,26.1
2024,7,7,4241389,CeeDee Lamb,WR,20,BE,False,0.0
2024,7,7,4362628,Ja'Marr Chase,WR,4,WR,True,17.6
2024,7,7,3121422,Terry McLaurin,WR,4,WR,True,15.8
2024,7,7,4035676,Zack Moss,RB,2,RB,True,7.0
2024,7,7,4258595,Cole Kmet,TE,20,BE,False,0.0
2024,7,7,15864,Geno Smith,QB,20,BE,False,21.78
2024,7,7,4429025,Quentin Johnston,WR,20,BE,False,0.0
2024,7,7,4688813,Josh Downs,WR,23,FLEX,True,1.3
2024,7,7,4572680,Tucker Kraft,TE,6,TE,True,12.3
2024,7,7,14880,Kirk Cousins,QB,0,QB,True,9.18
2024,7,7,-16003,Bears D/ST,D/ST,20,BE,False,0.0
2024,7,7,4373626,Tyler Allgeier,RB,20,BE,False,5.5
2024,7,7,-16020,Jets D/ST,D/ST,16,D/ST,True,-4.0
2024,7,7,4567104,Will Reichard,K,17,K,True,15.0
2024,7,7,4241401,Trey Sermon,RB,23,FLEX,True,5.8999999999999995
2024,7,12,4569618,Garrett Wilson,WR,4,WR,True,13.100000000000001
2024,7,12,4430737,Kyren Williams,RB,2,RB,True,19.6
2024,7,12,4239996,Travis Etienne Jr.,RB,20,BE,False,0.0
2024,7,12,16737,Mike Evans,WR,4,WR,True,9.5
2024,7,12,3925357,Calvin Ridley,WR,20,BE,False,7.2
2024,7,12,3051876,Evan Engram,TE,6,TE,True,8.5
2024,7,12,3916433,Jakobi Meyers,WR,20,BE,False,0.0
2024,7,12,4242431,Ty Chandler,RB,20,BE,False,0.4
2024,7,12,4596448,Bucky Irving,RB,2,RB,True,16.700000000000003
2024,7,12,3116164,Mike Gesicki,TE,20,BE,False,1.2
2024,7,12,2976499,Amari Cooper,WR,23,FLEX,True,16.6
2024,7,12,14012,Andy Dalton,QB,20,BE,False,0.020000000000000462
2024,7,12,3046779,Jared Goff,QB,0,QB,True,22.8
2024,7,12,-16009,Packers D/ST,D/ST,16,D/ST,True,8.0
2024,7,12,2985659,Wil Lutz,K,17,K,True,18.0
2024,7,12,4430871,Sean Tucker,RB,23,FLEX,True,4.800000000000001
2024,7,8,4430807,Bijan Robinson,RB,2,RB,True,23.3
2024,7,8,4262921,Justin Jefferson,WR,4,WR,True,21.4
2024,7,8,4426515,Puka Nacua,WR,21,IR,False,0.0
2024,7,8,3045147,James Conner,RB,2,RB,True,17.200000000000003
2024,7,8,4429084,Anthony Richardson,QB,20,BE,False,8.760000000000002
2024,7,8,4360248,Kyle Pitts,TE,6,TE,True,13.5
2024,7,8,3055899,Harrison Butker,K,17,K,True,4.0
2024,7,8,4362238,Chase Brown,RB,23,FLEX,True,7.300000000000001
2024,7,8,-16025,49ers D/ST,D/ST,16,D/ST,True,5.0
2024,7,8,4426388,Jameson Williams,WR,4,WR,True,0.6
2024,7,8,4361050,Isaiah Likely,TE,20,BE,False,3.7
2024,7,8,4373678,Khalil Shakir,WR,20,BE,False,13.5
2024,7,8,4032473,Rashid Shaheed,WR,20,BE,False,0.0
2024,7,8,4048244,Alexander Mattison,RB,23,FLEX,True,15.3
2024,7,8,4360078,Alec Pierce,WR,20,BE,False,3.5
2024,7,8,3912547,Sam Darnold,QB,0,QB,True,18.259999999999998
2024,7,8,2576414,Raheem Mostert,RB,20,BE,False,3.0
2024,7,3,3117251,Christian McCaffrey,RB,20,BE,False,0.0
2024,7,3,4697815,Rachaad White,RB,20,BE,False,29.1
2024,7,3,4429615,Zay Flowers,WR,4,WR,True,4.0
2024,7,3,4241478,DeVonta Smith,WR,4,WR,True,0.8
2024,7,3,4038524,Gardner Minshew,QB,20,BE,False,-1.6399999999999997
2024,7,3,4385690,Dalton Kincaid,TE,23,FLEX,True,8.2
2024,7,3,3068267,Austin Ekeler,RB,2,RB,True,4.0
2024,7,3,15795,DeAndre Hopkins,WR,23,FLEX,True,0.8
2024,7,3,3128720,Nick Chubb,RB,2,RB,True,10.2
2024,7,3,-16021,Eagles D/ST,D/ST,16,D/ST,True,16.0
2024,7,3,4429205,Jordan Addison,WR,20,BE,False,9.600000000000001
2024,7,3,4241372,Hollywood Brown,WR,21,IR,False,0.0
2024,7,3,4360310,Trevor Lawrence,QB,0,QB,True,17.02
2024,7,3,4038815,Rico Dowdle,RB,20,BE,False,0.0
2024,7,3,3046439,Hunter Henry,TE,6,TE,True,17.200000000000003
2024,7,3,-16017,Patriots D/ST,D/ST,20,BE,False,-1.0
2024,7,3,3150744,Chase McLaughlin,K,17,K,True,4.0
2024,7,10,4361529,Isiah Pacheco,RB,21,IR,False,0.0
2024,7,10,15847,Travis Kelce,TE,6,TE,True,5.7
2024,7,10,3054850,Alvin Kamara,RB,2,RB,True,8.4
2024,7,10,4361370,Chris Olave,WR,20,BE,False,0.0
2024,7,10,4035687,Michael Pittman Jr.,WR,23,FLEX,True,9.3
2024,7,10,4569173,Rhamondre Stevenson,RB,23,FLEX,True,4.5
2024,7,10,4683062,Xavier Worthy,WR,4,WR,True,5.4
2024,7,10,3895856,Christian Kirk,WR,20,BE,False,3.4000000000000004
2024,7,10,4426348,Jayden Daniels,QB,0,QB,True,5.24
2024,7,10,4040761,Devin Singletary,RB,20,BE,False,3.0999999999999996
2024,7,10,3128429,Courtland Sutton,WR,4,WR,True,0.0
2024,7,10,4360234,Evan McPherson,K,17,K,True,2.0
2024,7,10,3915486,Tyler Conklin,TE,20,BE,False,10.7
2024,7,10,4360635,Chig Okonkwo,TE,20,BE,False,9.0
2024,7,10,3059915,Kareem Hunt,RB,2,RB,True,22.3
2024,7,10,-16002,Bills D/ST,D/ST,16,D/ST,True,12.0
2024,8,2,4374302,Amon-Ra St. Brown,WR,4,WR,True,8.7
2024,8,2,4429795,Jahmyr Gibbs,RB,2,RB,True,23.300000000000004
2024,8,2,2976212,Stefon Diggs,WR,4,WR,True,12.7
2024,8,2,4040715,Jalen Hurts,QB,20,BE,False,38.14
2024,8,2,3116365,Mark Andrews,TE,6,TE,True,14.6
2024,8,2,4241416,Chuba Hubbard,RB,2,RB,True,9.100000000000001
2024,8,2,14993,Greg Zuerlein,K,20,BE,False,2.0
2024,8,2,4241463,Jerry Jeudy,WR,23,FLEX,True,12.9
2024,8,2,4429275,Trey Benson,RB,20,BE,False,1.0
2024,8,2,3052587,Baker Mayfield,QB,0,QB,True,28.299999999999997
2024,8,2,4689936,Jake Bates,K,17,K,True,12.0
2024,8,2,4427095,DeMario Douglas,WR,23,FLEX,True,3.2
2024,8,2,4430637,Ja'Lynn Polk,WR,20,BE,False,0.0
2024,8,2,4429501,Ray Davis,RB,20,BE,False,2.9000000000000004
2024,8,2,4429023,MarShawn Lloyd,RB,21,IR,False,0.0
2024,8,2,-16016,Vikings D/ST,D/ST,20,BE,False,1.0
2024,8,2,-16034,Texans D/ST,D/ST,16,D/ST,True,9.0
2024,8,1,3043078,Derrick Henry,RB,2,RB,True,14.700000000000001
2024,8,1,3116385,Joe Mixon,RB,2,RB,True,23.400000000000002
2024,8,1,4595348,Malik Nabers,WR,4,WR,True,14.100000000000001
2024,8,1,4430027,Sam LaPorta,TE,20,BE,False,16.8
2024,8,1,4239993,Tee Higgins,WR,20,BE,False,0.0
2024,8,1,4259545,D'Andre Swift,RB,23,FLEX,True,21.9
2024,8,1,4432577,C.J. Stroud,QB,0,QB,True,14.4
2024,8,1,4366031,Tank Dell,WR,4,WR,True,13.5
2024,8,1,4035538,David Montgomery,RB,23,FLEX,True,16.92
2024,8,1,4241985,J.K. Dobbins,RB,20,BE,False,16.8
2024,8,1,4432665,Brock Bowers,TE,6,TE,True,10.8
2024,8,1,-16023,Steelers D/ST,D/ST,16,D/ST,True,14.0
2024,8,1,4360797,Tutu Atwell,WR,20,BE,False,2.8
2024,8,1,4431611,Caleb Williams,QB,20,BE,False,9.940000000000001
2024,8,1,3916945,Darius Slayton,WR,20,BE,False,14.8
2024,8,1,3821683,Austin Seibert,K,17,K,True,12.0
2024,8,6,3116406,Tyreek Hill,WR,4,WR,True,13.2
2024,8,6,4241457,Najee Harris,RB,2,RB,True,16.1
2024,8,6,2577417,Dak Prescott,QB,20,BE,False,17.62
2024,8,6,4372016,Jaylen Waddle,WR,4,WR,True,8.5
2024,8,6,4361307,Trey McBride,TE,6,TE,True,21.4
2024,8,6,3953687,Brandon Aubrey,K,20,BE,False,6.0
2024,8,6,3916148,Tony Pollard,RB,2,RB,True,14.700000000000001
2024,8,6,3042519,Aaron Jones,RB,23,FLEX,True,11.5
2024,8,6,3121023,Dallas Goedert,TE,20,BE,False,0.0
2024,8,6,3932905,Diontae Johnson,WR,20,BE,False,0.0
2024,8,6,4612826,Ladd McConkey,WR,23,FLEX,True,32.1
2024,8,6,4362081,Cameron Dicker,K,17,K,True,8.0
2024,8,6,4241479,Tua Tagovailoa,QB,0,QB,True,16.66
2024,8,6,-16012,Chiefs D/ST,D/ST,16,D/ST,True,9.0
2024,8,6,14881,Russell Wilson,QB,20,BE,False,15.82
2024,8,6,15818,Keenan Allen,WR,20,BE,False,5.9
2024,8,4,4047646,A.J. Brown,WR,4,WR,True,13.4
2024,8,4,2977187,Cooper Kupp,WR,23,FLEX,True,16.1
2024,8,4,3918298,Josh Allen,QB,20,BE,False,23.82
2024,8,4,4429160,De'Von Achane,RB,2,RB,True,26.700000000000003
2024,8,4,3916387,Lamar Jackson,QB,0,QB,True,28.16
2024,8,4,3040151,George Kittle,TE,6,TE,True,24.8
2024,8,4,3051392,Ezekiel Elliott,RB,20,BE,False,10.8
2024,8,4,15683,Justin Tucker,K,17,K,True,6.0
2024,8,4,4372019,Jerome Ford,RB,20,BE,False,0.0
2024,8,4,4431299,Rome Odunze,WR,23,FLEX,True,8.4
2024,8,4,4430539,Brenton Strange,TE,20,BE,False,10.9
2024,8,4,4569587,Wan'Dale Robinson,WR,4,WR,True,8.0
2024,8,4,4360516,Tyrone Tracy Jr.,RB,20,BE,False,24.0
2024,8,4,4429013,Tank Bigsby,RB,2,RB,True,10.600000000000001
2024,8,4,3886598,Jauan Jennings,WR,21,IR,False,0.0
2024,8,4,4243537,Gabe Davis,WR,20,BE,False,0.0
2024,8,4,-16024,Chargers D/ST,D/ST,16,D/ST,True,9.0
2024,8,7,4427366,Breece Hall,RB,2,RB,True,9.9
2024,8,7,4241389,CeeDee Lamb,WR,4,WR,True,39.6
2024,8,7,4362628,Ja'Marr Chase,WR,4,WR,True,20.4
2024,8,7,3121422,Terry McLaurin,WR,23,FLEX,True,17.5
2024,8,7,4035676,Zack Moss,RB,2,RB,True,7.9
2024,8,7,4258595,Cole Kmet,TE,20,BE,False,4.4
2024,8,7,15864,Geno Smith,QB,0,QB,True,8.08
2024,8,7,4429025,Quentin Johnston,WR,20,BE,False,0.0
2024,8,7,4572680,Tucker Kraft,TE,6,TE,True,16.8
2024,8,7,14880,Kirk Cousins,QB,20,BE,False,37.64
2024,8,7,-16003,Bears D/ST,D/ST,20,BE,False,-2.0
2024,8,7,4373626,Tyler Allgeier,RB,20,BE,False,3.3000000000000003
2024,8,7,-16020,Jets D/ST,D/ST,16,D/ST,True,4.0
2024,8,7,4567104,Will Reichard,K,17,K,True,8.0
2024,8,7,4361432,Romeo Doubs,WR,23,FLEX,True,10.2
2024,8,11,3929630,Saquon Barkley,RB,2,RB,True,12.100000000000001
2024,8,11,4047650,DK Metcalf,WR,20,BE,False,0.0
2024,8,11,4242335,Jonathan Taylor,RB,2,RB,True,18.7
2024,8,11,4361741,Brock Purdy,QB,20,BE,False,28.0
2024,8,11,4430878,Jaxon Smith-Njigba,WR,4,WR,True,12.9
2024,8,11,8439,Aaron Rodgers,QB,0,QB,True,21.32
2024,8,11,4242355,Jake Ferguson,TE,20,BE,False,8.3
2024,8,11,4038941,Justin Herbert,QB,20,BE,False,31.060000000000002
2024,8,11,4426385,Zach Charbonnet,RB,20,BE,False,11.4
2024,8,11,2577327,Tyler Lockett,WR,23,FLEX,True,1.9
2024,8,11,4360569,Jordan Mason,RB,23,FLEX,True,1.8
2024,8,11,3128390,Allen Lazard,WR,20,BE,False,0.0
2024,8,11,2473037,Jason Myers,K,17,K,True,4.0
2024,8,11,4243331,Cade Otton,TE,6,TE,True,29.1
2024,8,11,-16007,Broncos D/ST,D/ST,16,D/ST,True,9.0
2024,8,11,4635008,Keon Coleman,WR,4,WR,True,18.0
2024,8,8,4430807,Bijan Robinson,RB,2,RB,True,23.6
2024,8,8,4262921,Justin Jefferson,WR,4,WR,True,19.5
2024,8,8,4426515,Puka Nacua,WR,21,IR,False,18.1
2024,8,8,3045147,James Conner,RB,2,RB,True,14.9
2024,8,8,4429084,Anthony Richardson,QB,20,BE,False,16.5
2024,8,8,4360248,Kyle Pitts,TE,6,TE,True,26.1
2024,8,8,3055899,Harrison Butker,K,17,K,True,10.0
2024,8,8,4362238,Chase Brown,RB,23,FLEX,True,11.399999999999999
2024,8,8,-16025,49ers D/ST,D/ST,16,D/ST,True,8.0
2024,8,8,4426388,Jameson Williams,WR,20,BE,False,0.0
2024,8,8,4361050,Isaiah Likely,TE,20,BE,False,8.7
2024,8,8,4373678,Khalil Shakir,WR,4,WR,True,19.9
2024,8,8,4048244,Alexander Mattison,RB,23,FLEX,True,9.4
2024,8,8,4360078,Alec Pierce,WR,20,BE,False,2.1
2024,8,8,3912547,Sam Darnold,QB,0,QB,True,22.2
2024,8,8,2576414,Raheem Mostert,RB,20,BE,False,16.0
2024,8,8,4360939,Rashod Bateman,WR,20,BE,False,3.8000000000000003
2024,8,9,16800,Davante Adams,WR,4,WR,True,9.4
2024,8,9,3915416,DJ Moore,WR,23,FLEX,True,5.4
2024,8,9,4432708,Marvin Harrison Jr.,WR,20,BE,False,23.1
2024,8,9,4426502,Drake London,WR,4,WR,True,7.4
2024,8,9,4379399,James Cook,RB,2,RB,True,28.3
2024,8,9,4426354,George Pickens,WR,20,BE,False,11.4
2024,8,9,4036378,Jordan Love,QB,0,QB,True,5.74
2024,8,9,4428557,Tyjae Spears,RB,20,BE,False,0.0
2024,8,9,3123076,David Njoku,TE,6,TE,True,17.1
2024,8,9,4241474,Brian Robinson Jr.,RB,23,FLEX,True,8.6
2024,8,9,4361579,Javonte Williams,RB,2,RB,True,9.200000000000001
2024,8,9,4569987,Jaylen Warren,RB,20,BE,False,7.9
2024,8,9,-16005,Browns D/ST,D/ST,16,D/ST,True,3.0
2024,8,9,4036133,T.J. Hockenson,TE,20,BE,False,0.0
2024,8,9,2971573,Ka'imi Fairbairn,K,17,K,True,11.0
2024,8,9,3122840,Deshaun Watson,QB,20,BE,False,0.0
2024,8,10,4361529,Isiah Pacheco,RB,21,IR,False,0.0
2024,8,10,15847,Travis Kelce,TE,6,TE,True,25.0
2024,8,10,3054850,Alvin Kamara,RB,2,RB,True,18.2
2024,8,10,4361370,Chris Olave,WR,20,BE,False,18.700000000000003
2024,8,10,4035687,Michael Pittman Jr.,WR,23,FLEX,True,2.6
2024,8,10,4569173,Rhamondre Stevenson,RB,23,FLEX,True,23.5
2024,8,10,4683062,Xavier Worthy,WR,4,WR,True,13.7
2024,8,10,3895856,Christian Kirk,WR,20,BE,False,7.9
2024,8,10,4426348,Jayden Daniels,QB,0,QB,True,27.240000000000002
2024,8,10,4040761,Devin Singletary,RB,20,BE,False,4.300000000000001
2024,8,10,3128429,Courtland Sutton,WR,4,WR,True,17.12
2024,8,10,4360234,Evan McPherson,K,17,K,True,4.0
2024,8,10,3915486,Tyler Conklin,TE,20,BE,False,13.2
2024,8,10,4360635,Chig Okonkwo,TE,20,BE,False,1.4000000000000001
2024,8,10,3059915,Kareem Hunt,RB,2,RB,True,13.3
2024,8,10,-16002,Bills D/ST,D/ST,16,D/ST,True,10.0
2024,8,10,4426338,Bo Nix,QB,20,BE,False,35.76
2024,8,5,4258173,Nico Collins,WR,20,BE,False,0.0
2024,8,5,4047365,Josh Jacobs,RB,2,RB,True,25.500000000000004
2024,8,5,3139477,Patrick Mahomes,QB,0,QB,True,22.18
2024,8,5,4567048,Kenneth Walker III,RB,2,RB,True,8.5
2024,8,5,3126486,Deebo Samuel Sr.,WR,4,WR,True,12.600000000000001
2024,8,5,3915511,Joe Burrow,QB,20,BE,False,14.86
2024,8,5,3917315,Kyler Murray,QB,20,BE,False,26.18
2024,8,5,4362249,Jayden Reed,WR,4,WR,True,7.5
2024,8,5,4432773,Brian Thomas Jr.,WR,23,FLEX,True,15.0
2024,8,5,4361411,Pat Freiermuth,TE,6,TE,True,3.9000000000000004
2024,8,5,4722893,Jaleel McLaughlin,RB,20,BE,False,12.6
2024,8,5,4040655,Darnell Mooney,WR,23,FLEX,True,18.6
2024,8,5,3049899,Younghoe Koo,K,17,K,True,6.0
2024,8,5,4240021,Cam Akers,RB,20,BE,False,0.0
2024,8,5,4685247,Braelon Allen,RB,20,BE,False,9.2
2024,8,5,-16033,Ravens D/ST,D/ST,16,D/ST,True,1.0
2024,8,3,3117251,Christian McCaffrey,RB,20,BE,False,0.0
2024,8,3,4697815,Rachaad White,RB,2,RB,True,15.700000000000001
2024,8,3,4429615,Zay Flowers,WR,4,WR,True,18.5
2024,8,3,4241478,DeVonta Smith,WR,4,WR,True,21.5
2024,8,3,4038524,Gardner Minshew,QB,20,BE,False,18.96
2024,8,3,4385690,Dalton Kincaid,TE,23,FLEX,True,13.1
2024,8,3,3068267,Austin Ekeler,RB,20,BE,False,7.800000000000001
2024,8,3,15795,DeAndre Hopkins,WR,23,FLEX,True,4.9
2024,8,3,3128720,Nick Chubb,RB,2,RB,True,5.2
2024,8,3,-16021,Eagles D/ST,D/ST,16,D/ST,True,8.0
2024,8,3,4429205,Jordan Addison,WR,20,BE,False,4.2
2024,8,3,4241372,Hollywood Brown,WR,21,IR,False,0.0
2024,8,3,4360310,Trevor Lawrence,QB,0,QB,True,27.32
2024,8,3,4038815,Rico Dowdle,RB,20,BE,False,0.0
2024,8,3,3046439,Hunter Henry,TE,6,TE,True,9.5
2024,8,3,-16017,Patriots D/ST,D/ST,20,BE,False,1.0
2024,8,3,3150744,Chase McLaughlin,K,17,K,True,8.0
2024,8,12,4569618,Garrett Wilson,WR,4,WR,True,16.3
2024,8,12,4430737,Kyren Williams,RB,2,RB,True,22.6
2024,8,12,4239996,Travis Etienne Jr.,RB,2,RB,True,0.0
2024,8,12,16737,Mike Evans,WR,21,IR,False,0.0
2024,8,12,3925357,Calvin Ridley,WR,23,FLEX,True,22.6
2024,8,12,3051876,Evan Engram,TE,6,TE,True,13.6
2024,8,12,3916433,Jakobi Meyers,WR,23,FLEX,True,17.2
2024,8,12,4596448,Bucky Irving,RB,20,BE,False,15.4
2024,8,12,2976499,Amari Cooper,WR,4,WR,True,1.3
2024,8,12,3046779,Jared Goff,QB,0,QB,True,21.5
2024,8,12,-16009,Packers D/ST,D/ST,16,D/ST,True,5.0
2024,8,12,4430871,Sean Tucker,RB,20,BE,False,2.5
2024,8,12,4038441,Justice Hill,RB,20,BE,False,2.9000000000000004
2024,8,12,15835,Zach Ertz,TE,20,BE,False,14.7
2024,8,12,4362887,Justin Fields,QB,20,BE,False,0.0
2024,8,12,4430834,Jalen McMillan,WR,20,BE,False,9.2
2024,8,12,17372,Chris Boswell,K,17,K,True,14.0
2024,9,6,3116406,Tyreek Hill,WR,4,WR,True,12.0
2024,9,6,4241457,Najee Harris,RB,20,BE,False,0.0
2024,9,6,4372016,Jaylen Waddle,WR,4,WR,True,7.6
2024,9,6,4361307,Trey McBride,TE,6,TE,True,12.7
2024,9,6,3916148,Tony Pollard,RB,2,RB,True,18.400000000000002
2024,9,6,3042519,Aaron Jones,RB,2,RB,True,12.200000000000001
2024,9,6,3121023,Dallas Goedert,TE,21,IR,False,0.0
2024,9,6,3932905,Diontae Johnson,WR,20,BE,False,0.0
2024,9,6,4612826,Ladd McConkey,WR,23,FLEX,True,11.4
2024,9,6,4362081,Cameron Dicker,K,17,K,True,1.0
2024,9,6,4241479,Tua Tagovailoa,QB,0,QB,True,21.54
2024,9,6,-16012,Chiefs D/ST,D/ST,16,D/ST,True,4.0
2024,9,6,14881,Russell Wilson,QB,20,BE,False,0.0
2024,9,6,2468609,Taysom Hill,TE,20,BE,False,16.0
2024,9,6,4045163,Miles Sanders,RB,20,BE,False,1.0
2024,9,6,4242431,Ty Chandler,RB,20,BE,False,0.0
2024,9,6,4430034,Xavier Legette,WR,23,FLEX,True,13.9
2024,9,2,4374302,Amon-Ra St. Brown,WR,4,WR,True,18.6
2024,9,2,4429795,Jahmyr Gibbs,RB,2,RB,True,14.6
2024,9,2,2976212,Stefon Diggs,WR,20,BE,False,0.0
2024,9,2,4040715,Jalen Hurts,QB,0,QB,True,33.9
2024,9,2,3116365,Mark Andrews,TE,6,TE,True,4.6
2024,9,2,4241416,Chuba Hubbard,RB,2,RB,True,21.2
2024,9,2,14993,Greg Zuerlein,K,20,BE,False,0.0
2024,9,2,4241463,Jerry Jeudy,WR,4,WR,True,14.3
2024,9,2,4429275,Trey Benson,RB,20,BE,False,12.5
2024,9,2,3052587,Baker Mayfield,QB,20,BE,False,22.0
2024,9,2,4689936,Jake Bates,K,17,K,True,6.0
2024,9,2,4427095,DeMario Douglas,WR,23,FLEX,True,10.5
2024,9,2,4429501,Ray Davis,RB,20,BE,False,20.0
2024,9,2,4429023,MarShawn Lloyd,RB,21,IR,False,0.0
2024,9,2,-16016,Vikings D/ST,D/ST,20,BE,False,12.0
2024,9,2,-16034,Texans D/ST,D/ST,16,D/ST,True,4.0
2024,9,2,4430834,Jalen McMillan,WR,23,FLEX,True,0.0
2024,9,1,3043078,Derrick Henry,RB,2,RB,True,26.3
2024,9,1,3116385,Joe Mixon,RB,2,RB,True,16.6
2024,9,1,4595348,Malik Nabers,WR,4,WR,True,14.9
2024,9,1,4430027,Sam LaPorta,TE,20,BE,False,4.800000000000001
2024,9,1,4239993,Tee Higgins,WR,20,BE,False,0.0
2024,9,1,4259545,D'Andre Swift,RB,23,FLEX,True,14.200000000000001
2024,9,1,4432577,C.J. Stroud,QB,0,QB,True,11.540000000000001
2024,9,1,4366031,Tank Dell,WR,4,WR,True,18.6
2024,9,1,4035538,David Montgomery,RB,23,FLEX,True,12.600000000000001
2024,9,1,4241985,J.K. Dobbins,RB,20,BE,False,24.5
2024,9,1,4432665,Brock Bowers,TE,6,TE,True,15.5
2024,9,1,-16023,Steelers D/ST,D/ST,20,BE,False,0.0
2024,9,1,4360797,Tutu Atwell,WR,20,BE,False,2.6
2024,9,1,4431611,Caleb Williams,QB,20,BE,False,9.18
2024,9,1,3821683,Austin Seibert,K,17,K,True,9.0
2024,9,1,-16010,Titans D/ST,D/ST,16,D/ST,True,13.0
2024,9,7,4427366,Breece Hall,RB,2,RB,True,10.5
2024,9,7,4241389,CeeDee Lamb,WR,4,WR,True,16.2
2024,9,7,4362628,Ja'Marr Chase,WR,4,WR,True,11.3
2024,9,7,3121422,Terry McLaurin,WR,23,FLEX,True,15.9
2024,9,7,4035676,Zack Moss,RB,21,IR,False,0.0
2024,9,7,4258595,Cole Kmet,TE,20,BE,False,0.0
2024,9,7,4572680,Tucker Kraft,TE,6,TE,True,7.6000000000000005
2024,9,7,14880,Kirk Cousins,QB,0,QB,True,23.78
2024,9,7,-16003,Bears D/ST,D/ST,20,BE,False,7.0
2024,9,7,4373626,Tyler Allgeier,RB,2,RB,True,7.8
2024,9,7,-16020,Jets D/ST,D/ST,16,D/ST,True,13.0
2024,9,7,4567104,Will Reichard,K,17,K,True,1.0
2024,9,7,4361432,Romeo Doubs,WR,23,FLEX,True,6.800000000000001
2024,9,7,4369863,Cedric Tillman,WR,20,BE,False,19.5
2024,9,7,12483,Matthew Stafford,QB,20,BE,False,21.92
2024,9,7,3116593,Dalvin Cook,RB,20,BE,False,0.8
2024,9,7,3127586,Jeremy McNichols,RB,20,BE,False,2.0
2024,9,4,4047646,A.J. Brown,WR,4,WR,True,5.6
2024,9,4,2977187,Cooper Kupp,WR,23,FLEX,True,21.4
2024,9,4,3918298,Josh Allen,QB,20,BE,False,31.1
2024,9,4,4429160,De'Von Achane,RB,2,RB,True,32.1
2024,9,4,3916387,Lamar Jackson,QB,0,QB,True,32.6
2024,9,4,3040151,George Kittle,TE,20,BE,False,0.0
2024,9,4,3051392,Ezekiel Elliott,RB,20,BE,False,0.0
2024,9,4,15683,Justin Tucker,K,17,K,True,11.0
2024,9,4,4372019,Jerome Ford,RB,20,BE,False,1.7
2024,9,4,4431299,Rome Odunze,WR,23,FLEX,True,15.4
2024,9,4,4569587,Wan'Dale Robinson,WR,4,WR,True,4.0
2024,9,4,4360516,Tyrone Tracy Jr.,RB,2,RB,True,7.9
2024,9,4,4429013,Tank Bigsby,RB,20,BE,False,2.2
2024,9,4,3886598,Jauan Jennings,WR,21,IR,False,0.0
2024,9,4,4243537,Gabe Davis,WR,20,BE,False,0.0
2024,9,4,-16024,Chargers D/ST,D/ST,16,D/ST,True,19.0
2024,9,4,3054212,Jonnu Smith,TE,6,TE,True,9.600000000000001
2024,9,8,4430807,Bijan Robinson,RB,2,RB,True,21.5
2024,9,8,4262921,Justin Jefferson,WR,4,WR,True,21.580000000000002
2024,9,8,4426515,Puka Nacua,WR,4,WR,True,2.1
2024,9,8,3045147,James Conner,RB,2,RB,True,14.900000000000002
2024,9,8,4360248,Kyle Pitts,TE,6,TE,True,2.1
2024,9,8,3055899,Harrison Butker,K,17,K,True,7.0
2024,9,8,4362238,Chase Brown,RB,23,FLEX,True,26.7
2024,9,8,-16025,49ers D/ST,D/ST,20,BE,False,0.0
2024,9,8,4426388,Jameson Williams,WR,20,BE,False,0.0
2024,9,8,4361050,Isaiah Likely,TE,20,BE,False,0.0
2024,9,8,4373678,Khalil Shakir,WR,23,FLEX,True,11.0
2024,9,8,4048244,Alexander Mattison,RB,20,BE,False,3.6
2024,9,8,4360078,Alec Pierce,WR,20,BE,False,7.1000000000000005
2024,9,8,3912547,Sam Darnold,QB,0,QB,True,25.0
2024,9,8,2576414,Raheem Mostert,RB,20,BE,False,8.8
2024,9,8,-16004,Bengals D/ST,D/ST,16,D/ST,True,11.0
2024,9,11,3929630,Saquon Barkley,RB,2,RB,True,32.9
2024,9,11,4047650,DK Metcalf,WR,20,BE,False,0.0
2024,9,11,4242335,Jonathan Taylor,RB,2,RB,True,8.9
2024,9,11,4361741,Brock Purdy,QB,20,BE,False,0.0
2024,9,11,4430878,Jaxon Smith-Njigba,WR,4,WR,True,37.0
2024,9,11,4242355,Jake Ferguson,TE,23,FLEX,True,14.100000000000001
2024,9,11,4038941,Justin Herbert,QB,0,QB,True,26.479999999999997
2024,9,11,4426385,Zach Charbonnet,RB,20,BE,False,5.3
2024,9,11,2577327,Tyler Lockett,WR,23,FLEX,True,15.3
2024,9,11,4360569,Jordan Mason,RB,20,BE,False,0.0
2024,9,11,4243331,Cade Otton,TE,6,TE,True,21.7
2024,9,11,-16007,Broncos D/ST,D/ST,20,BE,False,-2.0
2024,9,11,4635008,Keon Coleman,WR,4,WR,True,5.1
2024,9,11,-16028,Commanders D/ST,D/ST,16,D/ST,True,4.0
2024,9,11,3917232,Tyler Bass,K,17,K,True,14.0
2024,9,11,4360939,Rashod Bateman,WR,20,BE,False,5.5
2024,9,10,4361529,Isiah Pacheco,RB,21,IR,False,0.0
2024,9,10,15847,Travis Kelce,TE,6,TE,True,22.0
2024,9,10,3054850,Alvin Kamara,RB,2,RB,True,27.5
2024,9,10,4361370,Chris Olave,WR,20,BE,False,2.3
2024,9,10,4035687,Michael Pittman Jr.,WR,23,FLEX,True,2.4000000000000004
2024,9,10,4569173,Rhamondre Stevenson,RB,23,FLEX,True,22.400000000000002
2024,9,10,4683062,Xavier Worthy,WR,4,WR,True,-1.0
2024,9,10,3895856,Christian Kirk,WR,20,BE,False,0.0
2024,9,10,4426348,Jayden Daniels,QB,0,QB,True,23.86
2024,9,10,4040761,Devin Singletary,RB,20,BE,False,3.3000000000000003
2024,9,10,3128429,Courtland Sutton,WR,4,WR,True,25.28
2024,9,10,4360234,Evan McPherson,K,17,K,True,12.0
2024,9,10,3915486,Tyler Conklin,TE,20,BE,False,0.7
2024,9,10,4360635,Chig Okonkwo,TE,20,BE,False,6.800000000000001
2024,9,10,3059915,Kareem Hunt,RB,2,RB,True,18.700000000000003
2024,9,10,-16002,Bills D/ST,D/ST,16,D/ST,True,3.0
2024,9,10,4426338,Bo Nix,QB,20,BE,False,17.72
2024,9,9,16800,Davante Adams,WR,23,FLEX,True,22.1
2024,9,9,3915416,DJ Moore,WR,4,WR,True,7.300000000000001
2024,9,9,4432708,Marvin Harrison Jr.,WR,23,FLEX,True,3.4000000000000004
2024,9,9,4426502,Drake London,WR,4,WR,True,10.7
2024,9,9,4379399,James Cook,RB,2,RB,True,11.9
2024,9,9,4426354,George Pickens,WR,20,BE,False,0.0
2024,9,9,4036378,Jordan Love,QB,0,QB,True,10.92
2024,9,9,4428557,Tyjae Spears,RB,20,BE,False,0.0
2024,9,9,3123076,David Njoku,TE,6,TE,True,7.9
2024,9,9,4241474,Brian Robinson Jr.,RB,2,RB,True,0.0
2024,9,9,4361579,Javonte Williams,RB,20,BE,False,10.4
2024,9,9,4569987,Jaylen Warren,RB,20,BE,False,0.0
2024,9,9,-16005,Browns D/ST,D/ST,16,D/ST,True,6.0
2024,9,9,4036133,T.J. Hockenson,TE,20,BE,False,5.7
2024,9,9,2971573,Ka'imi Fairbairn,K,17,K,True,7.0
2024,9,9,3122840,Deshaun Watson,QB,20,BE,False,0.0
2024,9,3,3117251,Christian McCaffrey,RB,20,BE,False,0.0
2024,9,3,4697815,Rachaad White,RB,2,RB,True,12.5
2024,9,3,4429615,Zay Flowers,WR,4,WR,True,32.7
2024,9,3,4241478,DeVonta Smith,WR,4,WR,True,18.700000000000003
2024,9,3,4038524,Gardner Minshew,QB,20,BE,False,2.96
2024,9,3,4385690,Dalton Kincaid,TE,23,FLEX,True,7.2
2024,9,3,3068267,Austin Ekeler,RB,20,BE,False,17.3
2024,9,3,15795,DeAndre Hopkins,WR,23,FLEX,True,28.6
2024,9,3,3128720,Nick Chubb,RB,2,RB,True,4.5
2024,9,3,-16021,Eagles D/ST,D/ST,16,D/ST,True,11.0
2024,9,3,4429205,Jordan Addison,WR,20,BE,False,16.1
2024,9,3,4241372,Hollywood Brown,WR,21,IR,False,0.0
2024,9,3,4360310,Trevor Lawrence,QB,0,QB,True,19.560000000000002
2024,9,3,4038815,Rico Dowdle,RB,20,BE,False,21.7
2024,9,3,3046439,Hunter Henry,TE,6,TE,True,12.600000000000001
2024,9,3,-16017,Patriots D/ST,D/ST,20,BE,False,1.0
2024,9,3,3150744,Chase McLaughlin,K,17,K,True,7.0
2024,9,5,4258173,Nico Collins,WR,20,BE,False,0.0
2024,9,5,4047365,Josh Jacobs,RB,2,RB,True,12.8
2024,9,5,3139477,Patrick Mahomes,QB,20,BE,False,30.54
2024,9,5,4567048,Kenneth Walker III,RB,2,RB,True,13.700000000000001
2024,9,5,3126486,Deebo Samuel Sr.,WR,20,BE,False,0.0
2024,9,5,3915511,Joe Burrow,QB,0,QB,True,40.14
2024,9,5,3917315,Kyler Murray,QB,20,BE,False,4.76
2024,9,5,4362249,Jayden Reed,WR,4,WR,True,16.3
2024,9,5,4432773,Brian Thomas Jr.,WR,23,FLEX,True,6.2
2024,9,5,4722893,Jaleel McLaughlin,RB,23,FLEX,True,5.0
2024,9,5,4040655,Darnell Mooney,WR,4,WR,True,19.8
2024,9,5,3049899,Younghoe Koo,K,17,K,True,3.0
2024,9,5,4240021,Cam Akers,RB,20,BE,False,7.300000000000001
2024,9,5,4685247,Braelon Allen,RB,20,BE,False,0.9
2024,9,5,-16033,Ravens D/ST,D/ST,16,D/ST,True,9.0
2024,9,5,4240472,Noah Gray,TE,6,TE,True,0.0
2024,9,12,4569618,Garrett Wilson,WR,4,WR,True,30.0
2024,9,12,4430737,Kyren Williams,RB,2,RB,True,10.5
2024,9,12,4239996,Travis Etienne Jr.,RB,2,RB,True,5.0
2024,9,12,16737,Mike Evans,WR,21,IR,False,0.0
2024,9,12,3925357,Calvin Ridley,WR,23,FLEX,True,12.3
2024,9,12,3051876,Evan Engram,TE,6,TE,True,11.5
2024,9,12,3916433,Jakobi Meyers,WR,4,WR,True,18.5
2024,9,12,4596448,Bucky Irving,RB,20,BE,False,6.4
2024,9,12,2976499,Amari Cooper,WR,20,BE,False,0.0
2024,9,12,3046779,Jared Goff,QB,20,BE,False,11.6
2024,9,12,-16009,Packers D/ST,D/ST,16,D/ST,True,3.0
2024,9,12,4038441,Justice Hill,RB,20,BE,False,8.8
2024,9,12,15835,Zach Ertz,TE,20,BE,False,1.5
2024,9,12,17372,Chris Boswell,K,20,BE,False,0.0
2024,9,12,4688813,Josh Downs,WR,23,FLEX,True,12.0
2024,9,12,2577417,Dak Prescott,QB,0,QB,True,14.32
2024,9,12,2985659,Wil Lutz,K,17,K,True,4.0
2024,10,2,4374302,Amon-Ra St. Brown,WR,4,WR,True,18.0
2024,10,2,4429795,Jahmyr Gibbs,RB,2,RB,True,12.8
2024,10,2,2976212,Stefon Diggs,WR,21,IR,False,0.0
2024,10,2,4040715,Jalen Hurts,QB,0,QB,True,33.68
2024,10,2,3116365,Mark Andrews,TE,6,TE,True,18.8
2024,10,2,4241416,Chuba Hubbard,RB,2,RB,True,24.900000000000002
2024,10,2,4241463,Jerry Jeudy,WR,20,BE,False,0.0
2024,10,2,4429275,Trey Benson,RB,20,BE,False,10.7
2024,10,2,3052587,Baker Mayfield,QB,20,BE,False,10.94
2024,10,2,4427095,DeMario Douglas,WR,23,FLEX,True,9.0
2024,10,2,4429501,Ray Davis,RB,23,FLEX,True,0.6000000000000001
2024,10,2,-16016,Vikings D/ST,D/ST,16,D/ST,True,16.0
2024,10,2,-16034,Texans D/ST,D/ST,20,BE,False,10.0
2024,10,2,4430834,Jalen McMillan,WR,4,WR,True,0.0
2024,10,2,3050478,Jake Elliott,K,20,BE,False,10.0
2024,10,2,4689936,Jake Bates,K,17,K,True,12.0
2024,10,7,4427366,Breece Hall,RB,2,RB,True,12.299999999999999
2024,10,7,4241389,CeeDee Lamb,WR,23,FLEX,True,8.4
2024,10,7,4362628,Ja'Marr Chase,WR,4,WR,True,63.400000000000006
2024,10,7,3121422,Terry McLaurin,WR,4,WR,True,16.3
2024,10,7,4258595,Cole Kmet,TE,6,TE,True,3.3
2024,10,7,4572680,Tucker Kraft,TE,20,BE,False,0.0
2024,10,7,14880,Kirk Cousins,QB,0,QB,True,10.24
2024,10,7,-16003,Bears D/ST,D/ST,16,D/ST,True,3.0
2024,10,7,4373626,Tyler Allgeier,RB,2,RB,True,5.9
2024,10,7,4361432,Romeo Doubs,WR,20,BE,False,0.0
2024,10,7,4369863,Cedric Tillman,WR,20,BE,False,0.0
2024,10,7,12483,Matthew Stafford,QB,20,BE,False,9.72
2024,10,7,3116164,Mike Gesicki,TE,23,FLEX,True,7.0
2024,10,7,3953687,Brandon Aubrey,K,17,K,True,7.0
2024,10,7,4035886,Khalil Herbert,RB,20,BE,False,0.0
2024,10,8,4430807,Bijan Robinson,RB,2,RB,True,29.400000000000002
2024,10,8,4262921,Justin Jefferson,WR,4,WR,True,9.8
2024,10,8,4426515,Puka Nacua,WR,4,WR,True,18.8
2024,10,8,3045147,James Conner,RB,2,RB,True,22.3
2024,10,8,4360248,Kyle Pitts,TE,6,TE,True,9.5
2024,10,8,3055899,Harrison Butker,K,17,K,True,10.0
2024,10,8,4362238,Chase Brown,RB,23,FLEX,True,22.4
2024,10,8,-16025,49ers D/ST,D/ST,16,D/ST,True,4.0
2024,10,8,4426388,Jameson Williams,WR,23,FLEX,True,8.3
2024,10,8,4361050,Isaiah Likely,TE,20,BE,False,0.0
2024,10,8,4373678,Khalil Shakir,WR,20,BE,False,11.8
2024,10,8,4048244,Alexander Mattison,RB,20,BE,False,0.0
2024,10,8,4360078,Alec Pierce,WR,20,BE,False,18.1
2024,10,8,3912547,Sam Darnold,QB,0,QB,True,6.440000000000001
2024,10,8,2576414,Raheem Mostert,RB,20,BE,False,5.4
2024,10,6,3116406,Tyreek Hill,WR,4,WR,True,11.7
2024,10,6,4241457,Najee Harris,RB,2,RB,True,11.3
2024,10,6,4372016,Jaylen Waddle,WR,20,BE,False,8.6
2024,10,6,4361307,Trey McBride,TE,6,TE,True,11.100000000000001
2024,10,6,3916148,Tony Pollard,RB,23,FLEX,True,10.3
2024,10,6,3042519,Aaron Jones,RB,2,RB,True,12.100000000000001
2024,10,6,3121023,Dallas Goedert,TE,20,BE,False,10.5
2024,10,6,3932905,Diontae Johnson,WR,20,BE,False,1.6
2024,10,6,4612826,Ladd McConkey,WR,23,FLEX,True,7.2
2024,10,6,4362081,Cameron Dicker,K,17,K,True,9.0
2024,10,6,4241479,Tua Tagovailoa,QB,0,QB,True,10.18
2024,10,6,-16012,Chiefs D/ST,D/ST,16,D/ST,True,7.0
2024,10,6,2468609,Taysom Hill,TE,20,BE,False,7.0
2024,10,6,4426386,Roschon Johnson,RB,20,BE,False,1.1
2024,10,6,4426354,George Pickens,WR,4,WR,True,20.5
2024,10,6,3116389,Samaje Perine,RB,20,BE,False,5.7
2024,10,10,4361529,Isiah Pacheco,RB,21,IR,False,0.0
2024,10,10,15847,Travis Kelce,TE,6,TE,True,20.4
2024,10,10,3054850,Alvin Kamara,RB,2,RB,True,15.9
2024,10,10,4361370,Chris Olave,WR,20,BE,False,0.0
2024,10,10,4035687,Michael Pittman Jr.,WR,23,FLEX,True,0.0
2024,10,10,4569173,Rhamondre Stevenson,RB,23,FLEX,True,8.700000000000001
2024,10,10,4683062,Xavier Worthy,WR,4,WR,True,2.1
2024,10,10,3895856,Christian Kirk,WR,20,BE,False,0.0
2024,10,10,4426348,Jayden Daniels,QB,0,QB,True,8.58
2024,10,10,4040761,Devin Singletary,RB,20,BE,False,5.5
2024,10,10,3128429,Courtland Sutton,WR,4,WR,True,19.0
2024,10,10,4360234,Evan McPherson,K,17,K,True,4.0
2024,10,10,3915486,Tyler Conklin,TE,20,BE,False,1.8
2024,10,10,4360635,Chig Okonkwo,TE,20,BE,False,2.4000000000000004
2024,10,10,3059915,Kareem Hunt,RB,2,RB,True,17.0
2024,10,10,-16002,Bills D/ST,D/ST,16,D/ST,True,18.0
2024,10,10,4426338,Bo Nix,QB,20,BE,False,20.1
2024,10,1,3043078,Derrick Henry,RB,2,RB,True,14.100000000000001
2024,10,1,3116385,Joe Mixon,RB,2,RB,True,17.0
2024,10,1,4595348,Malik Nabers,WR,4,WR,True,10.8
2024,10,1,4430027,Sam LaPorta,TE,6,TE,True,15.600000000000001
2024,10,1,4239993,Tee Higgins,WR,20,BE,False,0.0
2024,10,1,4259545,D'Andre Swift,RB,23,FLEX,True,7.5
2024,10,1,4432577,C.J. Stroud,QB,0,QB,True,11.78
2024,10,1,4366031,Tank Dell,WR,4,WR,True,8.3
2024,10,1,4035538,David Montgomery,RB,23,FLEX,True,12.6
2024,10,1,4241985,J.K. Dobbins,RB,20,BE,False,8.5
2024,10,1,4432665,Brock Bowers,TE,20,BE,False,0.0
2024,10,1,-16023,Steelers D/ST,D/ST,20,BE,False,7.0
2024,10,1,4431611,Caleb Williams,QB,20,BE,False,6.3
2024,10,1,3821683,Austin Seibert,K,20,BE,False,0.0
2024,10,1,-16001,Falcons D/ST,D/ST,16,D/ST,True,0.0
2024,10,1,17427,Cairo Santos,K,17,K,True,3.0
2024,10,3,3117251,Christian McCaffrey,RB,2,RB,True,16.700000000000003
2024,10,3,4697815,Rachaad White,RB,20,BE,False,19.0
2024,10,3,4429615,Zay Flowers,WR,4,WR,True,7.4
2024,10,3,4241478,DeVonta Smith,WR,4,WR,True,3.4000000000000004
2024,10,3,4385690,Dalton Kincaid,TE,6,TE,True,4.4
2024,10,3,3068267,Austin Ekeler,RB,2,RB,True,18.099999999999998
2024,10,3,15795,DeAndre Hopkins,WR,23,FLEX,True,9.600000000000001
2024,10,3,3128720,Nick Chubb,RB,20,BE,False,0.0
2024,10,3,-16021,Eagles D/ST,D/ST,16,D/ST,True,21.0
2024,10,3,4429205,Jordan Addison,WR,20,BE,False,4.9
2024,10,3,4241372,Hollywood Brown,WR,21,IR,False,0.0
2024,10,3,4360310,Trevor Lawrence,QB,20,BE,False,0.0
2024,10,3,4038815,Rico Dowdle,RB,23,FLEX,True,8.600000000000001
2024,10,3,3046439,Hunter Henry,TE,20,BE,False,2.4000000000000004
2024,10,3,-16017,Patriots D/ST,D/ST,20,BE,False,17.0
2024,10,3,3150744,Chase McLaughlin,K,17,K,True,8.0
2024,10,3,11252,Joe Flacco,QB,0,QB,True,14.880000000000003
2024,10,4,4047646,A.J. Brown,WR,4,WR,True,15.9
2024,10,4,2977187,Cooper Kupp,WR,23,FLEX,True,15.0
2024,10,4,3918298,Josh Allen,QB,20,BE,False,18.200000000000003
2024,10,4,4429160,De'Von Achane,RB,2,RB,True,10.2
2024,10,4,3916387,Lamar Jackson,QB,0,QB,True,43.9
2024,10,4,3040151,George Kittle,TE,6,TE,True,14.7
2024,10,4,3051392,Ezekiel Elliott,RB,20,BE,False,0.20000000000000018
2024,10,4,15683,Justin Tucker,K,17,K,True,2.0
2024,10,4,4372019,Jerome Ford,RB,20,BE,False,0.0
2024,10,4,4431299,Rome Odunze,WR,23,FLEX,True,5.300000000000001
2024,10,4,4569587,Wan'Dale Robinson,WR,4,WR,True,10.100000000000001
2024,10,4,4360516,Tyrone Tracy Jr.,RB,2,RB,True,15.4
2024,10,4,4429013,Tank Bigsby,RB,20,BE,False,0.4
2024,10,4,3886598,Jauan Jennings,WR,21,IR,False,16.3
2024,10,4,4243537,Gabe Davis,WR,20,BE,False,2.9000000000000004
2024,10,4,-16024,Chargers D/ST,D/ST,16,D/ST,True,10.0
2024,10,4,3054212,Jonnu Smith,TE,20,BE,False,7.5
2024,10,12,4569618,Garrett Wilson,WR,4,WR,True,9.100000000000001
2024,10,12,4430737,Kyren Williams,RB,2,RB,True,11.2
2024,10,12,4239996,Travis Etienne Jr.,RB,2,RB,True,5.300000000000001
2024,10,12,16737,Mike Evans,WR,21,IR,False,0.0
2024,10,12,3925357,Calvin Ridley,WR,23,FLEX,True,26.4
2024,10,12,3051876,Evan Engram,TE,6,TE,True,10.0
2024,10,12,3916433,Jakobi Meyers,WR,20,BE,False,0.0
2024,10,12,4596448,Bucky Irving,RB,23,FLEX,True,17.7
2024,10,12,2976499,Amari Cooper,WR,20,BE,False,0.0
2024,10,12,3046779,Jared Goff,QB,0,QB,True,11.799999999999997
2024,10,12,-16009,Packers D/ST,D/ST,20,BE,False,0.0
2024,10,12,4038441,Justice Hill,RB,20,BE,False,1.8
2024,10,12,15835,Zach Ertz,TE,20,BE,False,7.1
2024,10,12,17372,Chris Boswell,K,17,K,True,4.0
2024,10,12,4688813,Josh Downs,WR,4,WR,True,14.2
2024,10,12,8439,Aaron Rodgers,QB,20,BE,False,4.04
2024,10,12,-16019,Giants D/ST,D/ST,16,D/ST,True,3.0
2024,10,11,3929630,Saquon Barkley,RB,2,RB,True,8.8
2024,10,11,4047650,DK Metcalf,WR,20,BE,False,0.0
2024,10,11,4242335,Jonathan Taylor,RB,2,RB,True,14.200000000000001
2024,10,11,4361741,Brock Purdy,QB,0,QB,True,28.82
2024,10,11,4430878,Jaxon Smith-Njigba,WR,20,BE,False,0.0
2024,10,11,4242355,Jake Ferguson,TE,23,FLEX,True,4.4
2024,10,11,4038941,Justin Herbert,QB,20,BE,False,21.759999999999998
2024,10,11,4426385,Zach Charbonnet,RB,20,BE,False,0.0
2024,10,11,2577327,Tyler Lockett,WR,20,BE,False,0.0
2024,10,11,4360569,Jordan Mason,RB,23,FLEX,True,0.5
2024,10,11,4243331,Cade Otton,TE,6,TE,True,8.5
2024,10,11,-16007,Broncos D/ST,D/ST,20,BE,False,5.0
2024,10,11,3917232,Tyler Bass,K,17,K,True,13.0
2024,10,11,-16008,Lions D/ST,D/ST,16,D/ST,True,10.0
2024,10,11,4429025,Quentin Johnston,WR,4,WR,True,10.4
2024,10,11,4430034,Xavier Legette,WR,4,WR,True,7.0
2024,10,5,4258173,Nico Collins,WR,20,BE,False,0.0
2024,10,5,4047365,Josh Jacobs,RB,20,BE,False,0.0
2024,10,5,3139477,Patrick Mahomes,QB,20,BE,False,18.54
2024,10,5,4567048,Kenneth Walker III,RB,20,BE,False,0.0
2024,10,5,3126486,Deebo Samuel Sr.,WR,4,WR,True,12.600000000000001
2024,10,5,3915511,Joe Burrow,QB,0,QB,True,49.72
2024,10,5,3917315,Kyler Murray,QB,20,BE,False,30.740000000000002
2024,10,5,4362249,Jayden Reed,WR,20,BE,False,0.0
2024,10,5,4432773,Brian Thomas Jr.,WR,23,FLEX,True,3.2
2024,10,5,4722893,Jaleel McLaughlin,RB,23,FLEX,True,1.2000000000000002
2024,10,5,4040655,Darnell Mooney,WR,4,WR,True,14.600000000000001
2024,10,5,3049899,Younghoe Koo,K,17,K,True,2.0
2024,10,5,4240021,Cam Akers,RB,2,RB,True,5.700000000000001
2024,10,5,4685247,Braelon Allen,RB,2,RB,True,4.4
2024,10,5,-16033,Ravens D/ST,D/ST,16,D/ST,True,0.0
2024,10,5,3929645,Juwan Johnson,TE,6,TE,True,4.2
2024,10,9,16800,Davante Adams,WR,4,WR,True,9.1
2024,10,9,3915416,DJ Moore,WR,23,FLEX,True,5.7
2024,10,9,4432708,Marvin Harrison Jr.,WR,23,FLEX,True,16.4
2024,10,9,4426502,Drake London,WR,4,WR,True,17.700000000000003
2024,10,9,4379399,James Cook,RB,2,RB,True,15.5
2024,10,9,4036378,Jordan Love,QB,20,BE,False,0.0
2024,10,9,4428557,Tyjae Spears,RB,20,BE,False,8.1
2024,10,9,3123076,David Njoku,TE,20,BE,False,0.0
2024,10,9,4241474,Brian Robinson Jr.,RB,2,RB,True,0.0
2024,10,9,4361579,Javonte Williams,RB,20,BE,False,2.7
2024,10,9,4569987,Jaylen Warren,RB,20,BE,False,9.5
2024,10,9,-16005,Browns D/ST,D/ST,16,D/ST,True,0.0
2024,10,9,4036133,T.J. Hockenson,TE,6,TE,True,15.2
2024,10,9,2971573,Ka'imi Fairbairn,K,17,K,True,12.0
2024,10,9,3122840,Deshaun Watson,QB,20,BE,False,0.0
2024,10,9,14881,Russell Wilson,QB,0,QB,True,24.1
2024,11,8,4430807,Bijan Robinson,RB,2,RB,True,10.3
2024,11,8,4262921,Justin Jefferson,WR,4,WR,True,14.1
2024,11,8,4426515,Puka Nacua,WR,4,WR,True,25.3
2024,11,8,3045147,James Conner,RB,20,BE,False,0.0
2024,11,8,4360248,Kyle Pitts,TE,6,TE,True,1.9
2024,11,8,3055899,Harrison Butker,K,21,IR,False,0.0
2024,11,8,4362238,Chase Brown,RB,2,RB,True,19.3
2024,11,8,-16025,49ers D/ST,D/ST,16,D/ST,True,8.0
2024,11,8,4426388,Jameson Williams,WR,20,BE,False,25.6
2024,11,8,4361050,Isaiah Likely,TE,20,BE,False,9.5
2024,11,8,4373678,Khalil Shakir,WR,23,FLEX,True,15.0
2024,11,8,4048244,Alexander Mattison,RB,23,FLEX,True,9.9
2024,11,8,4360078,Alec Pierce,WR,20,BE,False,10.4
2024,11,8,3912547,Sam Darnold,QB,0,QB,True,28.64
2024,11,8,2576414,Raheem Mostert,RB,20,BE,False,-0.2
2024,11,8,4372066,Jake Moody,K,17,K,True,5.0
2024,11,8,4429084,Anthony Richardson,QB,20,BE,False,30.08
2024,11,2,4374302,Amon-Ra St. Brown,WR,4,WR,True,38.7
2024,11,2,4429795,Jahmyr Gibbs,RB,2,RB,True,19.3
2024,11,2,2976212,Stefon Diggs,WR,21,IR,False,0.0
2024,11,2,4040715,Jalen Hurts,QB,0,QB,True,18.740000000000002
2024,11,2,3116365,Mark Andrews,TE,6,TE,True,4.2
2024,11,2,4241416,Chuba Hubbard,RB,20,BE,False,0.0
2024,11,2,4241463,Jerry Jeudy,WR,4,WR,True,29.200000000000003
2024,11,2,4429275,Trey Benson,RB,20,BE,False,0.0
2024,11,2,3052587,Baker Mayfield,QB,20,BE,False,0.0
2024,11,2,4427095,DeMario Douglas,WR,23,FLEX,True,9.9
2024,11,2,4429501,Ray Davis,RB,23,FLEX,True,1.1
2024,11,2,-16016,Vikings D/ST,D/ST,16,D/ST,True,12.0
2024,11,2,-16034,Texans D/ST,D/ST,20,BE,False,18.0
2024,11,2,4430834,Jalen McMillan,WR,20,BE,False,0.0
2024,11,2,3050478,Jake Elliott,K,20,BE,False,5.0
2024,11,2,4689936,Jake Bates,K,17,K,True,12.0
2024,11,2,3116389,Samaje Perine,RB,2,RB,True,2.8
2024,11,7,4427366,Breece Hall,RB,2,RB,True,31.1
2024,11,7,4241389,CeeDee Lamb,WR,23,FLEX,True,18.6
2024,11,7,4362628,Ja'Marr Chase,WR,4,WR,True,26.5
2024,11,7,3121422,Terry McLaurin,WR,4,WR,True,2.0
2024,11,7,4258595,Cole Kmet,TE,20,BE,False,7.2
2024,11,7,4572680,Tucker Kraft,TE,6,TE,True,0.0
2024,11,7,14880,Kirk Cousins,QB,0,QB,True,4.92
2024,11,7,-16003,Bears D/ST,D/ST,20,BE,False,3.0
2024,11,7,4373626,Tyler Allgeier,RB,20,BE,False,0.9
2024,11,7,4361432,Romeo Doubs,WR,20,BE,False,2.7
2024,11,7,4369863,Cedric Tillman,WR,23,FLEX,True,7.7
2024,11,7,3116164,Mike Gesicki,TE,20,BE,False,0.0
2024,11,7,3953687,Brandon Aubrey,K,17,K,True,5.0
2024,11,7,4035886,Khalil Herbert,RB,20,BE,False,0.0
2024,11,7,4569682,Audric Estime,RB,2,RB,True,5.5
2024,11,7,-16014,Rams D/ST,D/ST,16,D/ST,True,9.0
2024,11,10,4361529,Isiah Pacheco,RB,21,IR,False,0.0
2024,11,10,15847,Travis Kelce,TE,6,TE,True,2.8
2024,11,10,3054850,Alvin Kamara,RB,2,RB,True,12.899999999999999
2024,11,10,4361370,Chris Olave,WR,20,BE,False,0.0
2024,11,10,4035687,Michael Pittman Jr.,WR,23,FLEX,True,9.600000000000001
2024,11,10,4569173,Rhamondre Stevenson,RB,23,FLEX,True,12.9
2024,11,10,4683062,Xavier Worthy,WR,4,WR,True,16.8
2024,11,10,3895856,Christian Kirk,WR,20,BE,False,0.0
2024,11,10,4426348,Jayden Daniels,QB,0,QB,True,15.440000000000001
2024,11,10,4040761,Devin Singletary,RB,20,BE,False,0.0
2024,11,10,3128429,Courtland Sutton,WR,4,WR,True,14.8
2024,11,10,4360234,Evan McPherson,K,17,K,True,7.0
2024,11,10,3915486,Tyler Conklin,TE,20,BE,False,1.7000000000000002
2024,11,10,4360635,Chig Okonkwo,TE,20,BE,False,3.9000000000000004
2024,11,10,3059915,Kareem Hunt,RB,2,RB,True,6.0
2024,11,10,-16002,Bills D/ST,D/ST,16,D/ST,True,8.0
2024,11,10,4426338,Bo Nix,QB,20,BE,False,37.78
2024,11,6,3116406,Tyreek Hill,WR,4,WR,True,19.1
2024,11,6,4241457,Najee Harris,RB,2,RB,True,13.3
2024,11,6,4372016,Jaylen Waddle,WR,20,BE,False,5.7
2024,11,6,4361307,Trey McBride,TE,20,BE,False,0.0
2024,11,6,3916148,Tony Pollard,RB,23,FLEX,True,4.9
2024,11,6,3042519,Aaron Jones,RB,2,RB,True,5.300000000000001
2024,11,6,3121023,Dallas Goedert,TE,20,BE,False,11.100000000000001
2024,11,6,4612826,Ladd McConkey,WR,23,FLEX,True,18.3
2024,11,6,4362081,Cameron Dicker,K,17,K,True,12.0
2024,11,6,4241479,Tua Tagovailoa,QB,0,QB,True,32.519999999999996
2024,11,6,2468609,Taysom Hill,TE,6,TE,True,44.519999999999996
2024,11,6,4426386,Roschon Johnson,RB,20,BE,False,11.100000000000001
2024,11,6,4426354,George Pickens,WR,4,WR,True,16.9
2024,11,6,15864,Geno Smith,QB,20,BE,False,15.740000000000002
2024,11,6,-16015,Dolphins D/ST,D/ST,16,D/ST,True,5.0
2024,11,6,2577327,Tyler Lockett,WR,20,BE,False,3.9000000000000004
2024,11,3,3117251,Christian McCaffrey,RB,2,RB,True,14.600000000000001
2024,11,3,4697815,Rachaad White,RB,20,BE,False,0.0
2024,11,3,4429615,Zay Flowers,WR,4,WR,True,11.9
2024,11,3,4241478,DeVonta Smith,WR,4,WR,True,6.9
2024,11,3,4385690,Dalton Kincaid,TE,20,BE,False,0.0
2024,11,3,3068267,Austin Ekeler,RB,2,RB,True,17.6
2024,11,3,15795,DeAndre Hopkins,WR,23,FLEX,True,5.9
2024,11,3,3128720,Nick Chubb,RB,23,FLEX,True,5.0
2024,11,3,-16021,Eagles D/ST,D/ST,16,D/ST,True,7.0
2024,11,3,4429205,Jordan Addison,WR,20,BE,False,16.1
2024,11,3,4241372,Hollywood Brown,WR,21,IR,False,0.0
2024,11,3,4360310,Trevor Lawrence,QB,20,BE,False,0.0
2024,11,3,4038815,Rico Dowdle,RB,20,BE,False,5.4
2024,11,3,3046439,Hunter Henry,TE,6,TE,True,12.3
2024,11,3,-16017,Patriots D/ST,D/ST,20,BE,False,-3.0
2024,11,3,2969939,Jameis Winston,QB,0,QB,True,33.6
2024,11,3,2985659,Wil Lutz,K,17,K,True,9.0
2024,11,1,3043078,Derrick Henry,RB,2,RB,True,10.5
2024,11,1,3116385,Joe Mixon,RB,2,RB,True,36.3
2024,11,1,4595348,Malik Nabers,WR,20,BE,False,0.0
2024,11,1,4430027,Sam LaPorta,TE,20,BE,False,0.0
2024,11,1,4239993,Tee Higgins,WR,4,WR,True,30.8
2024,11,1,4259545,D'Andre Swift,RB,20,BE,False,16.400000000000002
2024,11,1,4432577,C.J. Stroud,QB,0,QB,True,10.879999999999999
2024,11,1,4366031,Tank Dell,WR,4,WR,True,9.8
2024,11,1,4035538,David Montgomery,RB,23,FLEX,True,24.5
2024,11,1,4241985,J.K. Dobbins,RB,23,FLEX,True,18.900000000000002
2024,11,1,4432665,Brock Bowers,TE,6,TE,True,31.3
2024,11,1,-16023,Steelers D/ST,D/ST,20,BE,False,9.0
2024,11,1,-16001,Falcons D/ST,D/ST,16,D/ST,True,-4.0
2024,11,1,4248528,Christian Watson,WR,20,BE,False,19.0
2024,11,1,3124679,Jason Sanders,K,17,K,True,11.0
2024,11,1,16757,Derek Carr,QB,20,BE,False,25.72
2024,11,12,4569618,Garrett Wilson,WR,4,WR,True,5.8
2024,11,12,4430737,Kyren Williams,RB,2,RB,True,8.6
2024,11,12,4239996,Travis Etienne Jr.,RB,2,RB,True,6.300000000000001
2024,11,12,16737,Mike Evans,WR,21,IR,False,0.0
2024,11,12,3925357,Calvin Ridley,WR,23,FLEX,True,9.8
2024,11,12,3051876,Evan Engram,TE,20,BE,False,7.800000000000001
2024,11,12,3916433,Jakobi Meyers,WR,23,FLEX,True,8.8
2024,11,12,4596448,Bucky Irving,RB,20,BE,False,0.0
2024,11,12,2976499,Amari Cooper,WR,20,BE,False,7.5
2024,11,12,3046779,Jared Goff,QB,0,QB,True,47.58
2024,11,12,-16009,Packers D/ST,D/ST,16,D/ST,True,5.0
2024,11,12,4038441,Justice Hill,RB,20,BE,False,8.1
2024,11,12,15835,Zach Ertz,TE,6,TE,True,18.7
2024,11,12,17372,Chris Boswell,K,17,K,True,24.0
2024,11,12,4688813,Josh Downs,WR,4,WR,True,19.4
2024,11,12,8439,Aaron Rodgers,QB,20,BE,False,20.060000000000002
2024,11,12,-16019,Giants D/ST,D/ST,20,BE,False,0.0
2024,11,4,4047646,A.J. Brown,WR,4,WR,True,11.5
2024,11,4,2977187,Cooper Kupp,WR,23,FLEX,True,31.6
2024,11,4,3918298,Josh Allen,QB,20,BE,False,25.98
2024,11,4,4429160,De'Von Achane,RB,2,RB,True,20.5
2024,11,4,3916387,Lamar Jackson,QB,0,QB,True,16.88
2024,11,4,3040151,George Kittle,TE,20,BE,False,0.0
2024,11,4,3051392,Ezekiel Elliott,RB,20,BE,False,5.4
2024,11,4,15683,Justin Tucker,K,17,K,True,4.0
2024,11,4,4372019,Jerome Ford,RB,20,BE,False,7.9
2024,11,4,4431299,Rome Odunze,WR,23,FLEX,True,12.5
2024,11,4,4569587,Wan'Dale Robinson,WR,20,BE,False,0.0
2024,11,4,4360516,Tyrone Tracy Jr.,RB,20,BE,False,0.0
2024,11,4,4429013,Tank Bigsby,RB,21,IR,False,0.0
2024,11,4,3886598,Jauan Jennings,WR,4,WR,True,25.1
2024,11,4,-16024,Chargers D/ST,D/ST,16,D/ST,True,-1.0
2024,11,4,3054212,Jonnu Smith,TE,6,TE,True,31.1
2024,11,4,3139602,D'Ernest Johnson,RB,2,RB,True,0.30000000000000004
2024,11,5,4258173,Nico Collins,WR,4,WR,True,9.4
2024,11,5,4047365,Josh Jacobs,RB,2,RB,True,23.400000000000002
2024,11,5,3139477,Patrick Mahomes,QB,20,BE,False,21.84
2024,11,5,4567048,Kenneth Walker III,RB,2,RB,True,13.9
2024,11,5,3126486,Deebo Samuel Sr.,WR,4,WR,True,6.1
2024,11,5,3915511,Joe Burrow,QB,0,QB,True,36.04
2024,11,5,3917315,Kyler Murray,QB,20,BE,False,0.0
2024,11,5,4362249,Jayden Reed,WR,23,FLEX,True,9.8
2024,11,5,4432773,Brian Thomas Jr.,WR,20,BE,False,13.600000000000001
2024,11,5,4722893,Jaleel McLaughlin,RB,20,BE,False,1.9000000000000001
2024,11,5,4040655,Darnell Mooney,WR,23,FLEX,True,4.7
2024,11,5,3049899,Younghoe Koo,K,17,K,True,9.0
2024,11,5,4240021,Cam Akers,RB,20,BE,False,11.6
2024,11,5,4685247,Braelon Allen,RB,20,BE,False,0.6000000000000001
2024,11,5,-16033,Ravens D/ST,D/ST,16,D/ST,True,6.0
2024,11,5,3929645,Juwan Johnson,TE,6,TE,True,12.0
2024,11,11,3929630,Saquon Barkley,RB,2,RB,True,33.800000000000004
2024,11,11,4047650,DK Metcalf,WR,4,WR,True,14.0
2024,11,11,4242335,Jonathan Taylor,RB,2,RB,True,7.0
2024,11,11,4361741,Brock Purdy,QB,0,QB,True,20.36
2024,11,11,4430878,Jaxon Smith-Njigba,WR,23,FLEX,True,21.8
2024,11,11,4242355,Jake Ferguson,TE,6,TE,True,2.1
2024,11,11,4038941,Justin Herbert,QB,20,BE,False,28.380000000000003
2024,11,11,4426385,Zach Charbonnet,RB,20,BE,False,2.5
2024,11,11,4243331,Cade Otton,TE,20,BE,False,0.0
2024,11,11,-16007,Broncos D/ST,D/ST,20,BE,False,12.0
2024,11,11,3917232,Tyler Bass,K,17,K,True,5.0
2024,11,11,-16008,Lions D/ST,D/ST,16,D/ST,True,11.0
2024,11,11,4429025,Quentin Johnston,WR,4,WR,True,12.8
2024,11,11,4430034,Xavier Legette,WR,20,BE,False,0.0
2024,11,11,4360939,Rashod Bateman,WR,23,FLEX,True,5.0
2024,11,11,3051926,Gus Edwards,RB,20,BE,False,2.7
2024,11,9,16800,Davante Adams,WR,4,WR,True,13.2
2024,11,9,3915416,DJ Moore,WR,23,FLEX,True,13.7
2024,11,9,4432708,Marvin Harrison Jr.,WR,20,BE,False,0.0
2024,11,9,4426502,Drake London,WR,4,WR,True,9.100000000000001
2024,11,9,4379399,James Cook,RB,2,RB,True,19.7
2024,11,9,4036378,Jordan Love,QB,20,BE,False,22.24
2024,11,9,4428557,Tyjae Spears,RB,20,BE,False,2.8
2024,11,9,3123076,David Njoku,TE,6,TE,True,19.1
2024,11,9,4241474,Brian Robinson Jr.,RB,2,RB,True,14.200000000000001
2024,11,9,4361579,Javonte Williams,RB,20,BE,False,18.7
2024,11,9,4569987,Jaylen Warren,RB,20,BE,False,10.8
2024,11,9,-16005,Browns D/ST,D/ST,16,D/ST,True,-2.0
2024,11,9,4036133,T.J. Hockenson,TE,23,FLEX,True,3.3
2024,11,9,2971573,Ka'imi Fairbairn,K,17,K,True,10.0
2024,11,9,3122840,Deshaun Watson,QB,20,BE,False,0.0
2024,11,9,14881,Russell Wilson,QB,0,QB,True,6.299999999999999
2024,12,2,4374302,Amon-Ra St. Brown,WR,4,WR,True,12.2
2024,12,2,4429795,Jahmyr Gibbs,RB,2,RB,True,24.9
2024,12,2,2976212,Stefon Diggs,WR,21,IR,False,0.0
2024,12,2,4040715,Jalen Hurts,QB,20,BE,False,17.060000000000002
2024,12,2,3116365,Mark Andrews,TE,6,TE,True,15.6
2024,12,2,4241416,Chuba Hubbard,RB,23,FLEX,True,15.0
2024,12,2,4241463,Jerry Jeudy,WR,4,WR,True,14.5
2024,12,2,4429275,Trey Benson,RB,20,BE,False,1.8
2024,12,2,3052587,Baker Mayfield,QB,0,QB,True,18.66
2024,12,2,4427095,DeMario Douglas,WR,23,FLEX,True,11.3
2024,12,2,4429501,Ray Davis,RB,20,BE,False,0.0
2024,12,2,-16016,Vikings D/ST,D/ST,20,BE,False,7.0
2024,12,2,-16034,Texans D/ST,D/ST,16,D/ST,True,19.0
2024,12,2,4430834,Jalen McMillan,WR,20,BE,False,2.1
2024,12,2,3050478,Jake Elliott,K,20,BE,False,13.0
2024,12,2,4689936,Jake Bates,K,17,K,True,8.0
2024,12,2,3116389,Samaje Perine,RB,2,RB,True,4.4
2024,12,10,4361529,Isiah Pacheco,RB,21,IR,False,0.0
2024,12,10,15847,Travis Kelce,TE,6,TE,True,12.2
2024,12,10,3054850,Alvin Kamara,RB,20,BE,False,0.0
2024,12,10,4361370,Chris Olave,WR,20,BE,False,0.0
2024,12,10,4035687,Michael Pittman Jr.,WR,23,FLEX,True,15.600000000000001
2024,12,10,4569173,Rhamondre Stevenson,RB,2,RB,True,3.3
2024,12,10,4683062,Xavier Worthy,WR,4,WR,True,9.100000000000001
2024,12,10,3895856,Christian Kirk,WR,20,BE,False,0.0
2024,12,10,4426348,Jayden Daniels,QB,0,QB,True,37.4
2024,12,10,4040761,Devin Singletary,RB,23,FLEX,True,9.0
2024,12,10,3128429,Courtland Sutton,WR,4,WR,True,29.700000000000003
2024,12,10,4360234,Evan McPherson,K,20,BE,False,0.0
2024,12,10,3915486,Tyler Conklin,TE,20,BE,False,0.0
2024,12,10,3059915,Kareem Hunt,RB,2,RB,True,11.700000000000001
2024,12,10,4426338,Bo Nix,QB,20,BE,False,23.42
2024,12,10,-16022,Cardinals D/ST,D/ST,16,D/ST,True,12.0
2024,12,10,4571557,Spencer Shrader,K,17,K,True,13.0
2024,12,3,3117251,Christian McCaffrey,RB,2,RB,True,7.8
2024,12,3,4697815,Rachaad White,RB,2,RB,True,11.7
2024,12,3,4429615,Zay Flowers,WR,4,WR,True,11.2
2024,12,3,4241478,DeVonta Smith,WR,20,BE,False,0.0
2024,12,3,4385690,Dalton Kincaid,TE,20,BE,False,0.0
2024,12,3,3068267,Austin Ekeler,RB,20,BE,False,4.4
2024,12,3,15795,DeAndre Hopkins,WR,20,BE,False,14.5
2024,12,3,3128720,Nick Chubb,RB,23,FLEX,True,19.0
2024,12,3,-16021,Eagles D/ST,D/ST,16,D/ST,True,9.0
2024,12,3,4429205,Jordan Addison,WR,4,WR,True,30.2
2024,12,3,4241372,Hollywood Brown,WR,21,IR,False,0.0
2024,12,3,4360310,Trevor Lawrence,QB,20,BE,False,0.0
2024,12,3,4038815,Rico Dowdle,RB,23,FLEX,True,10.8
2024,12,3,3046439,Hunter Henry,TE,6,TE,True,9.4
2024,12,3,-16017,Patriots D/ST,D/ST,20,BE,False,9.0
2024,12,3,2969939,Jameis Winston,QB,0,QB,True,13.46
2024,12,3,2985659,Wil Lutz,K,17,K,True,22.0
2024,12,8,4430807,Bijan Robinson,RB,20,BE,False,0.0
2024,12,8,4262921,Justin Jefferson,WR,4,WR,True,4.7
2024,12,8,4426515,Puka Nacua,WR,4,WR,True,20.700000000000003
2024,12,8,3045147,James Conner,RB,2,RB,True,9.9
2024,12,8,4360248,Kyle Pitts,TE,20,BE,False,0.0
2024,12,8,3055899,Harrison Butker,K,21,IR,False,0.0
2024,12,8,4362238,Chase Brown,RB,20,BE,False,0.0
2024,12,8,-16025,49ers D/ST,D/ST,16,D/ST,True,-1.0
2024,12,8,4426388,Jameson Williams,WR,23,FLEX,True,11.8
2024,12,8,4361050,Isaiah Likely,TE,6,TE,True,0.0
2024,12,8,4373678,Khalil Shakir,WR,20,BE,False,0.0
2024,12,8,4048244,Alexander Mattison,RB,20,BE,False,0.0
2024,12,8,4360078,Alec Pierce,WR,23,FLEX,True,4.9
2024,12,8,3912547,Sam Darnold,QB,0,QB,True,25.1
2024,12,8,2576414,Raheem Mostert,RB,2,RB,True,1.2
2024,12,8,4372066,Jake Moody,K,17,K,True,5.0
2024,12,8,4429084,Anthony Richardson,QB,20,BE,False,12.98
2024,12,12,4569618,Garrett Wilson,WR,20,BE,False,0.0
2024,12,12,4430737,Kyren Williams,RB,2,RB,True,11.2
2024,12,12,4239996,Travis Etienne Jr.,RB,20,BE,False,0.0
2024,12,12,16737,Mike Evans,WR,23,FLEX,True,11.8
2024,12,12,3925357,Calvin Ridley,WR,23,FLEX,True,14.3
2024,12,12,3051876,Evan Engram,TE,20,BE,False,0.0
2024,12,12,3916433,Jakobi Meyers,WR,4,WR,True,22.1
2024,12,12,4596448,Bucky Irving,RB,2,RB,True,27.200000000000003
2024,12,12,3046779,Jared Goff,QB,0,QB,True,10.76
2024,12,12,-16009,Packers D/ST,D/ST,16,D/ST,True,13.0
2024,12,12,4038441,Justice Hill,RB,20,BE,False,17.2
2024,12,12,15835,Zach Ertz,TE,6,TE,True,15.8
2024,12,12,17372,Chris Boswell,K,17,K,True,7.0
2024,12,12,4688813,Josh Downs,WR,4,WR,True,5.7
2024,12,12,8439,Aaron Rodgers,QB,20,BE,False,0.0
2024,12,12,-16019,Giants D/ST,D/ST,20,BE,False,-3.0
2024,12,7,4427366,Breece Hall,RB,20,BE,False,0.0
2024,12,7,4241389,CeeDee Lamb,WR,23,FLEX,True,16.8
2024,12,7,4362628,Ja'Marr Chase,WR,20,BE,False,0.0
2024,12,7,3121422,Terry McLaurin,WR,4,WR,True,24.200000000000003
2024,12,7,4258595,Cole Kmet,TE,20,BE,False,13.4
2024,12,7,4572680,Tucker Kraft,TE,6,TE,True,10.6
2024,12,7,14880,Kirk Cousins,QB,20,BE,False,0.0
2024,12,7,-16003,Bears D/ST,D/ST,16,D/ST,True,0.0
2024,12,7,4373626,Tyler Allgeier,RB,20,BE,False,0.0
2024,12,7,4361432,Romeo Doubs,WR,23,FLEX,True,8.4
2024,12,7,4369863,Cedric Tillman,WR,4,WR,True,2.8000000000000003
2024,12,7,3953687,Brandon Aubrey,K,17,K,True,10.0
2024,12,7,4569682,Audric Estime,RB,2,RB,True,1.5
2024,12,7,-16014,Rams D/ST,D/ST,20,BE,False,-6.0
2024,12,7,12483,Matthew Stafford,QB,0,QB,True,23.22
2024,12,7,2576336,Ameer Abdullah,RB,2,RB,True,17.5
2024,12,5,4258173,Nico Collins,WR,4,WR,True,20.200000000000003
2024,12,5,4047365,Josh Jacobs,RB,2,RB,True,28.6
2024,12,5,3139477,Patrick Mahomes,QB,0,QB,True,34.76
2024,12,5,4567048,Kenneth Walker III,RB,2,RB,True,13.3
2024,12,5,3126486,Deebo Samuel Sr.,WR,4,WR,True,3.1
2024,12,5,3915511,Joe Burrow,QB,20,BE,False,0.0
2024,12,5,3917315,Kyler Murray,QB,20,BE,False,10.3
2024,12,5,4362249,Jayden Reed,WR,23,FLEX,True,5.6
2024,12,5,4432773,Brian Thomas Jr.,WR,20,BE,False,0.0
2024,12,5,4722893,Jaleel McLaughlin,RB,20,BE,False,4.4
2024,12,5,4040655,Darnell Mooney,WR,20,BE,False,0.0
2024,12,5,4240021,Cam Akers,RB,23,FLEX,True,3.5000000000000004
2024,12,5,4685247,Braelon Allen,RB,20,BE,False,0.0
2024,12,5,-16033,Ravens D/ST,D/ST,16,D/ST,True,6.0
2024,12,5,4372096,Luke Schoonmaker,TE,6,TE,True,14.5
2024,12,5,4566192,Joshua Karty,K,17,K,True,1.0
2024,12,6,3116406,Tyreek Hill,WR,4,WR,True,9.8
2024,12,6,4241457,Najee Harris,RB,2,RB,True,7.4
2024,12,6,4372016,Jaylen Waddle,WR,20,BE,False,28.4
2024,12,6,4361307,Trey McBride,TE,6,TE,True,25.3
2024,12,6,3916148,Tony Pollard,RB,23,FLEX,True,21.9
2024,12,6,3042519,Aaron Jones,RB,2,RB,True,19.900000000000002
2024,12,6,3121023,Dallas Goedert,TE,20,BE,False,5.9
2024,12,6,4612826,Ladd McConkey,WR,23,FLEX,True,14.3
2024,12,6,4362081,Cameron Dicker,K,17,K,True,16.0
2024,12,6,4241479,Tua Tagovailoa,QB,0,QB,True,36.480000000000004
2024,12,6,2468609,Taysom Hill,TE,20,BE,False,0.0
2024,12,6,4426354,George Pickens,WR,4,WR,True,8.8
2024,12,6,15864,Geno Smith,QB,20,BE,False,14.36
2024,12,6,-16015,Dolphins D/ST,D/ST,16,D/ST,True,13.0
2024,12,6,2577327,Tyler Lockett,WR,20,BE,False,4.0
2024,12,6,4678008,Jonathon Brooks,RB,20,BE,False,0.7000000000000001
2024,12,9,16800,Davante Adams,WR,20,BE,False,0.0
2024,12,9,3915416,DJ Moore,WR,4,WR,True,26.900000000000002
2024,12,9,4432708,Marvin Harrison Jr.,WR,4,WR,True,7.7
2024,12,9,4426502,Drake London,WR,20,BE,False,0.0
2024,12,9,4379399,James Cook,RB,20,BE,False,0.0
2024,12,9,4036378,Jordan Love,QB,0,QB,True,18.72
2024,12,9,4428557,Tyjae Spears,RB,20,BE,False,0.0
2024,12,9,3123076,David Njoku,TE,6,TE,True,3.9
2024,12,9,4241474,Brian Robinson Jr.,RB,2,RB,True,3.4
2024,12,9,4361579,Javonte Williams,RB,23,FLEX,True,2.4000000000000004
2024,12,9,4569987,Jaylen Warren,RB,2,RB,True,15.4
2024,12,9,-16005,Browns D/ST,D/ST,16,D/ST,True,6.0
2024,12,9,4036133,T.J. Hockenson,TE,23,FLEX,True,18.4
2024,12,9,2971573,Ka'imi Fairbairn,K,17,K,True,10.0
2024,12,9,3122840,Deshaun Watson,QB,20,BE,False,0.0
2024,12,9,14881,Russell Wilson,QB,20,BE,False,15.8
2024,12,1,3043078,Derrick Henry,RB,2,RB,True,14.0
2024,12,1,3116385,Joe Mixon,RB,2,RB,True,9.5
2024,12,1,4595348,Malik Nabers,WR,4,WR,True,12.4
2024,12,1,4430027,Sam LaPorta,TE,20,BE,False,4.9
2024,12,1,4239993,Tee Higgins,WR,20,BE,False,0.0
2024,12,1,4259545,D'Andre Swift,RB,20,BE,False,9.5
2024,12,1,4432577,C.J. Stroud,QB,0,QB,True,19.68
2024,12,1,4366031,Tank Dell,WR,4,WR,True,10.2
2024,12,1,4035538,David Montgomery,RB,23,FLEX,True,16.3
2024,12,1,4241985,J.K. Dobbins,RB,23,FLEX,True,8.9
2024,12,1,4432665,Brock Bowers,TE,6,TE,True,7.800000000000001
2024,12,1,-16023,Steelers D/ST,D/ST,16,D/ST,True,7.0
2024,12,1,4248528,Christian Watson,WR,20,BE,False,0.4
2024,12,1,3124679,Jason Sanders,K,17,K,True,12.0
2024,12,1,16757,Derek Carr,QB,20,BE,False,0.0
2024,12,1,15818,Keenan Allen,WR,20,BE,False,23.6
2024,12,11,3929630,Saquon Barkley,RB,2,RB,True,54.2
2024,12,11,4047650,DK Metcalf,WR,4,WR,True,9.9
2024,12,11,4242335,Jonathan Taylor,RB,2,RB,True,3.5
2024,12,11,4361741,Brock Purdy,QB,20,BE,False,0.0
2024,12,11,4430878,Jaxon Smith-Njigba,WR,23,FLEX,True,19.7
2024,12,11,4242355,Jake Ferguson,TE,20,BE,False,0.0
2024,12,11,4038941,Justin Herbert,QB,0,QB,True,17.62
2024,12,11,4426385,Zach Charbonnet,RB,20,BE,False,2.2
2024,12,11,4243331,Cade Otton,TE,6,TE,True,4.0
2024,12,11,-16007,Broncos D/ST,D/ST,16,D/ST,True,9.0
2024,12,11,-16008,Lions D/ST,D/ST,20,BE,False,6.0
2024,12,11,4429025,Quentin Johnston,WR,4,WR,True,0.0
2024,12,11,4430034,Xavier Legette,WR,20,BE,False,9.600000000000001
2024,12,11,4360939,Rashod Bateman,WR,23,FLEX,True,13.3
2024,12,11,3051926,Gus Edwards,RB,20,BE,False,7.1
2024,12,11,3150744,Chase McLaughlin,K,17,K,True,5.0
2024,12,4,4047646,A.J. Brown,WR,4,WR,True,22.9
2024,12,4,2977187,Cooper Kupp,WR,23,FLEX,True,20.0
2024,12,4,3918298,Josh Allen,QB,20,BE,False,0.0
2024,12,4,4429160,De'Von Achane,RB,2,RB,True,20.6
2024,12,4,3916387,Lamar Jackson,QB,0,QB,True,27.58
2024,12,4,3040151,George Kittle,TE,6,TE,True,20.200000000000003
2024,12,4,3051392,Ezekiel Elliott,RB,20,BE,False,0.6000000000000001
2024,12,4,15683,Justin Tucker,K,17,K,True,7.0
2024,12,4,4372019,Jerome Ford,RB,20,BE,False,3.7
2024,12,4,4431299,Rome Odunze,WR,23,FLEX,True,8.9
2024,12,4,4569587,Wan'Dale Robinson,WR,20,BE,False,9.7
2024,12,4,4360516,Tyrone Tracy Jr.,RB,2,RB,True,9.0
2024,12,4,4429013,Tank Bigsby,RB,21,IR,False,0.0
2024,12,4,3886598,Jauan Jennings,WR,4,WR,True,9.0
2024,12,4,-16024,Chargers D/ST,D/ST,20,BE,False,0.0
2024,12,4,3054212,Jonnu Smith,TE,20,BE,False,23.700000000000003
2024,12,4,-16012,Chiefs D/ST,D/ST,16,D/ST,True,2.0
2024,13,3,3117251,Christian McCaffrey,RB,2,RB,True,8.700000000000001
2024,13,3,4697815,Rachaad White,RB,2,RB,True,8.8
2024,13,3,4429615,Zay Flowers,WR,4,WR,True,10.100000000000001
2024,13,3,4241478,DeVonta Smith,WR,20,BE,False,0.0
2024,13,3,4385690,Dalton Kincaid,TE,20,BE,False,0.0
2024,13,3,3068267,Austin Ekeler,RB,20,BE,False,0.0
2024,13,3,15795,DeAndre Hopkins,WR,20,BE,False,13.0
2024,13,3,3128720,Nick Chubb,RB,23,FLEX,True,12.5
2024,13,3,-16021,Eagles D/ST,D/ST,16,D/ST,True,3.0
2024,13,3,4429205,Jordan Addison,WR,4,WR,True,9.4
2024,13,3,4241372,Hollywood Brown,WR,21,IR,False,0.0
2024,13,3,4360310,Trevor Lawrence,QB,20,BE,False,0.2400000000000002
2024,13,3,4038815,Rico Dowdle,RB,23,FLEX,True,21.300000000000004
2024,13,3,3046439,Hunter Henry,TE,6,TE,True,14.5
2024,13,3,-16017,Patriots D/ST,D/ST,20,BE,False,6.0
2024,13,3,2969939,Jameis Winston,QB,0,QB,True,45.980000000000004
2024,13,3,2985659,Wil Lutz,K,17,K,True,11.0
2024,13,2,4374302,Amon-Ra St. Brown,WR,4,WR,True,12.3
2024,13,2,4429795,Jahmyr Gibbs,RB,2,RB,True,10.400000000000002
2024,13,2,2976212,Stefon Diggs,WR,21,IR,False,0.0
2024,13,2,4040715,Jalen Hurts,QB,20,BE,False,19.62
2024,13,2,3116365,Mark Andrews,TE,6,TE,True,18.9
2024,13,2,4241416,Chuba Hubbard,RB,23,FLEX,True,2.3
2024,13,2,4241463,Jerry Jeudy,WR,4,WR,True,45.5
2024,13,2,4429275,Trey Benson,RB,20,BE,False,2.0
2024,13,2,3052587,Baker Mayfield,QB,0,QB,True,12.200000000000003
2024,13,2,4427095,DeMario Douglas,WR,23,FLEX,True,6.0
2024,13,2,4429501,Ray Davis,RB,2,RB,True,13.700000000000001
2024,13,2,-16016,Vikings D/ST,D/ST,20,BE,False,3.0
2024,13,2,-16034,Texans D/ST,D/ST,16,D/ST,True,2.0
2024,13,2,4430834,Jalen McMillan,WR,20,BE,False,4.5
2024,13,2,3050478,Jake Elliott,K,20,BE,False,6.0
2024,13,2,4689936,Jake Bates,K,17,K,True,11.0
2024,13,2,3116389,Samaje Perine,RB,20,BE,False,2.5
2024,13,10,4361529,Isiah Pacheco,RB,21,IR,False,5.9
2024,13,10,15847,Travis Kelce,TE,6,TE,True,13.8
2024,13,10,3054850,Alvin Kamara,RB,23,FLEX,True,15.9
2024,13,10,4361370,Chris Olave,WR,20,BE,False,0.0
2024,13,10,4035687,Michael Pittman Jr.,WR,20,BE,False,9.2
2024,13,10,4569173,Rhamondre Stevenson,RB,2,RB,True,12.4
2024,13,10,4683062,Xavier Worthy,WR,4,WR,True,10.4
2024,13,10,3895856,Christian Kirk,WR,20,BE,False,0.0
2024,13,10,4426348,Jayden Daniels,QB,0,QB,True,33.64
2024,13,10,4040761,Devin Singletary,RB,23,FLEX,True,2.3000000000000003
2024,13,10,3128429,Courtland Sutton,WR,4,WR,True,16.200000000000003
2024,13,10,4360234,Evan McPherson,K,17,K,True,8.0
2024,13,10,3915486,Tyler Conklin,TE,20,BE,False,7.2
2024,13,10,3059915,Kareem Hunt,RB,2,RB,True,3.5
2024,13,10,4426338,Bo Nix,QB,20,BE,False,17.16
2024,13,10,-16022,Cardinals D/ST,D/ST,16,D/ST,True,9.0
2024,13,10,4571557,Spencer Shrader,K,20,BE,False,0.0
2024,13,12,4569618,Garrett Wilson,WR,4,WR,True,9.100000000000001
2024,13,12,4430737,Kyren Williams,RB,2,RB,True,18.299999999999997
2024,13,12,4239996,Travis Etienne Jr.,RB,20,BE,False,8.8
2024,13,12,16737,Mike Evans,WR,23,FLEX,True,25.8
2024,13,12,3925357,Calvin Ridley,WR,23,FLEX,True,6.5
2024,13,12,3051876,Evan Engram,TE,20,BE,False,11.100000000000001
2024,13,12,3916433,Jakobi Meyers,WR,4,WR,True,15.700000000000001
2024,13,12,4596448,Bucky Irving,RB,2,RB,True,27.500000000000004
2024,13,12,3046779,Jared Goff,QB,0,QB,True,20.939999999999998
2024,13,12,-16009,Packers D/ST,D/ST,16,D/ST,True,8.0
2024,13,12,4038441,Justice Hill,RB,20,BE,False,6.1
2024,13,12,15835,Zach Ertz,TE,6,TE,True,12.5
2024,13,12,17372,Chris Boswell,K,17,K,True,15.0
2024,13,12,4688813,Josh Downs,WR,21,IR,False,0.0
2024,13,12,8439,Aaron Rodgers,QB,20,BE,False,18.0
2024,13,12,3127586,Jeremy McNichols,RB,20,BE,False,3.2
2024,13,12,-16002,Bills D/ST,D/ST,20,BE,False,13.0
2024,13,8,4430807,Bijan Robinson,RB,2,RB,True,25.500000000000004
2024,13,8,4262921,Justin Jefferson,WR,4,WR,True,16.9
2024,13,8,4426515,Puka Nacua,WR,4,WR,True,17.3
2024,13,8,3045147,James Conner,RB,2,RB,True,11.100000000000001
2024,13,8,4360248,Kyle Pitts,TE,6,TE,True,0.0
2024,13,8,3055899,Harrison Butker,K,21,IR,False,0.0
2024,13,8,4362238,Chase Brown,RB,23,FLEX,True,19.0
2024,13,8,-16025,49ers D/ST,D/ST,16,D/ST,True,-3.0
2024,13,8,4426388,Jameson Williams,WR,20,BE,False,9.6
2024,13,8,4361050,Isaiah Likely,TE,20,BE,False,14.8
2024,13,8,4373678,Khalil Shakir,WR,23,FLEX,True,7.0
2024,13,8,4048244,Alexander Mattison,RB,20,BE,False,0.0
2024,13,8,4360078,Alec Pierce,WR,20,BE,False,9.6
2024,13,8,3912547,Sam Darnold,QB,0,QB,True,23.6
2024,13,8,2576414,Raheem Mostert,RB,20,BE,False,5.4
2024,13,8,4372066,Jake Moody,K,17,K,True,2.0
2024,13,8,4429084,Anthony Richardson,QB,20,BE,False,25.16
2024,13,5,4258173,Nico Collins,WR,4,WR,True,19.9
2024,13,5,4047365,Josh Jacobs,RB,2,RB,True,21.700000000000003
2024,13,5,3139477,Patrick Mahomes,QB,20,BE,False,18.64
2024,13,5,4567048,Kenneth Walker III,RB,2,RB,True,6.6000000000000005
2024,13,5,3126486,Deebo Samuel Sr.,WR,4,WR,True,4.0
2024,13,5,3915511,Joe Burrow,QB,0,QB,True,25.259999999999998
2024,13,5,3917315,Kyler Murray,QB,20,BE,False,17.200000000000003
2024,13,5,4362249,Jayden Reed,WR,20,BE,False,19.700000000000003
2024,13,5,4432773,Brian Thomas Jr.,WR,23,FLEX,True,18.7
2024,13,5,4722893,Jaleel McLaughlin,RB,20,BE,False,9.4
2024,13,5,4040655,Darnell Mooney,WR,23,FLEX,True,5.0
2024,13,5,4240021,Cam Akers,RB,20,BE,False,2.2
2024,13,5,4685247,Braelon Allen,RB,20,BE,False,4.7
2024,13,5,-16033,Ravens D/ST,D/ST,16,D/ST,True,4.0
2024,13,5,4372096,Luke Schoonmaker,TE,6,TE,True,8.3
2024,13,5,4566192,Joshua Karty,K,17,K,True,3.0
2024,13,7,4427366,Breece Hall,RB,2,RB,True,6.0
2024,13,7,4241389,CeeDee Lamb,WR,23,FLEX,True,5.9
2024,13,7,4362628,Ja'Marr Chase,WR,4,WR,True,20.6
2024,13,7,3121422,Terry McLaurin,WR,4,WR,True,27.3
2024,13,7,4258595,Cole Kmet,TE,20,BE,False,5.6
2024,13,7,4572680,Tucker Kraft,TE,6,TE,True,13.8
2024,13,7,14880,Kirk Cousins,QB,0,QB,True,2.1000000000000014
2024,13,7,-16003,Bears D/ST,D/ST,20,BE,False,2.0
2024,13,7,4373626,Tyler Allgeier,RB,20,BE,False,3.2
2024,13,7,3953687,Brandon Aubrey,K,17,K,True,9.0
2024,13,7,-16014,Rams D/ST,D/ST,16,D/ST,True,1.0
2024,13,7,12483,Matthew Stafford,QB,20,BE,False,19.62
2024,13,7,2576336,Ameer Abdullah,RB,20,BE,False,7.300000000000001
2024,13,7,3929785,Nick Westbrook-Ikhine,WR,20,BE,False,21.1
2024,13,7,3051738,Marquez Valdes-Scantling,WR,23,FLEX,True,11.6
2024,13,7,4430968,Kimani Vidal,RB,2,RB,True,2.0
2024,13,9,16800,Davante Adams,WR,4,WR,True,17.6
2024,13,9,3915416,DJ Moore,WR,4,WR,True,23.700000000000003
2024,13,9,4432708,Marvin Harrison Jr.,WR,23,FLEX,True,17.0
2024,13,9,4426502,Drake London,WR,23,FLEX,True,17.299999999999997
2024,13,9,4379399,James Cook,RB,2,RB,True,22.000000000000004
2024,13,9,4036378,Jordan Love,QB,0,QB,True,22.96
2024,13,9,4428557,Tyjae Spears,RB,20,BE,False,0.30000000000000004
2024,13,9,3123076,David Njoku,TE,20,BE,False,26.2
2024,13,9,4241474,Brian Robinson Jr.,RB,2,RB,True,18.900000000000002
2024,13,9,4361579,Javonte Williams,RB,20,BE,False,7.3999999999999995
2024,13,9,4569987,Jaylen Warren,RB,20,BE,False,10.4
2024,13,9,-16005,Browns D/ST,D/ST,16,D/ST,True,1.0
2024,13,9,4036133,T.J. Hockenson,TE,6,TE,True,5.800000000000001
2024,13,9,2971573,Ka'imi Fairbairn,K,17,K,True,13.0
2024,13,9,3122840,Deshaun Watson,QB,20,BE,False,0.0
2024,13,9,14881,Russell Wilson,QB,20,BE,False,34.86
2024,13,6,3116406,Tyreek Hill,WR,4,WR,True,20.3
2024,13,6,4241457,Najee Harris,RB,20,BE,False,24.9
2024,13,6,4372016,Jaylen Waddle,WR,20,BE,False,11.3
2024,13,6,4361307,Trey McBride,TE,6,TE,True,21.6
2024,13,6,3916148,Tony Pollard,RB,2,RB,True,8.8
2024,13,6,3042519,Aaron Jones,RB,2,RB,True,9.799999999999999
2024,13,6,3121023,Dallas Goedert,TE,20,BE,False,12.5
2024,13,6,4612826,Ladd McConkey,WR,23,FLEX,True,20.700000000000003
2024,13,6,4362081,Cameron Dicker,K,17,K,True,12.0
2024,13,6,4241479,Tua Tagovailoa,QB,0,QB,True,29.2
2024,13,6,2468609,Taysom Hill,TE,23,FLEX,True,9.7
2024,13,6,4426354,George Pickens,WR,4,WR,True,16.4
2024,13,6,15864,Geno Smith,QB,20,BE,False,14.44
2024,13,6,-16015,Dolphins D/ST,D/ST,20,BE,False,-1.0
2024,13,6,-16027,Buccaneers D/ST,D/ST,16,D/ST,True,3.0
2024,13,6,4635008,Keon Coleman,WR,20,BE,False,0.0
2024,13,11,3929630,Saquon Barkley,RB,2,RB,True,19.700000000000003
2024,13,11,4047650,DK Metcalf,WR,4,WR,True,10.600000000000001
2024,13,11,4242335,Jonathan Taylor,RB,2,RB,True,17.3
2024,13,11,4361741,Brock Purdy,QB,20,BE,False,2.16
2024,13,11,4430878,Jaxon Smith-Njigba,WR,23,FLEX,True,11.9
2024,13,11,4242355,Jake Ferguson,TE,20,BE,False,0.0
2024,13,11,4038941,Justin Herbert,QB,0,QB,True,7.9799999999999995
2024,13,11,4426385,Zach Charbonnet,RB,20,BE,False,12.100000000000001
2024,13,11,4243331,Cade Otton,TE,6,TE,True,6.0
2024,13,11,-16007,Broncos D/ST,D/ST,16,D/ST,True,12.0
2024,13,11,-16008,Lions D/ST,D/ST,20,BE,False,5.0
2024,13,11,4429025,Quentin Johnston,WR,4,WR,True,3.2
2024,13,11,4430034,Xavier Legette,WR,20,BE,False,9.3
2024,13,11,4360939,Rashod Bateman,WR,23,FLEX,True,0.0
2024,13,11,3051926,Gus Edwards,RB,20,BE,False,4.3
2024,13,11,3150744,Chase McLaughlin,K,17,K,True,15.0
2024,13,1,3043078,Derrick Henry,RB,2,RB,True,14.100000000000001
2024,13,1,3116385,Joe Mixon,RB,2,RB,True,21.900000000000002
2024,13,1,4595348,Malik Nabers,WR,4,WR,True,15.3
2024,13,1,4430027,Sam LaPorta,TE,20,BE,False,15.6
2024,13,1,4239993,Tee Higgins,WR,23,FLEX,True,17.9
2024,13,1,4259545,D'Andre Swift,RB,23,FLEX,True,9.4
2024,13,1,4432577,C.J. Stroud,QB,0,QB,True,16.38
2024,13,1,4366031,Tank Dell,WR,4,WR,True,3.3000000000000003
2024,13,1,4035538,David Montgomery,RB,20,BE,False,15.4
2024,13,1,4241985,J.K. Dobbins,RB,21,IR,False,0.0
2024,13,1,4432665,Brock Bowers,TE,6,TE,True,30.2
2024,13,1,-16023,Steelers D/ST,D/ST,16,D/ST,True,15.0
2024,13,1,4248528,Christian Watson,WR,20,BE,False,8.7
2024,13,1,3124679,Jason Sanders,K,17,K,True,3.0
2024,13,1,16757,Derek Carr,QB,20,BE,False,16.560000000000002
2024,13,1,15818,Keenan Allen,WR,20,BE,False,24.3
2024,13,1,-16011,Colts D/ST,D/ST,20,BE,False,4.0
2024,13,4,4047646,A.J. Brown,WR,4,WR,True,11.600000000000001
2024,13,4,2977187,Cooper Kupp,WR,23,FLEX,True,4.7
2024,13,4,3918298,Josh Allen,QB,20,BE,False,32.42
2024,13,4,4429160,De'Von Achane,RB,2,RB,True,21.0
2024,13,4,3916387,Lamar Jackson,QB,0,QB,True,29.380000000000003
2024,13,4,3040151,George Kittle,TE,6,TE,True,1.7000000000000002
2024,13,4,3051392,Ezekiel Elliott,RB,20,BE,False,0.4
2024,13,4,15683,Justin Tucker,K,17,K,True,6.0
2024,13,4,4372019,Jerome Ford,RB,20,BE,False,7.200000000000001
2024,13,4,4431299,Rome Odunze,WR,23,FLEX,True,4.5
2024,13,4,4569587,Wan'Dale Robinson,WR,20,BE,False,2.6
2024,13,4,4360516,Tyrone Tracy Jr.,RB,2,RB,True,14.5
2024,13,4,4429013,Tank Bigsby,RB,21,IR,False,4.5
2024,13,4,3886598,Jauan Jennings,WR,4,WR,True,8.600000000000001
2024,13,4,-16024,Chargers D/ST,D/ST,20,BE,False,18.0
2024,13,4,3054212,Jonnu Smith,TE,20,BE,False,21.3
2024,13,4,-16012,Chiefs D/ST,D/ST,16,D/ST,True,4.0
2024,14,2,4374302,Amon-Ra St. Brown,WR,4,WR,True,10.3
2024,14,2,4429795,Jahmyr Gibbs,RB,2,RB,True,19.3
2024,14,2,2976212,Stefon Diggs,WR,21,IR,False,0.0
2024,14,2,4040715,Jalen Hurts,QB,0,QB,True,28.22
2024,14,2,3116365,Mark Andrews,TE,20,BE,False,0.0
2024,14,2,4241416,Chuba Hubbard,RB,23,FLEX,True,20.700000000000003
2024,14,2,4241463,Jerry Jeudy,WR,4,WR,True,17.4
2024,14,2,4429275,Trey Benson,RB,20,BE,False,2.9
2024,14,2,3052587,Baker Mayfield,QB,20,BE,False,25.0
2024,14,2,4427095,DeMario Douglas,WR,20,BE,False,0.0
2024,14,2,4429501,Ray Davis,RB,2,RB,True,0.0
2024,14,2,-16016,Vikings D/ST,D/ST,16,D/ST,True,3.0
2024,14,2,-16034,Texans D/ST,D/ST,20,BE,False,0.0
2024,14,2,4430834,Jalen McMillan,WR,23,FLEX,True,21.9
2024,14,2,3050478,Jake Elliott,K,20,BE,False,1.0
2024,14,2,4689936,Jake Bates,K,17,K,True,11.0
2024,14,2,3127292,Will Dissly,TE,6,TE,True,3.9000000000000004
2024,14,12,4569618,Garrett Wilson,WR,4,WR,True,18.4
2024,14,12,4430737,Kyren Williams,RB,2,RB,True,23.700000000000003
2024,14,12,4239996,Travis Etienne Jr.,RB,20,BE,False,11.0
2024,14,12,16737,Mike Evans,WR,23,FLEX,True,10.9
2024,14,12,3925357,Calvin Ridley,WR,23,FLEX,True,12.9
2024,14,12,3051876,Evan Engram,TE,6,TE,True,7.300000000000001
2024,14,12,3916433,Jakobi Meyers,WR,4,WR,True,13.7
2024,14,12,4596448,Bucky Irving,RB,2,RB,True,2.8
2024,14,12,3046779,Jared Goff,QB,0,QB,True,28.02
2024,14,12,-16009,Packers D/ST,D/ST,20,BE,False,2.0
2024,14,12,4038441,Justice Hill,RB,20,BE,False,0.0
2024,14,12,15835,Zach Ertz,TE,20,BE,False,0.0
2024,14,12,17372,Chris Boswell,K,17,K,True,11.0
2024,14,12,4688813,Josh Downs,WR,21,IR,False,0.0
2024,14,12,3127586,Jeremy McNichols,RB,20,BE,False,0.0
2024,14,12,-16002,Bills D/ST,D/ST,16,D/ST,True,-7.0
2024,14,12,4431611,Caleb Williams,QB,20,BE,False,18.060000000000002
2024,14,5,4258173,Nico Collins,WR,20,BE,False,0.0
2024,14,5,4047365,Josh Jacobs,RB,2,RB,True,24.6
2024,14,5,3139477,Patrick Mahomes,QB,20,BE,False,16.1
2024,14,5,4567048,Kenneth Walker III,RB,2,RB,True,0.0
2024,14,5,3126486,Deebo Samuel Sr.,WR,4,WR,True,5.5
2024,14,5,3915511,Joe Burrow,QB,0,QB,True,31.560000000000002
2024,14,5,3917315,Kyler Murray,QB,20,BE,False,22.96
2024,14,5,4362249,Jayden Reed,WR,23,FLEX,True,0.0
2024,14,5,4432773,Brian Thomas Jr.,WR,4,WR,True,16.6
2024,14,5,4722893,Jaleel McLaughlin,RB,20,BE,False,0.0
2024,14,5,4040655,Darnell Mooney,WR,23,FLEX,True,20.200000000000003
2024,14,5,4685247,Braelon Allen,RB,20,BE,False,12.100000000000001
2024,14,5,-16033,Ravens D/ST,D/ST,20,BE,False,0.0
2024,14,5,4372096,Luke Schoonmaker,TE,6,TE,True,4.2
2024,14,5,4566192,Joshua Karty,K,17,K,True,7.0
2024,14,5,-16027,Buccaneers D/ST,D/ST,16,D/ST,True,11.0
2024,14,3,3117251,Christian McCaffrey,RB,20,BE,False,0.0
2024,14,3,4697815,Rachaad White,RB,2,RB,True,24.9
2024,14,3,4429615,Zay Flowers,WR,20,BE,False,0.0
2024,14,3,4241478,DeVonta Smith,WR,4,WR,True,13.7
2024,14,3,4385690,Dalton Kincaid,TE,6,TE,True,0.0
2024,14,3,3068267,Austin Ekeler,RB,20,BE,False,0.0
2024,14,3,15795,DeAndre Hopkins,WR,23,FLEX,True,13.2
2024,14,3,3128720,Nick Chubb,RB,23,FLEX,True,4.800000000000001
2024,14,3,-16021,Eagles D/ST,D/ST,16,D/ST,True,4.0
2024,14,3,4429205,Jordan Addison,WR,4,WR,True,40.3
2024,14,3,4241372,Hollywood Brown,WR,21,IR,False,0.0
2024,14,3,4360310,Trevor Lawrence,QB,20,BE,False,0.0
2024,14,3,4038815,Rico Dowdle,RB,2,RB,True,15.100000000000001
2024,14,3,3046439,Hunter Henry,TE,20,BE,False,0.0
2024,14,3,-16017,Patriots D/ST,D/ST,20,BE,False,0.0
2024,14,3,2969939,Jameis Winston,QB,0,QB,True,19.28
2024,14,3,4567104,Will Reichard,K,17,K,True,5.0
2024,14,9,16800,Davante Adams,WR,4,WR,True,25.9
2024,14,9,3915416,DJ Moore,WR,23,FLEX,True,10.9
2024,14,9,4432708,Marvin Harrison Jr.,WR,23,FLEX,True,8.9
2024,14,9,4426502,Drake London,WR,4,WR,True,12.0
2024,14,9,4379399,James Cook,RB,2,RB,True,4.9
2024,14,9,4036378,Jordan Love,QB,0,QB,True,16.54
2024,14,9,4428557,Tyjae Spears,RB,20,BE,False,3.3000000000000003
2024,14,9,3123076,David Njoku,TE,6,TE,True,17.2
2024,14,9,4241474,Brian Robinson Jr.,RB,20,BE,False,0.0
2024,14,9,4361579,Javonte Williams,RB,20,BE,False,0.0
2024,14,9,4569987,Jaylen Warren,RB,2,RB,True,9.2
2024,14,9,-16005,Browns D/ST,D/ST,16,D/ST,True,5.0
2024,14,9,4036133,T.J. Hockenson,TE,20,BE,False,8.5
2024,14,9,2971573,Ka'imi Fairbairn,K,17,K,True,0.0
2024,14,9,3122840,Deshaun Watson,QB,20,BE,False,0.0
2024,14,9,14881,Russell Wilson,QB,20,BE,False,20.02
2024,14,10,4361529,Isiah Pacheco,RB,23,FLEX,True,8.1
2024,14,10,15847,Travis Kelce,TE,6,TE,True,9.5
2024,14,10,3054850,Alvin Kamara,RB,2,RB,True,12.9
2024,14,10,4361370,Chris Olave,WR,21,IR,False,0.0
2024,14,10,4035687,Michael Pittman Jr.,WR,20,BE,False,0.0
2024,14,10,4569173,Rhamondre Stevenson,RB,20,BE,False,0.0
2024,14,10,4683062,Xavier Worthy,WR,4,WR,True,9.600000000000001
2024,14,10,4426348,Jayden Daniels,QB,20,BE,False,0.0
2024,14,10,4040761,Devin Singletary,RB,23,FLEX,True,0.8
2024,14,10,3128429,Courtland Sutton,WR,20,BE,False,0.0
2024,14,10,4360234,Evan McPherson,K,20,BE,False,0.0
2024,14,10,3059915,Kareem Hunt,RB,2,RB,True,3.9000000000000004
2024,14,10,4426338,Bo Nix,QB,20,BE,False,0.0
2024,14,10,-16022,Cardinals D/ST,D/ST,16,D/ST,True,-3.0
2024,14,10,2972515,Cooper Rush,QB,0,QB,True,17.82
2024,14,10,16460,Adam Thielen,WR,4,WR,True,19.200000000000003
2024,14,10,3917232,Tyler Bass,K,17,K,True,6.0
2024,14,11,3929630,Saquon Barkley,RB,2,RB,True,14.4
2024,14,11,4047650,DK Metcalf,WR,4,WR,True,8.9
2024,14,11,4242335,Jonathan Taylor,RB,20,BE,False,0.0
2024,14,11,4361741,Brock Purdy,QB,20,BE,False,26.1
2024,14,11,4430878,Jaxon Smith-Njigba,WR,23,FLEX,True,19.6
2024,14,11,4242355,Jake Ferguson,TE,20,BE,False,6.2
2024,14,11,4038941,Justin Herbert,QB,0,QB,True,15.719999999999999
2024,14,11,4426385,Zach Charbonnet,RB,23,FLEX,True,41.3
2024,14,11,4243331,Cade Otton,TE,6,TE,True,10.0
2024,14,11,-16007,Broncos D/ST,D/ST,20,BE,False,0.0
2024,14,11,-16008,Lions D/ST,D/ST,16,D/ST,True,4.0
2024,14,11,4429025,Quentin Johnston,WR,4,WR,True,15.8
2024,14,11,4430034,Xavier Legette,WR,20,BE,False,5.9
2024,14,11,4360939,Rashod Bateman,WR,20,BE,False,0.0
2024,14,11,3051926,Gus Edwards,RB,2,RB,True,9.6
2024,14,11,3150744,Chase McLaughlin,K,17,K,True,4.0
2024,14,8,4430807,Bijan Robinson,RB,2,RB,True,20.1
2024,14,8,4262921,Justin Jefferson,WR,4,WR,True,35.2
2024,14,8,4426515,Puka Nacua,WR,4,WR,True,41.8
2024,14,8,3045147,James Conner,RB,2,RB,True,22.2
2024,14,8,4360248,Kyle Pitts,TE,6,TE,True,2.4000000000000004
2024,14,8,3055899,Harrison Butker,K,21,IR,False,0.0
2024,14,8,4362238,Chase Brown,RB,23,FLEX,True,24.3
2024,14,8,-16025,49ers D/ST,D/ST,16,D/ST,True,16.0
2024,14,8,4426388,Jameson Williams,WR,20,BE,False,13.0
2024,14,8,4361050,Isaiah Likely,TE,20,BE,False,0.0
2024,14,8,4373678,Khalil Shakir,WR,23,FLEX,True,24.6
2024,14,8,4048244,Alexander Mattison,RB,20,BE,False,0.0
2024,14,8,4360078,Alec Pierce,WR,20,BE,False,0.0
2024,14,8,3912547,Sam Darnold,QB,0,QB,True,48.58
2024,14,8,2576414,Raheem Mostert,RB,20,BE,False,0.0
2024,14,8,4372066,Jake Moody,K,17,K,True,8.0
2024,14,8,4429084,Anthony Richardson,QB,20,BE,False,0.0
2024,14,4,4047646,A.J. Brown,WR,4,WR,True,8.3
2024,14,4,2977187,Cooper Kupp,WR,23,FLEX,True,20.200000000000003
2024,14,4,3918298,Josh Allen,QB,0,QB,True,61.88
2024,14,4,4429160,De'Von Achane,RB,2,RB,True,18.9
2024,14,4,3916387,Lamar Jackson,QB,20,BE,False,0.0
2024,14,4,3040151,George Kittle,TE,6,TE,True,21.1
2024,14,4,15683,Justin Tucker,K,20,BE,False,0.0
2024,14,4,4372019,Jerome Ford,RB,20,BE,False,7.700000000000001
2024,14,4,4431299,Rome Odunze,WR,23,FLEX,True,20.2
2024,14,4,4569587,Wan'Dale Robinson,WR,20,BE,False,7.800000000000001
2024,14,4,4360516,Tyrone Tracy Jr.,RB,2,RB,True,19.3
2024,14,4,4429013,Tank Bigsby,RB,20,BE,False,13.2
2024,14,4,3886598,Jauan Jennings,WR,4,WR,True,28.0
2024,14,4,-16024,Chargers D/ST,D/ST,16,D/ST,True,5.0
2024,14,4,3054212,Jonnu Smith,TE,20,BE,False,13.4
2024,14,4,10621,Nick Folk,K,17,K,True,7.0
2024,14,7,4427366,Breece Hall,RB,20,BE,False,0.0
2024,14,7,4241389,CeeDee Lamb,WR,23,FLEX,True,21.4
2024,14,7,4362628,Ja'Marr Chase,WR,4,WR,True,46.099999999999994
2024,14,7,3121422,Terry McLaurin,WR,20,BE,False,0.0
2024,14,7,4572680,Tucker Kraft,TE,20,BE,False,13.100000000000001
2024,14,7,-16003,Bears D/ST,D/ST,20,BE,False,-4.0
2024,14,7,4373626,Tyler Allgeier,RB,20,BE,False,12.3
2024,14,7,3953687,Brandon Aubrey,K,17,K,True,9.0
2024,14,7,12483,Matthew Stafford,QB,20,BE,False,24.8
2024,14,7,2576336,Ameer Abdullah,RB,2,RB,True,0.8
2024,14,7,3929785,Nick Westbrook-Ikhine,WR,4,WR,True,2.9000000000000004
2024,14,7,3051738,Marquez Valdes-Scantling,WR,23,FLEX,True,9.100000000000001
2024,14,7,4372561,Isaac Guerendo,RB,2,RB,True,26.8
2024,14,7,4361418,Will Levis,QB,0,QB,True,7.02
2024,14,7,-16018,Saints D/ST,D/ST,16,D/ST,True,9.0
2024,14,7,3116164,Mike Gesicki,TE,6,TE,True,5.4
2024,14,1,3043078,Derrick Henry,RB,20,BE,False,0.0
2024,14,1,3116385,Joe Mixon,RB,20,BE,False,0.0
2024,14,1,4595348,Malik Nabers,WR,4,WR,True,14.9
2024,14,1,4430027,Sam LaPorta,TE,23,FLEX,True,10.4
2024,14,1,4239993,Tee Higgins,WR,23,FLEX,True,4.300000000000001
2024,14,1,4259545,D'Andre Swift,RB,2,RB,True,5.000000000000001
2024,14,1,4432577,C.J. Stroud,QB,20,BE,False,0.0
2024,14,1,4366031,Tank Dell,WR,20,BE,False,0.0
2024,14,1,4035538,David Montgomery,RB,2,RB,True,19.400000000000002
2024,14,1,4241985,J.K. Dobbins,RB,21,IR,False,0.0
2024,14,1,4432665,Brock Bowers,TE,6,TE,True,8.2
2024,14,1,-16023,Steelers D/ST,D/ST,16,D/ST,True,10.0
2024,14,1,4248528,Christian Watson,WR,20,BE,False,13.4
2024,14,1,3124679,Jason Sanders,K,17,K,True,15.0
2024,14,1,16757,Derek Carr,QB,0,QB,True,13.96
2024,14,1,15818,Keenan Allen,WR,4,WR,True,6.0
2024,14,1,-16011,Colts D/ST,D/ST,20,BE,False,0.0
2024,14,6,3116406,Tyreek Hill,WR,4,WR,True,28.1
2024,14,6,4241457,Najee Harris,RB,23,FLEX,True,11.3
2024,14,6,4372016,Jaylen Waddle,WR,4,WR,True,20.9
2024,14,6,4361307,Trey McBride,TE,6,TE,True,14.0
2024,14,6,3916148,Tony Pollard,RB,2,RB,True,14.400000000000002
2024,14,6,3042519,Aaron Jones,RB,2,RB,True,16.400000000000002
2024,14,6,3121023,Dallas Goedert,TE,21,IR,False,0.0
2024,14,6,4612826,Ladd McConkey,WR,20,BE,False,0.0
2024,14,6,4362081,Cameron Dicker,K,17,K,True,5.0
2024,14,6,4241479,Tua Tagovailoa,QB,0,QB,True,27.54
2024,14,6,4426354,George Pickens,WR,20,BE,False,0.0
2024,14,6,15864,Geno Smith,QB,20,BE,False,15.32
2024,14,6,-16015,Dolphins D/ST,D/ST,16,D/ST,True,1.0
2024,14,6,4372414,Elijah Moore,WR,20,BE,False,6.4
2024,14,6,4240472,Noah Gray,TE,23,FLEX,True,6.6
2024,14,6,4240021,Cam Akers,RB,20,BE,False,3.7
2024,14,6,4361411,Pat Freiermuth,TE,20,BE,False,13.8
2024,15,1,3043078,Derrick Henry,RB,2,RB,True,6.7
2024,15,1,3116385,Joe Mixon,RB,23,FLEX,True,10.600000000000001
2024,15,1,4595348,Malik Nabers,WR,4,WR,True,24.200000000000003
2024,15,1,4430027,Sam LaPorta,TE,20,BE,False,18.1
2024,15,1,4239993,Tee Higgins,WR,23,FLEX,True,19.8
2024,15,1,4259545,D'Andre Swift,RB,20,BE,False,9.9
2024,15,1,4432577,C.J. Stroud,QB,0,QB,True,15.64
2024,15,1,4366031,Tank Dell,WR,20,BE,False,6.1
2024,15,1,4035538,David Montgomery,RB,2,RB,True,7.5
2024,15,1,4241985,J.K. Dobbins,RB,21,IR,False,0.0
2024,15,1,4432665,Brock Bowers,TE,6,TE,True,6.5
2024,15,1,-16023,Steelers D/ST,D/ST,16,D/ST,True,5.0
2024,15,1,4248528,Christian Watson,WR,20,BE,False,8.600000000000001
2024,15,1,3124679,Jason Sanders,K,17,K,True,7.0
2024,15,1,15818,Keenan Allen,WR,4,WR,True,20.200000000000003
2024,15,1,-16011,Colts D/ST,D/ST,20,BE,False,11.0
2024,15,1,8439,Aaron Rodgers,QB,20,BE,False,39.06
2024,15,9,16800,Davante Adams,WR,4,WR,True,45.8
2024,15,9,3915416,DJ Moore,WR,4,WR,True,15.0
2024,15,9,4432708,Marvin Harrison Jr.,WR,23,FLEX,True,5.2
2024,15,9,4426502,Drake London,WR,23,FLEX,True,14.3
2024,15,9,4379399,James Cook,RB,2,RB,True,27.3
2024,15,9,4036378,Jordan Love,QB,0,QB,True,21.560000000000002
2024,15,9,4428557,Tyjae Spears,RB,20,BE,False,27.200000000000003
2024,15,9,3123076,David Njoku,TE,6,TE,True,0.0
2024,15,9,4241474,Brian Robinson Jr.,RB,2,RB,True,11.7
2024,15,9,4361579,Javonte Williams,RB,20,BE,False,4.3
2024,15,9,4569987,Jaylen Warren,RB,20,BE,False,2.5
2024,15,9,-16005,Browns D/ST,D/ST,16,D/ST,True,0.0
2024,15,9,4036133,T.J. Hockenson,TE,20,BE,False,10.2
2024,15,9,2971573,Ka'imi Fairbairn,K,17,K,True,9.0
2024,15,9,3122840,Deshaun Watson,QB,20,BE,False,0.0
2024,15,9,14881,Russell Wilson,QB,20,BE,False,10.42
2024,15,4,4047646,A.J. Brown,WR,4,WR,True,25.0
2024,15,4,2977187,Cooper Kupp,WR,23,FLEX,True,0.0
2024,15,4,3918298,Josh Allen,QB,20,BE,False,45.28
2024,15,4,4429160,De'Von Achane,RB,2,RB,True,14.600000000000001
2024,15,4,3916387,Lamar Jackson,QB,0,QB,True,47.1
2024,15,4,3040151,George Kittle,TE,6,TE,True,10.100000000000001
2024,15,4,15683,Justin Tucker,K,20,BE,False,5.0
2024,15,4,4372019,Jerome Ford,RB,20,BE,False,21.4
2024,15,4,4431299,Rome Odunze,WR,23,FLEX,True,5.9
2024,15,4,4569587,Wan'Dale Robinson,WR,20,BE,False,7.800000000000001
2024,15,4,4360516,Tyrone Tracy Jr.,RB,2,RB,True,4.5
2024,15,4,4429013,Tank Bigsby,RB,20,BE,False,4.2
2024,15,4,3886598,Jauan Jennings,WR,4,WR,True,5.1
2024,15,4,-16024,Chargers D/ST,D/ST,16,D/ST,True,-4.0
2024,15,4,3054212,Jonnu Smith,TE,20,BE,False,19.8
2024,15,4,10621,Nick Folk,K,17,K,True,3.0
2024,15,2,4374302,Amon-Ra St. Brown,WR,4,WR,True,40.3
2024,15,2,4429795,Jahmyr Gibbs,RB,2,RB,True,28.400000000000002
2024,15,2,2976212,Stefon Diggs,WR,21,IR,False,0.0
2024,15,2,4040715,Jalen Hurts,QB,0,QB,True,32.1
2024,15,2,3116365,Mark Andrews,TE,6,TE,True,10.4
2024,15,2,4241416,Chuba Hubbard,RB,23,FLEX,True,8.9
2024,15,2,4241463,Jerry Jeudy,WR,4,WR,True,21.8
2024,15,2,4429275,Trey Benson,RB,20,BE,False,2.2
2024,15,2,3052587,Baker Mayfield,QB,20,BE,False,39.019999999999996
2024,15,2,4427095,DeMario Douglas,WR,23,FLEX,True,10.1
2024,15,2,4429501,Ray Davis,RB,2,RB,True,10.9
2024,15,2,-16016,Vikings D/ST,D/ST,16,D/ST,True,9.0
2024,15,2,-16034,Texans D/ST,D/ST,20,BE,False,16.0
2024,15,2,4430834,Jalen McMillan,WR,20,BE,False,18.5
2024,15,2,3050478,Jake Elliott,K,20,BE,False,10.0
2024,15,2,4689936,Jake Bates,K,17,K,True,5.0
2024,15,2,3127292,Will Dissly,TE,20,BE,False,0.0
2024,15,6,3116406,Tyreek Hill,WR,4,WR,True,5.6
2024,15,6,4241457,Najee Harris,RB,23,FLEX,True,3.1000000000000005
2024,15,6,4372016,Jaylen Waddle,WR,4,WR,True,0.0
2024,15,6,4361307,Trey McBride,TE,6,TE,True,17.700000000000003
2024,15,6,3916148,Tony Pollard,RB,2,RB,True,8.5
2024,15,6,3042519,Aaron Jones,RB,2,RB,True,18.6
2024,15,6,3121023,Dallas Goedert,TE,21,IR,False,0.0
2024,15,6,4612826,Ladd McConkey,WR,23,FLEX,True,16.8
2024,15,6,4362081,Cameron Dicker,K,17,K,True,6.0
2024,15,6,4241479,Tua Tagovailoa,QB,0,QB,True,5.84
2024,15,6,4426354,George Pickens,WR,20,BE,False,0.0
2024,15,6,15864,Geno Smith,QB,20,BE,False,4.46
2024,15,6,4372414,Elijah Moore,WR,20,BE,False,1.9
2024,15,6,4240472,Noah Gray,TE,20,BE,False,10.1
2024,15,6,4361411,Pat Freiermuth,TE,20,BE,False,11.2
2024,15,6,-16012,Chiefs D/ST,D/ST,16,D/ST,True,22.0
2024,15,6,4430104,Sincere McCormick,RB,20,BE,False,4.5
2024,15,8,4430807,Bijan Robinson,RB,2,RB,True,14.5
2024,15,8,4262921,Justin Jefferson,WR,4,WR,True,20.3
2024,15,8,4426515,Puka Nacua,WR,4,WR,True,17.8
2024,15,8,3045147,James Conner,RB,2,RB,True,30.8
2024,15,8,4360248,Kyle Pitts,TE,6,TE,True,6.800000000000001
2024,15,8,3055899,Harrison Butker,K,21,IR,False,2.0
2024,15,8,4362238,Chase Brown,RB,23,FLEX,True,26.300000000000004
2024,15,8,-16025,49ers D/ST,D/ST,16,D/ST,True,3.0
2024,15,8,4426388,Jameson Williams,WR,20,BE,False,12.7
2024,15,8,4361050,Isaiah Likely,TE,20,BE,False,3.7
2024,15,8,4373678,Khalil Shakir,WR,23,FLEX,True,15.9
2024,15,8,4048244,Alexander Mattison,RB,20,BE,False,2.4000000000000004
2024,15,8,4360078,Alec Pierce,WR,20,BE,False,0.0
2024,15,8,3912547,Sam Darnold,QB,0,QB,True,13.24
2024,15,8,4372066,Jake Moody,K,17,K,True,9.0
2024,15,8,3929645,Juwan Johnson,TE,20,BE,False,3.2
2024,15,8,4429084,Anthony Richardson,QB,20,BE,False,14.379999999999999
2024,15,12,4569618,Garrett Wilson,WR,4,WR,True,14.600000000000001
2024,15,12,4430737,Kyren Williams,RB,2,RB,True,13.200000000000001
2024,15,12,4239996,Travis Etienne Jr.,RB,20,BE,False,12.5
2024,15,12,16737,Mike Evans,WR,23,FLEX,True,39.9
2024,15,12,3925357,Calvin Ridley,WR,23,FLEX,True,9.0
2024,15,12,3051876,Evan Engram,TE,6,TE,True,0.0
2024,15,12,3916433,Jakobi Meyers,WR,4,WR,True,10.9
2024,15,12,4596448,Bucky Irving,RB,2,RB,True,13.3
2024,15,12,3046779,Jared Goff,QB,0,QB,True,56.06
2024,15,12,-16009,Packers D/ST,D/ST,20,BE,False,16.0
2024,15,12,4038441,Justice Hill,RB,20,BE,False,17.8
2024,15,12,15835,Zach Ertz,TE,20,BE,False,4.5
2024,15,12,17372,Chris Boswell,K,17,K,True,8.0
2024,15,12,4688813,Josh Downs,WR,21,IR,False,6.2
2024,15,12,3127586,Jeremy McNichols,RB,20,BE,False,1.4
2024,15,12,-16002,Bills D/ST,D/ST,16,D/ST,True,-4.0
2024,15,12,4431611,Caleb Williams,QB,20,BE,False,11.940000000000001
2024,15,10,4361529,Isiah Pacheco,RB,23,FLEX,True,5.7
2024,15,10,15847,Travis Kelce,TE,6,TE,True,6.7
2024,15,10,3054850,Alvin Kamara,RB,2,RB,True,17.0
2024,15,10,4361370,Chris Olave,WR,21,IR,False,0.0
2024,15,10,4035687,Michael Pittman Jr.,WR,20,BE,False,9.8
2024,15,10,4569173,Rhamondre Stevenson,RB,20,BE,False,9.5
2024,15,10,4683062,Xavier Worthy,WR,4,WR,True,19.6
2024,15,10,4426348,Jayden Daniels,QB,20,BE,False,27.64
2024,15,10,4040761,Devin Singletary,RB,23,FLEX,True,13.1
2024,15,10,3128429,Courtland Sutton,WR,20,BE,False,12.2
2024,15,10,4360234,Evan McPherson,K,20,BE,False,0.0
2024,15,10,3059915,Kareem Hunt,RB,2,RB,True,5.9
2024,15,10,4426338,Bo Nix,QB,20,BE,False,19.5
2024,15,10,-16022,Cardinals D/ST,D/ST,16,D/ST,True,5.0
2024,15,10,2972515,Cooper Rush,QB,0,QB,True,25.060000000000002
2024,15,10,16460,Adam Thielen,WR,4,WR,True,10.100000000000001
2024,15,10,3917232,Tyler Bass,K,17,K,True,14.0
2024,15,3,3117251,Christian McCaffrey,RB,20,BE,False,0.0
2024,15,3,4697815,Rachaad White,RB,2,RB,True,14.100000000000001
2024,15,3,4429615,Zay Flowers,WR,20,BE,False,11.3
2024,15,3,4241478,DeVonta Smith,WR,4,WR,True,28.0
2024,15,3,4385690,Dalton Kincaid,TE,6,TE,True,9.3
2024,15,3,3068267,Austin Ekeler,RB,20,BE,False,0.0
2024,15,3,15795,DeAndre Hopkins,WR,23,FLEX,True,8.6
2024,15,3,3128720,Nick Chubb,RB,23,FLEX,True,2.1000000000000005
2024,15,3,-16021,Eagles D/ST,D/ST,16,D/ST,True,11.0
2024,15,3,4429205,Jordan Addison,WR,4,WR,True,13.3
2024,15,3,4241372,Hollywood Brown,WR,21,IR,False,0.0
2024,15,3,4360310,Trevor Lawrence,QB,20,BE,False,0.0
2024,15,3,4038815,Rico Dowdle,RB,2,RB,True,14.9
2024,15,3,3046439,Hunter Henry,TE,20,BE,False,6.5
2024,15,3,-16017,Patriots D/ST,D/ST,20,BE,False,0.0
2024,15,3,2969939,Jameis Winston,QB,0,QB,True,-0.3600000000000003
2024,15,3,4567104,Will Reichard,K,17,K,True,15.0
2024,15,11,3929630,Saquon Barkley,RB,2,RB,True,9.4
2024,15,11,4047650,DK Metcalf,WR,4,WR,True,5.800000000000001
2024,15,11,4242335,Jonathan Taylor,RB,2,RB,True,10.100000000000001
2024,15,11,4361741,Brock Purdy,QB,0,QB,True,3.9799999999999995
2024,15,11,4430878,Jaxon Smith-Njigba,WR,23,FLEX,True,18.3
2024,15,11,4242355,Jake Ferguson,TE,6,TE,True,4.300000000000001
2024,15,11,4038941,Justin Herbert,QB,20,BE,False,17.8
2024,15,11,4426385,Zach Charbonnet,RB,23,FLEX,True,13.600000000000001
2024,15,11,4243331,Cade Otton,TE,20,BE,False,4.4
2024,15,11,-16007,Broncos D/ST,D/ST,16,D/ST,True,19.0
2024,15,11,-16008,Lions D/ST,D/ST,20,BE,False,-13.0
2024,15,11,4429025,Quentin Johnston,WR,4,WR,True,15.5
2024,15,11,4430034,Xavier Legette,WR,20,BE,False,2.9000000000000004
2024,15,11,4360939,Rashod Bateman,WR,20,BE,False,24.0
2024,15,11,3051926,Gus Edwards,RB,20,BE,False,2.3000000000000003
2024,15,11,3150744,Chase McLaughlin,K,17,K,True,18.0
2024,15,5,4258173,Nico Collins,WR,4,WR,True,17.7
2024,15,5,4047365,Josh Jacobs,RB,2,RB,True,21.599999999999998
2024,15,5,3139477,Patrick Mahomes,QB,20,BE,False,19.76
2024,15,5,4567048,Kenneth Walker III,RB,20,BE,False,0.0
2024,15,5,3126486,Deebo Samuel Sr.,WR,23,FLEX,True,4.9
2024,15,5,3915511,Joe Burrow,QB,0,QB,True,22.84
2024,15,5,3917315,Kyler Murray,QB,20,BE,False,10.06
2024,15,5,4362249,Jayden Reed,WR,23,FLEX,True,11.100000000000001
2024,15,5,4432773,Brian Thomas Jr.,WR,4,WR,True,32.5
2024,15,5,4722893,Jaleel McLaughlin,RB,2,RB,True,6.3999999999999995
2024,15,5,4040655,Darnell Mooney,WR,20,BE,False,0.0
2024,15,5,4685247,Braelon Allen,RB,20,BE,False,0.5
2024,15,5,-16033,Ravens D/ST,D/ST,16,D/ST,True,8.0
2024,15,5,4372096,Luke Schoonmaker,TE,6,TE,True,0.0
2024,15,5,4566192,Joshua Karty,K,17,K,True,13.0
2024,15,5,-16027,Buccaneers D/ST,D/ST,20,BE,False,10.0
2024,15,7,4427366,Breece Hall,RB,2,RB,True,13.1
2024,15,7,4241389,CeeDee Lamb,WR,23,FLEX,True,26.6
2024,15,7,4362628,Ja'Marr Chase,WR,4,WR,True,18.4
2024,15,7,3121422,Terry McLaurin,WR,23,FLEX,True,26.3
2024,15,7,4572680,Tucker Kraft,TE,6,TE,True,5.4
2024,15,7,-16003,Bears D/ST,D/ST,20,BE,False,5.0
2024,15,7,4373626,Tyler Allgeier,RB,20,BE,False,4.3
2024,15,7,3953687,Brandon Aubrey,K,17,K,True,15.0
2024,15,7,12483,Matthew Stafford,QB,0,QB,True,8.200000000000001
2024,15,7,3929785,Nick Westbrook-Ikhine,WR,4,WR,True,2.9
2024,15,7,3051738,Marquez Valdes-Scantling,WR,20,BE,False,8.8
2024,15,7,4372561,Isaac Guerendo,RB,2,RB,True,11.5
2024,15,7,3116164,Mike Gesicki,TE,20,BE,False,6.7
2024,15,7,4599739,Kendre Miller,RB,20,BE,False,4.6000000000000005
2024,15,7,-16028,Commanders D/ST,D/ST,16,D/ST,True,7.0
2024,16,1,3043078,Derrick Henry,RB,2,RB,True,20.9
2024,16,1,3116385,Joe Mixon,RB,2,RB,True,8.1
2024,16,1,4595348,Malik Nabers,WR,4,WR,True,13.8
2024,16,1,4430027,Sam LaPorta,TE,20,BE,False,14.3
2024,16,1,4239993,Tee Higgins,WR,23,FLEX,True,19.8
2024,16,1,4259545,D'Andre Swift,RB,23,FLEX,True,8.3
2024,16,1,4432577,C.J. Stroud,QB,20,BE,False,20.060000000000002
2024,16,1,4366031,Tank Dell,WR,20,BE,False,21.8
2024,16,1,4035538,David Montgomery,RB,20,BE,False,0.0
2024,16,1,4241985,J.K. Dobbins,RB,21,IR,False,0.0
2024,16,1,4432665,Brock Bowers,TE,6,TE,True,20.9
2024,16,1,-16023,Steelers D/ST,D/ST,20,BE,False,0.0
2024,16,1,4248528,Christian Watson,WR,20,BE,False,2.3000000000000003
2024,16,1,3124679,Jason Sanders,K,17,K,True,21.0
2024,16,1,15818,Keenan Allen,WR,4,WR,True,30.1
2024,16,1,-16011,Colts D/ST,D/ST,16,D/ST,True,6.0
2024,16,1,8439,Aaron Rodgers,QB,0,QB,True,14.84
2024,16,9,16800,Davante Adams,WR,4,WR,True,19.8
2024,16,9,3915416,DJ Moore,WR,4,WR,True,14.0
2024,16,9,4432708,Marvin Harrison Jr.,WR,23,FLEX,True,7.9
2024,16,9,4426502,Drake London,WR,23,FLEX,True,10.9
2024,16,9,4379399,James Cook,RB,2,RB,True,28.6
2024,16,9,4036378,Jordan Love,QB,0,QB,True,13.48
2024,16,9,4428557,Tyjae Spears,RB,20,BE,False,21.6
2024,16,9,3123076,David Njoku,TE,6,TE,True,14.600000000000001
2024,16,9,4241474,Brian Robinson Jr.,RB,2,RB,True,2.1000000000000005
2024,16,9,4361579,Javonte Williams,RB,20,BE,False,12.3
2024,16,9,4569987,Jaylen Warren,RB,20,BE,False,14.200000000000001
2024,16,9,-16005,Browns D/ST,D/ST,16,D/ST,True,6.0
2024,16,9,4036133,T.J. Hockenson,TE,20,BE,False,4.7
2024,16,9,2971573,Ka'imi Fairbairn,K,17,K,True,6.0
2024,16,9,3122840,Deshaun Watson,QB,20,BE,False,0.0
2024,16,9,14881,Russell Wilson,QB,20,BE,False,19.38
2024,16,8,4430807,Bijan Robinson,RB,2,RB,True,24.299999999999997
2024,16,8,4262921,Justin Jefferson,WR,4,WR,True,36.4
2024,16,8,4426515,Puka Nacua,WR,4,WR,True,13.600000000000001
2024,16,8,3045147,James Conner,RB,2,RB,True,26.6
2024,16,8,4360248,Kyle Pitts,TE,6,TE,True,1.7000000000000002
2024,16,8,3055899,Harrison Butker,K,17,K,True,10.0
2024,16,8,4362238,Chase Brown,RB,23,FLEX,True,13.9
2024,16,8,-16025,49ers D/ST,D/ST,16,D/ST,True,-1.0
2024,16,8,4426388,Jameson Williams,WR,20,BE,False,29.0
2024,16,8,4361050,Isaiah Likely,TE,20,BE,False,11.9
2024,16,8,4373678,Khalil Shakir,WR,23,FLEX,True,4.2
2024,16,8,4048244,Alexander Mattison,RB,20,BE,False,15.6
2024,16,8,3912547,Sam Darnold,QB,0,QB,True,28.939999999999998
2024,16,8,4372066,Jake Moody,K,20,BE,False,4.0
2024,16,8,3929645,Juwan Johnson,TE,20,BE,False,4.7
2024,16,8,4429084,Anthony Richardson,QB,20,BE,False,22.240000000000002
2024,16,2,4374302,Amon-Ra St. Brown,WR,4,WR,True,19.0
2024,16,2,4429795,Jahmyr Gibbs,RB,2,RB,True,25.4
2024,16,2,2976212,Stefon Diggs,WR,21,IR,False,0.0
2024,16,2,4040715,Jalen Hurts,QB,0,QB,True,4.540000000000001
2024,16,2,3116365,Mark Andrews,TE,6,TE,True,13.8
2024,16,2,4241416,Chuba Hubbard,RB,2,RB,True,32.5
2024,16,2,4241463,Jerry Jeudy,WR,4,WR,True,4.0
2024,16,2,4429275,Trey Benson,RB,20,BE,False,0.0
2024,16,2,3052587,Baker Mayfield,QB,20,BE,False,26.32
2024,16,2,4427095,DeMario Douglas,WR,23,FLEX,True,7.9
2024,16,2,4429501,Ray Davis,RB,20,BE,False,3.9000000000000004
2024,16,2,-16016,Vikings D/ST,D/ST,16,D/ST,True,6.0
2024,16,2,-16034,Texans D/ST,D/ST,20,BE,False,1.0
2024,16,2,4430834,Jalen McMillan,WR,23,FLEX,True,16.7
2024,16,2,3050478,Jake Elliott,K,20,BE,False,18.0
2024,16,2,4689936,Jake Bates,K,17,K,True,9.0
2024,16,2,3127292,Will Dissly,TE,20,BE,False,0.0
2024,16,4,4047646,A.J. Brown,WR,4,WR,True,23.700000000000003
2024,16,4,2977187,Cooper Kupp,WR,23,FLEX,True,5.4
2024,16,4,3918298,Josh Allen,QB,20,BE,False,13.16
2024,16,4,4429160,De'Von Achane,RB,2,RB,True,34.0
2024,16,4,3916387,Lamar Jackson,QB,0,QB,True,26.48
2024,16,4,3040151,George Kittle,TE,6,TE,True,18.6
2024,16,4,15683,Justin Tucker,K,20,BE,False,12.0
2024,16,4,4372019,Jerome Ford,RB,20,BE,False,24.1
2024,16,4,4431299,Rome Odunze,WR,23,FLEX,True,9.7
2024,16,4,4569587,Wan'Dale Robinson,WR,20,BE,False,13.2
2024,16,4,4360516,Tyrone Tracy Jr.,RB,2,RB,True,16.9
2024,16,4,4429013,Tank Bigsby,RB,20,BE,False,10.1
2024,16,4,3886598,Jauan Jennings,WR,4,WR,True,9.100000000000001
2024,16,4,-16024,Chargers D/ST,D/ST,16,D/ST,True,2.0
2024,16,4,3054212,Jonnu Smith,TE,20,BE,False,12.2
2024,16,4,10621,Nick Folk,K,17,K,True,0.0
2024,16,6,3116406,Tyreek Hill,WR,4,WR,True,11.9
2024,16,6,4241457,Najee Harris,RB,23,FLEX,True,4.2
2024,16,6,4372016,Jaylen Waddle,WR,20,BE,False,0.0
2024,16,6,4361307,Trey McBride,TE,6,TE,True,5.0
2024,16,6,3916148,Tony Pollard,RB,2,RB,True,8.0
2024,16,6,3042519,Aaron Jones,RB,2,RB,True,12.299999999999999
2024,16,6,4612826,Ladd McConkey,WR,4,WR,True,14.700000000000001
2024,16,6,4362081,Cameron Dicker,K,17,K,True,10.0
2024,16,6,4241479,Tua Tagovailoa,QB,0,QB,True,14.5
2024,16,6,4426354,George Pickens,WR,21,IR,False,0.0
2024,16,6,15864,Geno Smith,QB,20,BE,False,27.36
2024,16,6,4372414,Elijah Moore,WR,20,BE,False,4.1
2024,16,6,4240472,Noah Gray,TE,20,BE,False,2.0
2024,16,6,4361411,Pat Freiermuth,TE,20,BE,False,4.6
2024,16,6,2576336,Ameer Abdullah,RB,20,BE,False,19.5
2024,16,6,-16001,Falcons D/ST,D/ST,16,D/ST,True,26.0
2024,16,6,4599739,Kendre Miller,RB,23,FLEX,True,5.1
2024,16,12,4569618,Garrett Wilson,WR,4,WR,True,11.4
2024,16,12,4430737,Kyren Williams,RB,2,RB,True,19.900000000000002
2024,16,12,4239996,Travis Etienne Jr.,RB,20,BE,False,5.7
2024,16,12,16737,Mike Evans,WR,23,FLEX,True,11.9
2024,16,12,3925357,Calvin Ridley,WR,23,FLEX,True,16.8
2024,16,12,3051876,Evan Engram,TE,6,TE,True,0.0
2024,16,12,3916433,Jakobi Meyers,WR,4,WR,True,6.1000000000000005
2024,16,12,4596448,Bucky Irving,RB,2,RB,True,18.200000000000003
2024,16,12,3046779,Jared Goff,QB,0,QB,True,34.34
2024,16,12,-16009,Packers D/ST,D/ST,20,BE,False,16.0
2024,16,12,4038441,Justice Hill,RB,20,BE,False,3.0
2024,16,12,15835,Zach Ertz,TE,20,BE,False,2.2
2024,16,12,17372,Chris Boswell,K,17,K,True,7.0
2024,16,12,4688813,Josh Downs,WR,21,IR,False,15.100000000000001
2024,16,12,3127586,Jeremy McNichols,RB,20,BE,False,7.8
2024,16,12,-16002,Bills D/ST,D/ST,16,D/ST,True,14.0
2024,16,12,4431611,Caleb Williams,QB,20,BE,False,27.759999999999998
2024,16,11,3929630,Saquon Barkley,RB,2,RB,True,30.0
2024,16,11,4047650,DK Metcalf,WR,4,WR,True,14.7
2024,16,11,4242335,Jonathan Taylor,RB,2,RB,True,47.8
2024,16,11,4361741,Brock Purdy,QB,20,BE,False,25.119999999999997
2024,16,11,4430878,Jaxon Smith-Njigba,WR,23,FLEX,True,24.0
2024,16,11,4242355,Jake Ferguson,TE,6,TE,True,10.0
2024,16,11,4038941,Justin Herbert,QB,0,QB,True,26.16
2024,16,11,4426385,Zach Charbonnet,RB,23,FLEX,True,3.3
2024,16,11,4243331,Cade Otton,TE,20,BE,False,0.0
2024,16,11,-16007,Broncos D/ST,D/ST,20,BE,False,3.0
2024,16,11,-16008,Lions D/ST,D/ST,16,D/ST,True,7.0
2024,16,11,4429025,Quentin Johnston,WR,4,WR,True,4.8
2024,16,11,4430034,Xavier Legette,WR,20,BE,False,0.0
2024,16,11,4360939,Rashod Bateman,WR,20,BE,False,8.4
2024,16,11,3051926,Gus Edwards,RB,20,BE,False,20.1
2024,16,11,3150744,Chase McLaughlin,K,17,K,True,7.0
2024,16,10,4361529,Isiah Pacheco,RB,23,FLEX,True,3.5
2024,16,10,15847,Travis Kelce,TE,6,TE,True,8.0
2024,16,10,3054850,Alvin Kamara,RB,2,RB,True,0.0
2024,16,10,4361370,Chris Olave,WR,21,IR,False,0.0
2024,16,10,4035687,Michael Pittman Jr.,WR,20,BE,False,3.9000000000000004
2024,16,10,4569173,Rhamondre Stevenson,RB,20,BE,False,12.3
2024,16,10,4683062,Xavier Worthy,WR,4,WR,True,20.5
2024,16,10,4426348,Jayden Daniels,QB,20,BE,False,45.42
2024,16,10,4040761,Devin Singletary,RB,23,FLEX,True,1.2000000000000002
2024,16,10,3128429,Courtland Sutton,WR,20,BE,False,10.0
2024,16,10,4360234,Evan McPherson,K,20,BE,False,0.0
2024,16,10,3059915,Kareem Hunt,RB,2,RB,True,15.9
2024,16,10,4426338,Bo Nix,QB,20,BE,False,25.02
2024,16,10,-16022,Cardinals D/ST,D/ST,16,D/ST,True,0.0
2024,16,10,2972515,Cooper Rush,QB,0,QB,True,17.28
2024,16,10,16460,Adam Thielen,WR,4,WR,True,15.3
2024,16,10,3917232,Tyler Bass,K,17,K,True,8.0
2024,16,5,4258173,Nico Collins,WR,4,WR,True,13.0
2024,16,5,4047365,Josh Jacobs,RB,2,RB,True,20.7
2024,16,5,3139477,Patrick Mahomes,QB,20,BE,False,25.700000000000003
2024,16,5,4567048,Kenneth Walker III,RB,2,RB,True,13.9
2024,16,5,3126486,Deebo Samuel Sr.,WR,23,FLEX,True,25.1
2024,16,5,3915511,Joe Burrow,QB,0,QB,True,27.98
2024,16,5,3917315,Kyler Murray,QB,20,BE,False,22.380000000000003
2024,16,5,4362249,Jayden Reed,WR,23,FLEX,True,11.100000000000001
2024,16,5,4432773,Brian Thomas Jr.,WR,4,WR,True,31.200000000000003
2024,16,5,4722893,Jaleel McLaughlin,RB,20,BE,False,0.0
2024,16,5,4040655,Darnell Mooney,WR,20,BE,False,13.200000000000001
2024,16,5,4685247,Braelon Allen,RB,20,BE,False,2.0
2024,16,5,-16033,Ravens D/ST,D/ST,16,D/ST,True,14.0
2024,16,5,4372096,Luke Schoonmaker,TE,6,TE,True,1.3
2024,16,5,4566192,Joshua Karty,K,17,K,True,7.0
2024,16,5,-16027,Buccaneers D/ST,D/ST,20,BE,False,1.0
2024,16,3,3117251,Christian McCaffrey,RB,20,BE,False,0.0
2024,16,3,4697815,Rachaad White,RB,2,RB,True,11.0
2024,16,3,4429615,Zay Flowers,WR,20,BE,False,15.3
2024,16,3,4241478,DeVonta Smith,WR,4,WR,True,11.100000000000001
2024,16,3,4385690,Dalton Kincaid,TE,6,TE,True,5.5
2024,16,3,3068267,Austin Ekeler,RB,20,BE,False,0.0
2024,16,3,15795,DeAndre Hopkins,WR,23,FLEX,True,7.7
2024,16,3,3128720,Nick Chubb,RB,23,FLEX,True,0.0
2024,16,3,-16021,Eagles D/ST,D/ST,16,D/ST,True,8.0
2024,16,3,4429205,Jordan Addison,WR,4,WR,True,14.5
2024,16,3,4241372,Hollywood Brown,WR,21,IR,False,9.5
2024,16,3,4360310,Trevor Lawrence,QB,20,BE,False,0.0
2024,16,3,4038815,Rico Dowdle,RB,2,RB,True,8.100000000000001
2024,16,3,3046439,Hunter Henry,TE,20,BE,False,13.9
2024,16,3,-16017,Patriots D/ST,D/ST,20,BE,False,3.0
2024,16,3,2969939,Jameis Winston,QB,0,QB,True,0.0
2024,16,3,4567104,Will Reichard,K,17,K,True,12.0
2024,16,7,4427366,Breece Hall,RB,2,RB,True,14.0
2024,16,7,4241389,CeeDee Lamb,WR,23,FLEX,True,17.5
2024,16,7,4362628,Ja'Marr Chase,WR,4,WR,True,22.4
2024,16,7,3121422,Terry McLaurin,WR,23,FLEX,True,17.0
2024,16,7,4572680,Tucker Kraft,TE,6,TE,True,9.5
2024,16,7,-16003,Bears D/ST,D/ST,20,BE,False,-4.0
2024,16,7,4373626,Tyler Allgeier,RB,2,RB,True,4.1000000000000005
2024,16,7,3953687,Brandon Aubrey,K,17,K,True,21.0
2024,16,7,12483,Matthew Stafford,QB,0,QB,True,8.0
2024,16,7,3929785,Nick Westbrook-Ikhine,WR,20,BE,False,9.7
2024,16,7,4372561,Isaac Guerendo,RB,20,BE,False,0.0
2024,16,7,3116164,Mike Gesicki,TE,20,BE,False,3.4000000000000004
2024,16,7,4361432,Romeo Doubs,WR,4,WR,True,4.0
2024,16,7,-16004,Bengals D/ST,D/ST,16,D/ST,True,17.0
2024,17,1,3043078,Derrick Henry,RB,2,RB,True,24.500000000000004
2024,17,1,3116385,Joe Mixon,RB,2,RB,True,5.8999999999999995
2024,17,1,4595348,Malik Nabers,WR,4,WR,True,39.1
2024,17,1,4430027,Sam LaPorta,TE,20,BE,False,18.4
2024,17,1,4239993,Tee Higgins,WR,23,FLEX,True,40.1
2024,17,1,4259545,D'Andre Swift,RB,23,FLEX,True,12.100000000000001
2024,17,1,4432577,C.J. Stroud,QB,0,QB,True,6.1
2024,17,1,4035538,David Montgomery,RB,20,BE,False,0.0
2024,17,1,4241985,J.K. Dobbins,RB,21,IR,False,15.3
2024,17,1,4432665,Brock Bowers,TE,6,TE,True,14.600000000000001
2024,17,1,-16023,Steelers D/ST,D/ST,20,BE,False,-1.0
2024,17,1,4248528,Christian Watson,WR,20,BE,False,0.0
2024,17,1,3124679,Jason Sanders,K,17,K,True,10.0
2024,17,1,15818,Keenan Allen,WR,4,WR,True,7.5
2024,17,1,-16011,Colts D/ST,D/ST,16,D/ST,True,-3.0
2024,17,1,8439,Aaron Rodgers,QB,20,BE,False,0.4800000000000004
2024,17,1,4429022,Kayshon Boutte,WR,20,BE,False,6.800000000000001
2024,17,8,4430807,Bijan Robinson,RB,2,RB,True,24.8
2024,17,8,4262921,Justin Jefferson,WR,4,WR,True,17.200000000000003
2024,17,8,4426515,Puka Nacua,WR,4,WR,True,22.9
2024,17,8,3045147,James Conner,RB,2,RB,True,2.8
2024,17,8,4360248,Kyle Pitts,TE,6,TE,True,14.4
2024,17,8,3055899,Harrison Butker,K,17,K,True,4.0
2024,17,8,4362238,Chase Brown,RB,23,FLEX,True,13.1
2024,17,8,-16025,49ers D/ST,D/ST,16,D/ST,True,-1.0
2024,17,8,4426388,Jameson Williams,WR,20,BE,False,25.5
2024,17,8,4361050,Isaiah Likely,TE,20,BE,False,7.9
2024,17,8,4373678,Khalil Shakir,WR,23,FLEX,True,5.5
2024,17,8,4048244,Alexander Mattison,RB,20,BE,False,4.800000000000001
2024,17,8,3912547,Sam Darnold,QB,0,QB,True,30.78
2024,17,8,4372066,Jake Moody,K,20,BE,False,1.0
2024,17,8,3929645,Juwan Johnson,TE,20,BE,False,12.600000000000001
2024,17,8,4429084,Anthony Richardson,QB,20,BE,False,0.0
2024,17,2,4374302,Amon-Ra St. Brown,WR,4,WR,True,20.0
2024,17,2,4429795,Jahmyr Gibbs,RB,2,RB,True,26.300000000000004
2024,17,2,2976212,Stefon Diggs,WR,21,IR,False,0.0
2024,17,2,4040715,Jalen Hurts,QB,0,QB,True,0.0
2024,17,2,3116365,Mark Andrews,TE,6,TE,True,14.8
2024,17,2,4241416,Chuba Hubbard,RB,2,RB,True,0.0
2024,17,2,4241463,Jerry Jeudy,WR,4,WR,True,21.4
2024,17,2,4429275,Trey Benson,RB,20,BE,False,0.0
2024,17,2,3052587,Baker Mayfield,QB,20,BE,False,44.56
2024,17,2,4427095,DeMario Douglas,WR,23,FLEX,True,14.600000000000001
2024,17,2,4429501,Ray Davis,RB,20,BE,False,2.3
2024,17,2,-16016,Vikings D/ST,D/ST,16,D/ST,True,7.0
2024,17,2,-16034,Texans D/ST,D/ST,20,BE,False,0.0
2024,17,2,4430834,Jalen McMillan,WR,23,FLEX,True,23.0
2024,17,2,3050478,Jake Elliott,K,20,BE,False,11.0
2024,17,2,4689936,Jake Bates,K,17,K,True,9.0
2024,17,2,3127292,Will Dissly,TE,20,BE,False,4.1
2024,17,9,16800,Davante Adams,WR,4,WR,True,9.7
2024,17,9,3915416,DJ Moore,WR,4,WR,True,12.2
2024,17,9,4432708,Marvin Harrison Jr.,WR,23,FLEX,True,15.600000000000001
2024,17,9,4426502,Drake London,WR,23,FLEX,True,17.6
2024,17,9,4379399,James Cook,RB,2,RB,True,11.3
2024,17,9,4036378,Jordan Love,QB,0,QB,True,16.0
2024,17,9,4428557,Tyjae Spears,RB,20,BE,False,13.3
2024,17,9,3123076,David Njoku,TE,6,TE,True,0.0
2024,17,9,4241474,Brian Robinson Jr.,RB,2,RB,True,8.9
2024,17,9,4361579,Javonte Williams,RB,20,BE,False,2.0
2024,17,9,4569987,Jaylen Warren,RB,20,BE,False,16.200000000000003
2024,17,9,-16005,Browns D/ST,D/ST,16,D/ST,True,6.0
2024,17,9,4036133,T.J. Hockenson,TE,20,BE,False,11.8
2024,17,9,2971573,Ka'imi Fairbairn,K,17,K,True,0.0
2024,17,9,3122840,Deshaun Watson,QB,20,BE,False,0.0
2024,17,9,14881,Russell Wilson,QB,20,BE,False,17.7
2024,17,4,4047646,A.J. Brown,WR,4,WR,True,12.6
2024,17,4,2977187,Cooper Kupp,WR,23,FLEX,True,3.9000000000000004
2024,17,4,3918298,Josh Allen,QB,20,BE,False,26.98
2024,17,4,4429160,De'Von Achane,RB,2,RB,True,5.8
2024,17,4,3916387,Lamar Jackson,QB,0,QB,True,34.42
2024,17,4,3040151,George Kittle,TE,6,TE,True,19.200000000000003
2024,17,4,15683,Justin Tucker,K,20,BE,False,9.0
2024,17,4,4372019,Jerome Ford,RB,20,BE,False,2.2
2024,17,4,4431299,Rome Odunze,WR,23,FLEX,True,2.5
2024,17,4,4569587,Wan'Dale Robinson,WR,20,BE,False,18.1
2024,17,4,4360516,Tyrone Tracy Jr.,RB,2,RB,True,9.3
2024,17,4,4429013,Tank Bigsby,RB,20,BE,False,3.3000000000000003
2024,17,4,3886598,Jauan Jennings,WR,4,WR,True,13.7
2024,17,4,-16024,Chargers D/ST,D/ST,16,D/ST,True,13.0
2024,17,4,3054212,Jonnu Smith,TE,20,BE,False,11.6
2024,17,4,10621,Nick Folk,K,17,K,True,0.0
2024,17,6,3116406,Tyreek Hill,WR,23,FLEX,True,19.5
2024,17,6,4241457,Najee Harris,RB,20,BE,False,10.1
2024,17,6,4361307,Trey McBride,TE,6,TE,True,30.3
2024,17,6,3916148,Tony Pollard,RB,20,BE,False,0.0
2024,17,6,3042519,Aaron Jones,RB,2,RB,True,11.7
2024,17,6,4612826,Ladd McConkey,WR,4,WR,True,30.4
2024,17,6,4362081,Cameron Dicker,K,17,K,True,17.0
2024,17,6,4426354,George Pickens,WR,23,FLEX,True,8.0
2024,17,6,15864,Geno Smith,QB,20,BE,False,8.3
2024,17,6,4361411,Pat Freiermuth,TE,20,BE,False,11.0
2024,17,6,2576336,Ameer Abdullah,RB,2,RB,True,17.7
2024,17,6,4599739,Kendre Miller,RB,20,BE,False,2.9000000000000004
2024,17,6,-16015,Dolphins D/ST,D/ST,16,D/ST,True,11.0
2024,17,6,4686472,Marvin Mims Jr.,WR,20,BE,False,33.2
2024,17,6,3116407,Mason Rudolph,QB,0,QB,True,14.02
2024,17,6,3051738,Marquez Valdes-Scantling,WR,4,WR,True,0.0
2024,17,11,3929630,Saquon Barkley,RB,2,RB,True,18.9
2024,17,11,4047650,DK Metcalf,WR,4,WR,True,7.2
2024,17,11,4242335,Jonathan Taylor,RB,2,RB,True,27.6
2024,17,11,4361741,Brock Purdy,QB,20,BE,False,36.28
2024,17,11,4430878,Jaxon Smith-Njigba,WR,23,FLEX,True,6.2
2024,17,11,4242355,Jake Ferguson,TE,6,TE,True,2.8
2024,17,11,4038941,Justin Herbert,QB,0,QB,True,31.44
2024,17,11,4426385,Zach Charbonnet,RB,23,FLEX,True,10.6
2024,17,11,4243331,Cade Otton,TE,20,BE,False,0.0
2024,17,11,-16007,Broncos D/ST,D/ST,20,BE,False,4.0
2024,17,11,-16008,Lions D/ST,D/ST,16,D/ST,True,1.0
2024,17,11,4429025,Quentin Johnston,WR,4,WR,True,9.8
2024,17,11,4430034,Xavier Legette,WR,20,BE,False,7.800000000000001
2024,17,11,4360939,Rashod Bateman,WR,20,BE,False,2.2
2024,17,11,3051926,Gus Edwards,RB,20,BE,False,0.0
2024,17,11,3150744,Chase McLaughlin,K,17,K,True,12.0
2024,17,5,4258173,Nico Collins,WR,4,WR,True,8.9
2024,17,5,4047365,Josh Jacobs,RB,2,RB,True,10.9
2024,17,5,3139477,Patrick Mahomes,QB,20,BE,False,32.0
2024,17,5,4567048,Kenneth Walker III,RB,2,RB,True,0.0
2024,17,5,3126486,Deebo Samuel Sr.,WR,23,FLEX,True,9.1
2024,17,5,3915511,Joe Burrow,QB,0,QB,True,44.980000000000004
2024,17,5,3917315,Kyler Murray,QB,20,BE,False,18.04
2024,17,5,4362249,Jayden Reed,WR,23,FLEX,True,1.6
2024,17,5,4432773,Brian Thomas Jr.,WR,4,WR,True,23.9
2024,17,5,4722893,Jaleel McLaughlin,RB,20,BE,False,9.6
2024,17,5,4040655,Darnell Mooney,WR,20,BE,False,5.7
2024,17,5,4685247,Braelon Allen,RB,20,BE,False,2.6
2024,17,5,-16033,Ravens D/ST,D/ST,16,D/ST,True,14.0
2024,17,5,4372096,Luke Schoonmaker,TE,6,TE,True,0.0
2024,17,5,4566192,Joshua Karty,K,17,K,True,9.0
2024,17,5,-16027,Buccaneers D/ST,D/ST,20,BE,False,16.0
2024,17,12,4569618,Garrett Wilson,WR,4,WR,True,17.6
2024,17,12,4430737,Kyren Williams,RB,2,RB,True,16.200000000000003
2024,17,12,4239996,Travis Etienne Jr.,RB,20,BE,False,8.5
2024,17,12,16737,Mike Evans,WR,23,FLEX,True,29.700000000000003
2024,17,12,3925357,Calvin Ridley,WR,23,FLEX,True,14.100000000000001
2024,17,12,3051876,Evan Engram,TE,6,TE,True,0.0
2024,17,12,3916433,Jakobi Meyers,WR,4,WR,True,17.1
2024,17,12,4596448,Bucky Irving,RB,2,RB,True,23.0
2024,17,12,3046779,Jared Goff,QB,0,QB,True,32.82
2024,17,12,-16009,Packers D/ST,D/ST,20,BE,False,1.0
2024,17,12,4038441,Justice Hill,RB,20,BE,False,0.0
2024,17,12,15835,Zach Ertz,TE,20,BE,False,25.2
2024,17,12,17372,Chris Boswell,K,17,K,True,4.0
2024,17,12,4688813,Josh Downs,WR,21,IR,False,5.2
2024,17,12,3127586,Jeremy McNichols,RB,20,BE,False,3.0
2024,17,12,-16002,Bills D/ST,D/ST,16,D/ST,True,15.0
2024,17,12,4431611,Caleb Williams,QB,20,BE,False,6.58
2024,17,7,4427366,Breece Hall,RB,2,RB,True,6.3
2024,17,7,4241389,CeeDee Lamb,WR,20,BE,False,0.0
2024,17,7,4362628,Ja'Marr Chase,WR,4,WR,True,19.200000000000003
2024,17,7,3121422,Terry McLaurin,WR,23,FLEX,True,1.5
2024,17,7,4572680,Tucker Kraft,TE,6,TE,True,7.300000000000001
2024,17,7,-16003,Bears D/ST,D/ST,20,BE,False,11.0
2024,17,7,4373626,Tyler Allgeier,RB,20,BE,False,1.9000000000000001
2024,17,7,3953687,Brandon Aubrey,K,17,K,True,0.0
2024,17,7,12483,Matthew Stafford,QB,0,QB,True,9.16
2024,17,7,4372561,Isaac Guerendo,RB,2,RB,True,13.9
2024,17,7,3116164,Mike Gesicki,TE,20,BE,False,18.6
2024,17,7,4361432,Romeo Doubs,WR,4,WR,True,14.8
2024,17,7,4428850,Dontayvion Wicks,WR,23,FLEX,True,8.3
2024,17,7,-16006,Cowboys D/ST,D/ST,16,D/ST,True,-3.0
2024,17,10,4361529,Isiah Pacheco,RB,23,FLEX,True,1.8
2024,17,10,15847,Travis Kelce,TE,6,TE,True,22.4
2024,17,10,3054850,Alvin Kamara,RB,2,RB,True,0.0
2024,17,10,4361370,Chris Olave,WR,21,IR,False,0.0
2024,17,10,4035687,Michael Pittman Jr.,WR,20,BE,False,25.9
2024,17,10,4569173,Rhamondre Stevenson,RB,20,BE,False,0.1
2024,17,10,4683062,Xavier Worthy,WR,4,WR,True,22.9
2024,17,10,4426348,Jayden Daniels,QB,20,BE,False,37.78
2024,17,10,4040761,Devin Singletary,RB,23,FLEX,True,4.0
2024,17,10,3128429,Courtland Sutton,WR,20,BE,False,16.5
2024,17,10,4360234,Evan McPherson,K,20,BE,False,0.0
2024,17,10,3059915,Kareem Hunt,RB,2,RB,True,8.0
2024,17,10,4426338,Bo Nix,QB,20,BE,False,30.86
2024,17,10,-16022,Cardinals D/ST,D/ST,16,D/ST,True,5.0
2024,17,10,2972515,Cooper Rush,QB,0,QB,True,8.08
2024,17,10,16460,Adam Thielen,WR,4,WR,True,29.0
2024,17,10,3917232,Tyler Bass,K,17,K,True,8.0
2024,17,3,3117251,Christian McCaffrey,RB,20,BE,False,0.0
2024,17,3,4697815,Rachaad White,RB,2,RB,True,4.4
2024,17,3,4429615,Zay Flowers,WR,20,BE,False,5.1
2024,17,3,4241478,DeVonta Smith,WR,4,WR,True,30.0
2024,17,3,4385690,Dalton Kincaid,TE,6,TE,True,4.4
2024,17,3,3068267,Austin Ekeler,RB,20,BE,False,0.0
2024,17,3,15795,DeAndre Hopkins,WR,23,FLEX,True,2.7
2024,17,3,3128720,Nick Chubb,RB,23,FLEX,True,0.0
2024,17,3,-16021,Eagles D/ST,D/ST,16,D/ST,True,20.0
2024,17,3,4429205,Jordan Addison,WR,4,WR,True,18.9
2024,17,3,4241372,Hollywood Brown,WR,21,IR,False,8.600000000000001
2024,17,3,4360310,Trevor Lawrence,QB,20,BE,False,0.0
2024,17,3,4038815,Rico Dowdle,RB,2,RB,True,9.8
2024,17,3,3046439,Hunter Henry,TE,20,BE,False,0.0
2024,17,3,-16017,Patriots D/ST,D/ST,20,BE,False,-5.0
2024,17,3,2969939,Jameis Winston,QB,0,QB,True,0.0
2024,17,3,4567104,Will Reichard,K,17,K,True,9.0
2025,1,10,4429160,De'Von Achane,RB,2,RB,True,16.5
2025,1,10,4426502,Drake London,WR,4,WR,True,13.5
2025,1,10,4361307,Trey McBride,TE,6,TE,True,12.100000000000001
2025,1,10,4596448,Bucky Irving,RB,2,RB,True,14.5
2025,1,10,3128429,Courtland Sutton,WR,23,FLEX,True,18.1
2025,1,10,4567750,Emeka Egbuka,WR,4,WR,True,23.599999999999998
2025,1,10,4429205,Jordan Addison,WR,20,BE,False,0.0
2025,1,10,4040655,Darnell Mooney,WR,21,IR,False,0.0
2025,1,10,4882093,Bhayshul Tuten,RB,20,BE,False,1.1
2025,1,10,4685279,Jaydon Blue,RB,20,BE,False,0.0
2025,1,10,-16008,Lions D/ST,D/ST,16,D/ST,True,2.0
2025,1,10,17427,Cairo Santos,K,17,K,True,6.0
2025,1,10,12483,Matthew Stafford,QB,20,BE,False,15.600000000000001
2025,1,10,4431545,Will Shipley,RB,20,BE,False,2.6
2025,1,10,-16002,Bills D/ST,D/ST,20,BE,False,-1.0
2025,1,10,4569587,Wan'Dale Robinson,WR,23,FLEX,True,11.5
2025,1,10,3912547,Sam Darnold,QB,0,QB,True,5.4
2025,1,2,4426515,Puka Nacua,WR,4,WR,True,23.1
2025,1,2,4242335,Jonathan Taylor,RB,2,RB,True,12.8
2025,1,2,4047365,Josh Jacobs,RB,2,RB,True,14.000000000000002
2025,1,2,3915511,Joe Burrow,QB,0,QB,True,10.82
2025,1,2,3925357,Calvin Ridley,WR,4,WR,True,6.7
2025,1,2,3051876,Evan Engram,TE,6,TE,True,5.1
2025,1,2,4819231,Kaleb Johnson,RB,23,FLEX,True,-0.2
2025,1,2,4362249,Jayden Reed,WR,23,FLEX,True,13.5
2025,1,2,4032473,Rashid Shaheed,WR,20,BE,False,9.3
2025,1,2,4429275,Trey Benson,RB,20,BE,False,8.5
2025,1,2,4685247,Braelon Allen,RB,20,BE,False,6.9
2025,1,2,4369863,Cedric Tillman,WR,20,BE,False,16.2
2025,1,2,-16011,Colts D/ST,D/ST,16,D/ST,True,14.0
2025,1,2,4697745,Tyler Loop,K,17,K,True,12.0
2025,1,2,3054212,Jonnu Smith,TE,20,BE,False,12.5
2025,1,2,-16020,Jets D/ST,D/ST,20,BE,False,5.0
2025,1,8,3117251,Christian McCaffrey,RB,2,RB,True,23.200000000000003
2025,1,8,4432773,Brian Thomas Jr.,WR,4,WR,True,9.0
2025,1,8,4379399,James Cook III,RB,2,RB,True,21.200000000000003
2025,1,8,3121422,Terry McLaurin,WR,4,WR,True,4.7
2025,1,8,4259545,D'Andre Swift,RB,23,FLEX,True,9.5
2025,1,8,4426354,George Pickens,WR,23,FLEX,True,6.0
2025,1,8,3116365,Mark Andrews,TE,6,TE,True,1.5
2025,1,8,4035687,Michael Pittman Jr.,WR,20,BE,False,20.0
2025,1,8,2577417,Dak Prescott,QB,0,QB,True,7.82
2025,1,8,4696981,Cam Skattebo,RB,20,BE,False,2.9000000000000004
2025,1,8,-16009,Packers D/ST,D/ST,16,D/ST,True,11.0
2025,1,8,15818,Keenan Allen,WR,20,BE,False,19.8
2025,1,8,4239996,Travis Etienne Jr.,RB,20,BE,False,18.6
2025,1,8,3121023,Dallas Goedert,TE,20,BE,False,11.4
2025,1,8,3055899,Harrison Butker,K,17,K,True,10.0
2025,1,8,4432577,C.J. Stroud,QB,20,BE,False,8.72
2025,1,3,4430807,Bijan Robinson,RB,2,RB,True,27.4
2025,1,3,4262921,Justin Jefferson,WR,4,WR,True,14.8
2025,1,3,4595348,Malik Nabers,WR,4,WR,True,12.100000000000001
2025,1,3,4372016,Jaylen Waddle,WR,23,FLEX,True,7.0
2025,1,3,3917315,Kyler Murray,QB,0,QB,True,22.32
2025,1,3,4635008,Keon Coleman,WR,23,FLEX,True,25.200000000000003
2025,1,3,4360569,Jordan Mason,RB,2,RB,True,8.5
2025,1,3,4385690,Dalton Kincaid,TE,6,TE,True,14.8
2025,1,3,4373626,Tyler Allgeier,RB,20,BE,False,2.4000000000000004
2025,1,3,4241457,Najee Harris,RB,20,BE,False,2.0
2025,1,3,4241372,Hollywood Brown,WR,20,BE,False,19.9
2025,1,3,-16021,Eagles D/ST,D/ST,16,D/ST,True,2.0
2025,1,3,4249087,Matt Gay,K,17,K,True,3.0
2025,1,3,4429059,Woody Marks,RB,20,BE,False,0.30000000000000004
2025,1,3,4360423,Michael Penix Jr.,QB,20,BE,False,29.02
2025,1,3,4243331,Cade Otton,TE,20,BE,False,0.0
2025,1,7,4362628,Ja'Marr Chase,WR,4,WR,True,4.6
2025,1,7,3929630,Saquon Barkley,RB,2,RB,True,18.4
2025,1,7,3918298,Josh Allen,QB,0,QB,True,42.76
2025,1,7,4569618,Garrett Wilson,WR,4,WR,True,22.5
2025,1,7,4723086,Colston Loveland,TE,6,TE,True,3.2
2025,1,7,4431299,Rome Odunze,WR,20,BE,False,15.7
2025,1,7,4361579,Javonte Williams,RB,20,BE,False,20.4
2025,1,7,3116165,Chris Godwin Jr.,WR,21,IR,False,0.0
2025,1,7,3128720,Nick Chubb,RB,2,RB,True,6.0
2025,1,7,4372019,Jerome Ford,RB,23,FLEX,True,1.5
2025,1,7,17372,Chris Boswell,K,17,K,True,15.0
2025,1,7,4686472,Marvin Mims Jr.,WR,20,BE,False,2.2
2025,1,7,-16017,Patriots D/ST,D/ST,16,D/ST,True,6.0
2025,1,7,4430539,Brenton Strange,TE,20,BE,False,9.9
2025,1,7,4360310,Trevor Lawrence,QB,20,BE,False,12.32
2025,1,7,4682745,Jaylen Wright,RB,20,BE,False,0.0
2025,1,7,4360939,Rashod Bateman,WR,23,FLEX,True,3.0
2025,1,12,4432708,Marvin Harrison Jr.,WR,4,WR,True,18.1
2025,1,12,16800,Davante Adams,WR,4,WR,True,9.100000000000001
2025,1,12,4432665,Brock Bowers,TE,6,TE,True,15.3
2025,1,12,4430737,Kyren Williams,RB,2,RB,True,13.900000000000002
2025,1,12,3040151,George Kittle,TE,23,FLEX,True,12.5
2025,1,12,4612826,Ladd McConkey,WR,23,FLEX,True,13.4
2025,1,12,4360516,Tyrone Tracy Jr.,RB,2,RB,True,5.5
2025,1,12,4036378,Jordan Love,QB,0,QB,True,19.92
2025,1,12,-16016,Vikings D/ST,D/ST,16,D/ST,True,4.0
2025,1,12,3953687,Brandon Aubrey,K,17,K,True,11.0
2025,1,12,4877706,Jayden Higgins,WR,20,BE,False,5.2
2025,1,12,16460,Adam Thielen,WR,20,BE,False,2.0
2025,1,12,4685702,Quinshon Judkins,RB,20,BE,False,0.0
2025,1,12,5081397,Dylan Sampson,RB,20,BE,False,17.3
2025,1,12,4428557,Tyjae Spears,RB,21,IR,False,0.0
2025,1,12,2576925,Darren Waller,TE,20,BE,False,0.0
2025,1,12,4360238,Dameon Pierce,RB,20,BE,False,0.5
2025,1,6,3916387,Lamar Jackson,QB,0,QB,True,33.36
2025,1,6,3116406,Tyreek Hill,WR,4,WR,True,8.0
2025,1,6,4426338,Bo Nix,QB,20,BE,False,8.84
2025,1,6,4361529,Isiah Pacheco,RB,2,RB,True,4.8
2025,1,6,16737,Mike Evans,WR,4,WR,True,10.100000000000001
2025,1,6,4430027,Sam LaPorta,TE,6,TE,True,13.9
2025,1,6,4429615,Zay Flowers,WR,23,FLEX,True,28.1
2025,1,6,3916148,Tony Pollard,RB,2,RB,True,7.9
2025,1,6,3059915,Kareem Hunt,RB,20,BE,False,4.6
2025,1,6,4701936,Matthew Golden,WR,23,FLEX,True,3.6
2025,1,6,4575131,Jacory Croskey-Merritt,RB,20,BE,False,14.200000000000001
2025,1,6,3126486,Deebo Samuel,WR,20,BE,False,22.6
2025,1,6,4711533,Ollie Gordon II,RB,20,BE,False,1.2999999999999998
2025,1,6,-16007,Broncos D/ST,D/ST,16,D/ST,True,17.0
2025,1,6,4242355,Jake Ferguson,TE,20,BE,False,7.300000000000001
2025,1,6,4689936,Jake Bates,K,17,K,True,7.0
2025,1,5,4890973,Ashton Jeanty,RB,2,RB,True,12.0
2025,1,5,4362238,Chase Brown,RB,2,RB,True,13.100000000000001
2025,1,5,4239993,Tee Higgins,WR,4,WR,True,6.300000000000001
2025,1,5,3045147,James Conner,RB,23,FLEX,True,14.4
2025,1,5,4432710,TreVeyon Henderson,RB,23,FLEX,True,11.1
2025,1,5,3915416,DJ Moore,WR,4,WR,True,8.600000000000001
2025,1,5,3052587,Baker Mayfield,QB,0,QB,True,28.58
2025,1,5,4428331,Rashee Rice,WR,20,BE,False,0.0
2025,1,5,4431459,Tyler Warren,TE,6,TE,True,14.9
2025,1,5,3886598,Jauan Jennings,WR,20,BE,False,3.6
2025,1,5,4688813,Josh Downs,WR,20,BE,False,3.2
2025,1,5,4429013,Tank Bigsby,RB,20,BE,False,1.2000000000000002
2025,1,5,-16026,Seahawks D/ST,D/ST,16,D/ST,True,8.0
2025,1,5,3050478,Jake Elliott,K,17,K,True,8.0
2025,1,5,3046439,Hunter Henry,TE,20,BE,False,10.600000000000001
2025,1,5,4241479,Tua Tagovailoa,QB,20,BE,False,7.260000000000002
2025,1,1,4429795,Jahmyr Gibbs,RB,2,RB,True,15.0
2025,1,1,4241389,CeeDee Lamb,WR,4,WR,True,18.0
2025,1,1,3054850,Alvin Kamara,RB,2,RB,True,13.7
2025,1,1,3139477,Patrick Mahomes,QB,0,QB,True,28.02
2025,1,1,3068267,Austin Ekeler,RB,20,BE,False,8.7
2025,1,1,4241478,DeVonta Smith,WR,4,WR,True,4.6
2025,1,1,4426388,Jameson Williams,WR,23,FLEX,True,6.6
2025,1,1,15847,Travis Kelce,TE,6,TE,True,12.7
2025,1,1,4568490,RJ Harvey,RB,23,FLEX,True,7.9
2025,1,1,4361370,Chris Olave,WR,20,BE,False,12.4
2025,1,1,2977187,Cooper Kupp,WR,20,BE,False,3.5
2025,1,1,3116385,Joe Mixon,RB,20,BE,False,0.0
2025,1,1,-16034,Texans D/ST,D/ST,16,D/ST,True,8.0
2025,1,1,3150744,Chase McLaughlin,K,17,K,True,4.0
2025,1,1,3046779,Jared Goff,QB,20,BE,False,12.9
2025,1,1,4360248,Kyle Pitts Sr.,TE,20,BE,False,12.9
2025,1,9,4258173,Nico Collins,WR,23,FLEX,True,5.5
2025,1,9,4567048,Kenneth Walker III,RB,2,RB,True,5.4
2025,1,9,4683062,Xavier Worthy,WR,4,WR,True,0.0
2025,1,9,4685382,Omarion Hampton,RB,2,RB,True,8.100000000000001
2025,1,9,4685472,Tetairoa McMillan,WR,23,FLEX,True,11.8
2025,1,9,4427366,Breece Hall,RB,20,BE,False,16.5
2025,1,9,4241463,Jerry Jeudy,WR,4,WR,True,11.600000000000001
2025,1,9,4685415,Travis Hunter,WR,20,BE,False,9.3
2025,1,9,4036133,T.J. Hockenson,TE,6,TE,True,4.5
2025,1,9,4569987,Jaylen Warren,RB,20,BE,False,13.899999999999999
2025,1,9,4431611,Caleb Williams,QB,20,BE,False,26.200000000000003
2025,1,9,4569173,Rhamondre Stevenson,RB,20,BE,False,4.7
2025,1,9,-16023,Steelers D/ST,D/ST,16,D/ST,True,2.0
2025,1,9,4431452,Drake Maye,QB,0,QB,True,17.78
2025,1,9,4433970,J.J. McCarthy,QB,20,BE,False,26.22
2025,1,9,3917232,Tyler Bass,K,17,K,True,0.0
2025,1,4,4047646,A.J. Brown,WR,4,WR,True,1.8
2025,1,4,4040715,Jalen Hurts,QB,0,QB,True,24.28
2025,1,4,4047650,DK Metcalf,WR,4,WR,True,12.3
2025,1,4,4241416,Chuba Hubbard,RB,2,RB,True,17.9
2025,1,4,4035538,David Montgomery,RB,2,RB,True,8.3
2025,1,4,3042519,Aaron Jones Sr.,RB,23,FLEX,True,15.700000000000001
2025,1,4,3123076,David Njoku,TE,6,TE,True,6.7
2025,1,4,4361741,Brock Purdy,QB,20,BE,False,20.78
2025,1,4,4428209,Ricky Pearsall,WR,23,FLEX,True,14.8
2025,1,4,2976212,Stefon Diggs,WR,20,BE,False,11.7
2025,1,4,4241985,J.K. Dobbins,RB,20,BE,False,14.8
2025,1,4,4426385,Zach Charbonnet,RB,20,BE,False,10.7
2025,1,4,4373678,Khalil Shakir,WR,20,BE,False,12.4
2025,1,4,-16033,Ravens D/ST,D/ST,16,D/ST,True,-6.0
2025,1,4,4572680,Tucker Kraft,TE,20,BE,False,9.9
2025,1,4,4362081,Cameron Dicker,K,17,K,True,9.0
2025,1,11,4374302,Amon-Ra St. Brown,WR,4,WR,True,8.5
2025,1,11,3043078,Derrick Henry,RB,2,RB,True,30.200000000000003
2025,1,11,4426348,Jayden Daniels,QB,0,QB,True,22.12
2025,1,11,4430878,Jaxon Smith-Njigba,WR,4,WR,True,19.4
2025,1,11,3916433,Jakobi Meyers,WR,23,FLEX,True,17.700000000000003
2025,1,11,4038941,Justin Herbert,QB,20,BE,False,33.92
2025,1,11,4430034,Xavier Legette,WR,23,FLEX,True,4.0
2025,1,11,4697815,Rachaad White,RB,2,RB,True,2.6000000000000005
2025,1,11,3895856,Christian Kirk,WR,20,BE,False,0.0
2025,1,11,4429501,Ray Davis,RB,20,BE,False,1.0999999999999999
2025,1,11,4241474,Brian Robinson Jr.,RB,20,BE,False,4.700000000000001
2025,1,11,15835,Zach Ertz,TE,6,TE,True,11.6
2025,1,11,3117256,Dalton Schultz,TE,20,BE,False,5.800000000000001
2025,1,11,4688380,Cam Ward,QB,20,BE,False,2.4800000000000004
2025,1,11,2473037,Jason Myers,K,17,K,True,8.0
2025,1,11,-16028,Commanders D/ST,D/ST,16,D/ST,True,8.0
2025,2,2,4426515,Puka Nacua,WR,4,WR,True,28.6
2025,2,2,4242335,Jonathan Taylor,RB,2,RB,True,29.5
2025,2,2,4047365,Josh Jacobs,RB,2,RB,True,14.4
2025,2,2,3915511,Joe Burrow,QB,0,QB,True,9.04
2025,2,2,3925357,Calvin Ridley,WR,4,WR,True,8.7
2025,2,2,3051876,Evan Engram,TE,6,TE,True,2.2
2025,2,2,4819231,Kaleb Johnson,RB,20,BE,False,0.1
2025,2,2,4362249,Jayden Reed,WR,23,FLEX,True,0.0
2025,2,2,4032473,Rashid Shaheed,WR,23,FLEX,True,15.2
2025,2,2,4429275,Trey Benson,RB,20,BE,False,8.4
2025,2,2,4685247,Braelon Allen,RB,20,BE,False,1.1
2025,2,2,4369863,Cedric Tillman,WR,20,BE,False,10.2
2025,2,2,-16011,Colts D/ST,D/ST,16,D/ST,True,1.0
2025,2,2,4697745,Tyler Loop,K,17,K,True,12.0
2025,2,2,3054212,Jonnu Smith,TE,20,BE,False,6.7
2025,2,2,-16020,Jets D/ST,D/ST,20,BE,False,-2.0
2025,2,3,4430807,Bijan Robinson,RB,2,RB,True,19.8
2025,2,3,4262921,Justin Jefferson,WR,4,WR,True,11.1
2025,2,3,4595348,Malik Nabers,WR,4,WR,True,38.7
2025,2,3,4372016,Jaylen Waddle,WR,20,BE,False,17.8
2025,2,3,3917315,Kyler Murray,QB,0,QB,True,16.0
2025,2,3,4635008,Keon Coleman,WR,23,FLEX,True,5.6
2025,2,3,4360569,Jordan Mason,RB,2,RB,True,5.8
2025,2,3,4385690,Dalton Kincaid,TE,6,TE,True,7.7
2025,2,3,4373626,Tyler Allgeier,RB,20,BE,False,15.000000000000002
2025,2,3,4241457,Najee Harris,RB,20,BE,False,6.800000000000001
2025,2,3,4241372,Hollywood Brown,WR,23,FLEX,True,8.0
2025,2,3,4360423,Michael Penix Jr.,QB,20,BE,False,5.300000000000001
2025,2,3,11122,Matt Prater,K,17,K,True,14.0
2025,2,3,4362887,Justin Fields,QB,20,BE,False,3.9800000000000004
2025,2,3,3929645,Juwan Johnson,TE,20,BE,False,15.9
2025,2,3,-16014,Rams D/ST,D/ST,16,D/ST,True,9.0
2025,2,12,4432708,Marvin Harrison Jr.,WR,4,WR,True,4.7
2025,2,12,16800,Davante Adams,WR,4,WR,True,22.6
2025,2,12,4432665,Brock Bowers,TE,6,TE,True,8.8
2025,2,12,4430737,Kyren Williams,RB,2,RB,True,10.000000000000002
2025,2,12,3040151,George Kittle,TE,20,BE,False,0.0
2025,2,12,4612826,Ladd McConkey,WR,23,FLEX,True,9.8
2025,2,12,4360516,Tyrone Tracy Jr.,RB,2,RB,True,9.1
2025,2,12,4036378,Jordan Love,QB,0,QB,True,24.88
2025,2,12,-16016,Vikings D/ST,D/ST,16,D/ST,True,5.0
2025,2,12,3953687,Brandon Aubrey,K,17,K,True,23.0
2025,2,12,4877706,Jayden Higgins,WR,20,BE,False,3.8000000000000003
2025,2,12,4685702,Quinshon Judkins,RB,20,BE,False,10.100000000000001
2025,2,12,5081397,Dylan Sampson,RB,20,BE,False,10.9
2025,2,12,4428557,Tyjae Spears,RB,21,IR,False,0.0
2025,2,12,2576925,Darren Waller,TE,20,BE,False,0.0
2025,2,12,4360238,Dameon Pierce,RB,20,BE,False,0.0
2025,2,12,4429022,Kayshon Boutte,WR,23,FLEX,True,8.6
2025,2,10,4429160,De'Von Achane,RB,2,RB,True,26.200000000000003
2025,2,10,4426502,Drake London,WR,4,WR,True,5.9
2025,2,10,4361307,Trey McBride,TE,6,TE,True,13.8
2025,2,10,4596448,Bucky Irving,RB,2,RB,True,18.1
2025,2,10,3128429,Courtland Sutton,WR,23,FLEX,True,1.6
2025,2,10,4567750,Emeka Egbuka,WR,4,WR,True,12.9
2025,2,10,4429205,Jordan Addison,WR,20,BE,False,0.0
2025,2,10,4040655,Darnell Mooney,WR,21,IR,False,4.0
2025,2,10,4882093,Bhayshul Tuten,RB,20,BE,False,15.399999999999999
2025,2,10,4685279,Jaydon Blue,RB,20,BE,False,0.0
2025,2,10,-16008,Lions D/ST,D/ST,20,BE,False,8.0
2025,2,10,17427,Cairo Santos,K,17,K,True,3.0
2025,2,10,4431545,Will Shipley,RB,20,BE,False,0.0
2025,2,10,-16002,Bills D/ST,D/ST,16,D/ST,True,13.0
2025,2,10,4569587,Wan'Dale Robinson,WR,23,FLEX,True,28.200000000000003
2025,2,10,3912547,Sam Darnold,QB,20,BE,False,19.8
2025,2,10,3917792,Daniel Jones,QB,0,QB,True,24.84
2025,2,5,4890973,Ashton Jeanty,RB,2,RB,True,7.3999999999999995
2025,2,5,4362238,Chase Brown,RB,2,RB,True,8.5
2025,2,5,4239993,Tee Higgins,WR,4,WR,True,15.600000000000001
2025,2,5,3045147,James Conner,RB,23,FLEX,True,12.200000000000001
2025,2,5,4432710,TreVeyon Henderson,RB,23,FLEX,True,6.0
2025,2,5,3915416,DJ Moore,WR,4,WR,True,9.600000000000001
2025,2,5,3052587,Baker Mayfield,QB,0,QB,True,23.9
2025,2,5,4428331,Rashee Rice,WR,20,BE,False,0.0
2025,2,5,4431459,Tyler Warren,TE,6,TE,True,11.9
2025,2,5,3886598,Jauan Jennings,WR,20,BE,False,20.9
2025,2,5,4688813,Josh Downs,WR,20,BE,False,11.100000000000001
2025,2,5,4429013,Tank Bigsby,RB,20,BE,False,0.0
2025,2,5,-16026,Seahawks D/ST,D/ST,16,D/ST,True,16.0
2025,2,5,3050478,Jake Elliott,K,17,K,True,12.0
2025,2,5,3046439,Hunter Henry,TE,20,BE,False,1.9
2025,2,5,4241479,Tua Tagovailoa,QB,20,BE,False,22.6
2025,2,8,3117251,Christian McCaffrey,RB,2,RB,True,22.7
2025,2,8,4432773,Brian Thomas Jr.,WR,4,WR,True,8.9
2025,2,8,4379399,James Cook III,RB,2,RB,True,27.500000000000004
2025,2,8,3121422,Terry McLaurin,WR,20,BE,False,9.8
2025,2,8,4259545,D'Andre Swift,RB,20,BE,False,13.9
2025,2,8,4426354,George Pickens,WR,20,BE,False,17.8
2025,2,8,3116365,Mark Andrews,TE,6,TE,True,1.4
2025,2,8,4035687,Michael Pittman Jr.,WR,23,FLEX,True,8.0
2025,2,8,2577417,Dak Prescott,QB,0,QB,True,26.14
2025,2,8,4696981,Cam Skattebo,RB,20,BE,False,13.9
2025,2,8,-16009,Packers D/ST,D/ST,16,D/ST,True,6.0
2025,2,8,15818,Keenan Allen,WR,4,WR,True,17.1
2025,2,8,4239996,Travis Etienne Jr.,RB,23,FLEX,True,16.900000000000002
2025,2,8,3121023,Dallas Goedert,TE,20,BE,False,0.0
2025,2,8,3055899,Harrison Butker,K,17,K,True,6.0
2025,2,8,8439,Aaron Rodgers,QB,20,BE,False,12.420000000000002
2025,2,9,4258173,Nico Collins,WR,23,FLEX,True,14.2
2025,2,9,4567048,Kenneth Walker III,RB,20,BE,False,18.8
2025,2,9,4683062,Xavier Worthy,WR,20,BE,False,0.0
2025,2,9,4685382,Omarion Hampton,RB,23,FLEX,True,3.5000000000000004
2025,2,9,4685472,Tetairoa McMillan,WR,20,BE,False,16.0
2025,2,9,4427366,Breece Hall,RB,2,RB,True,5.800000000000001
2025,2,9,4241463,Jerry Jeudy,WR,4,WR,True,9.100000000000001
2025,2,9,4685415,Travis Hunter,WR,4,WR,True,5.2
2025,2,9,4036133,T.J. Hockenson,TE,6,TE,True,2.2
2025,2,9,4569987,Jaylen Warren,RB,2,RB,True,17.4
2025,2,9,4431611,Caleb Williams,QB,20,BE,False,20.98
2025,2,9,4569173,Rhamondre Stevenson,RB,20,BE,False,21.200000000000003
2025,2,9,-16023,Steelers D/ST,D/ST,16,D/ST,True,5.0
2025,2,9,4431452,Drake Maye,QB,0,QB,True,30.3
2025,2,9,4433970,J.J. McCarthy,QB,20,BE,False,2.8200000000000003
2025,2,9,3917232,Tyler Bass,K,21,IR,False,0.0
2025,2,9,4686361,Cam Little,K,17,K,True,10.0
2025,2,7,4362628,Ja'Marr Chase,WR,4,WR,True,36.5
2025,2,7,3929630,Saquon Barkley,RB,2,RB,True,17.400000000000002
2025,2,7,3918298,Josh Allen,QB,0,QB,True,11.82
2025,2,7,4569618,Garrett Wilson,WR,4,WR,True,9.0
2025,2,7,4723086,Colston Loveland,TE,6,TE,True,0.0
2025,2,7,4431299,Rome Odunze,WR,23,FLEX,True,31.8
2025,2,7,4361579,Javonte Williams,RB,2,RB,True,25.000000000000004
2025,2,7,3116165,Chris Godwin Jr.,WR,21,IR,False,0.0
2025,2,7,3128720,Nick Chubb,RB,20,BE,False,15.200000000000001
2025,2,7,17372,Chris Boswell,K,17,K,True,12.0
2025,2,7,-16017,Patriots D/ST,D/ST,16,D/ST,True,13.0
2025,2,7,4430539,Brenton Strange,TE,20,BE,False,4.7
2025,2,7,4360310,Trevor Lawrence,QB,20,BE,False,25.240000000000002
2025,2,7,4682745,Jaylen Wright,RB,20,BE,False,0.0
2025,2,7,4429025,Quentin Johnston,WR,23,FLEX,True,18.900000000000002
2025,2,7,4243389,Calvin Austin III,WR,20,BE,False,3.2
2025,2,11,4374302,Amon-Ra St. Brown,WR,4,WR,True,39.2
2025,2,11,3043078,Derrick Henry,RB,2,RB,True,2.3000000000000003
2025,2,11,4426348,Jayden Daniels,QB,0,QB,True,23.7
2025,2,11,4430878,Jaxon Smith-Njigba,WR,4,WR,True,18.3
2025,2,11,3916433,Jakobi Meyers,WR,23,FLEX,True,12.8
2025,2,11,4038941,Justin Herbert,QB,20,BE,False,25.78
2025,2,11,4430034,Xavier Legette,WR,23,FLEX,True,0.8
2025,2,11,4697815,Rachaad White,RB,20,BE,False,14.6
2025,2,11,3895856,Christian Kirk,WR,20,BE,False,0.0
2025,2,11,4241474,Brian Robinson Jr.,RB,2,RB,True,2.9
2025,2,11,15835,Zach Ertz,TE,6,TE,True,18.4
2025,2,11,4688380,Cam Ward,QB,20,BE,False,11.8
2025,2,11,2473037,Jason Myers,K,17,K,True,8.0
2025,2,11,-16025,49ers D/ST,D/ST,16,D/ST,True,5.0
2025,2,11,4036131,Noah Fant,TE,20,BE,False,5.800000000000001
2025,2,11,4371733,Kenneth Gainwell,RB,20,BE,False,6.6
2025,2,6,3916387,Lamar Jackson,QB,0,QB,True,34.3
2025,2,6,3116406,Tyreek Hill,WR,4,WR,True,16.9
2025,2,6,4426338,Bo Nix,QB,20,BE,False,26.240000000000002
2025,2,6,4361529,Isiah Pacheco,RB,20,BE,False,3.9000000000000004
2025,2,6,16737,Mike Evans,WR,4,WR,True,10.600000000000001
2025,2,6,4430027,Sam LaPorta,TE,6,TE,True,5.6
2025,2,6,4429615,Zay Flowers,WR,23,FLEX,True,14.9
2025,2,6,3916148,Tony Pollard,RB,2,RB,True,9.200000000000001
2025,2,6,3059915,Kareem Hunt,RB,20,BE,False,4.3999999999999995
2025,2,6,4575131,Jacory Croskey-Merritt,RB,2,RB,True,1.7000000000000002
2025,2,6,3126486,Deebo Samuel,WR,23,FLEX,True,17.4
2025,2,6,4711533,Ollie Gordon II,RB,20,BE,False,2.3
2025,2,6,-16007,Broncos D/ST,D/ST,16,D/ST,True,-4.0
2025,2,6,4242355,Jake Ferguson,TE,20,BE,False,16.8
2025,2,6,4689936,Jake Bates,K,17,K,True,9.0
2025,2,6,4361432,Romeo Doubs,WR,20,BE,False,11.8
2025,2,4,4047646,A.J. Brown,WR,4,WR,True,7.7
2025,2,4,4040715,Jalen Hurts,QB,0,QB,True,11.54
2025,2,4,4047650,DK Metcalf,WR,4,WR,True,11.0
2025,2,4,4241416,Chuba Hubbard,RB,2,RB,True,18.700000000000003
2025,2,4,4035538,David Montgomery,RB,2,RB,True,13.1
2025,2,4,3042519,Aaron Jones Sr.,RB,23,FLEX,True,2.3000000000000003
2025,2,4,3123076,David Njoku,TE,6,TE,True,8.0
2025,2,4,4361741,Brock Purdy,QB,20,BE,False,0.0
2025,2,4,4428209,Ricky Pearsall,WR,23,FLEX,True,9.200000000000001
2025,2,4,2976212,Stefon Diggs,WR,20,BE,False,7.2
2025,2,4,4241985,J.K. Dobbins,RB,20,BE,False,15.500000000000002
2025,2,4,4426385,Zach Charbonnet,RB,20,BE,False,1.0
2025,2,4,4373678,Khalil Shakir,WR,20,BE,False,2.2
2025,2,4,-16033,Ravens D/ST,D/ST,16,D/ST,True,15.0
2025,2,4,4572680,Tucker Kraft,TE,20,BE,False,24.4
2025,2,4,4362081,Cameron Dicker,K,17,K,True,8.0
2025,2,1,4429795,Jahmyr Gibbs,RB,2,RB,True,19.4
2025,2,1,4241389,CeeDee Lamb,WR,4,WR,True,20.200000000000003
2025,2,1,3054850,Alvin Kamara,RB,2,RB,True,16.0
2025,2,1,3139477,Patrick Mahomes,QB,0,QB,True,25.080000000000002
2025,2,1,3068267,Austin Ekeler,RB,20,BE,False,4.4
2025,2,1,4241478,DeVonta Smith,WR,4,WR,True,9.3
2025,2,1,4426388,Jameson Williams,WR,23,FLEX,True,19.8
2025,2,1,15847,Travis Kelce,TE,6,TE,True,10.100000000000001
2025,2,1,4568490,RJ Harvey,RB,20,BE,False,3.4000000000000004
2025,2,1,4361370,Chris Olave,WR,23,FLEX,True,11.4
2025,2,1,2977187,Cooper Kupp,WR,20,BE,False,16.0
2025,2,1,3116385,Joe Mixon,RB,20,BE,False,0.0
2025,2,1,-16034,Texans D/ST,D/ST,16,D/ST,True,6.0
2025,2,1,3150744,Chase McLaughlin,K,17,K,True,1.0
2025,2,1,3046779,Jared Goff,QB,20,BE,False,44.96
2025,2,1,4360248,Kyle Pitts Sr.,TE,20,BE,False,7.7
2025,3,12,4432708,Marvin Harrison Jr.,WR,4,WR,True,7.4
2025,3,12,16800,Davante Adams,WR,4,WR,True,15.600000000000001
2025,3,12,4432665,Brock Bowers,TE,6,TE,True,9.8
2025,3,12,4430737,Kyren Williams,RB,2,RB,True,19.2
2025,3,12,3040151,George Kittle,TE,20,BE,False,0.0
2025,3,12,4612826,Ladd McConkey,WR,23,FLEX,True,8.100000000000001
2025,3,12,4360516,Tyrone Tracy Jr.,RB,2,RB,True,5.6000000000000005
2025,3,12,4036378,Jordan Love,QB,0,QB,True,13.120000000000001
2025,3,12,-16016,Vikings D/ST,D/ST,16,D/ST,True,33.0
2025,3,12,3953687,Brandon Aubrey,K,17,K,True,8.0
2025,3,12,4877706,Jayden Higgins,WR,20,BE,False,1.5
2025,3,12,4685702,Quinshon Judkins,RB,20,BE,False,16.5
2025,3,12,5081397,Dylan Sampson,RB,20,BE,False,0.2
2025,3,12,4428557,Tyjae Spears,RB,21,IR,False,0.0
2025,3,12,2576925,Darren Waller,TE,20,BE,False,0.0
2025,3,12,4360238,Dameon Pierce,RB,20,BE,False,0.0
2025,3,12,4429022,Kayshon Boutte,WR,23,FLEX,True,4.800000000000001
2025,3,2,4426515,Puka Nacua,WR,4,WR,True,22.8
2025,3,2,4242335,Jonathan Taylor,RB,2,RB,True,33.800000000000004
2025,3,2,4047365,Josh Jacobs,RB,2,RB,True,12.4
2025,3,2,3915511,Joe Burrow,QB,21,IR,False,0.0
2025,3,2,3925357,Calvin Ridley,WR,4,WR,True,3.7
2025,3,2,3051876,Evan Engram,TE,20,BE,False,0.0
2025,3,2,4819231,Kaleb Johnson,RB,20,BE,False,0.0
2025,3,2,4362249,Jayden Reed,WR,20,BE,False,0.0
2025,3,2,4032473,Rashid Shaheed,WR,23,FLEX,True,8.2
2025,3,2,4429275,Trey Benson,RB,20,BE,False,8.1
2025,3,2,4685247,Braelon Allen,RB,20,BE,False,6.7
2025,3,2,4369863,Cedric Tillman,WR,23,FLEX,True,5.6
2025,3,2,-16011,Colts D/ST,D/ST,16,D/ST,True,16.0
2025,3,2,4697745,Tyler Loop,K,17,K,True,7.0
2025,3,2,3054212,Jonnu Smith,TE,6,TE,True,5.300000000000001
2025,3,2,-16020,Jets D/ST,D/ST,20,BE,False,9.0
2025,3,2,12483,Matthew Stafford,QB,0,QB,True,18.84
2025,3,3,4430807,Bijan Robinson,RB,2,RB,True,16.1
2025,3,3,4262921,Justin Jefferson,WR,4,WR,True,12.5
2025,3,3,4595348,Malik Nabers,WR,4,WR,True,3.3
2025,3,3,4372016,Jaylen Waddle,WR,20,BE,False,14.9
2025,3,3,3917315,Kyler Murray,QB,0,QB,True,16.060000000000002
2025,3,3,4635008,Keon Coleman,WR,23,FLEX,True,5.0
2025,3,3,4360569,Jordan Mason,RB,2,RB,True,23.6
2025,3,3,4385690,Dalton Kincaid,TE,6,TE,True,17.6
2025,3,3,4373626,Tyler Allgeier,RB,20,BE,False,1.4
2025,3,3,4241457,Najee Harris,RB,20,BE,False,2.8000000000000003
2025,3,3,4241372,Hollywood Brown,WR,23,FLEX,True,8.2
2025,3,3,4360423,Michael Penix Jr.,QB,20,BE,False,3.7800000000000002
2025,3,3,11122,Matt Prater,K,17,K,True,7.0
2025,3,3,4362887,Justin Fields,QB,21,IR,False,0.0
2025,3,3,3929645,Juwan Johnson,TE,20,BE,False,11.100000000000001
2025,3,3,-16014,Rams D/ST,D/ST,20,BE,False,7.0
2025,3,3,-16030,Jaguars D/ST,D/ST,16,D/ST,True,13.0
2025,3,5,4890973,Ashton Jeanty,RB,2,RB,True,6.300000000000001
2025,3,5,4362238,Chase Brown,RB,2,RB,True,6.0
2025,3,5,4239993,Tee Higgins,WR,4,WR,True,2.5
2025,3,5,3045147,James Conner,RB,23,FLEX,True,6.7
2025,3,5,4432710,TreVeyon Henderson,RB,20,BE,False,7.700000000000001
2025,3,5,3915416,DJ Moore,WR,4,WR,True,12.799999999999999
2025,3,5,3052587,Baker Mayfield,QB,0,QB,True,19.72
2025,3,5,4431459,Tyler Warren,TE,6,TE,True,6.800000000000001
2025,3,5,3886598,Jauan Jennings,WR,23,FLEX,True,0.0
2025,3,5,4688813,Josh Downs,WR,20,BE,False,5.4
2025,3,5,-16026,Seahawks D/ST,D/ST,16,D/ST,True,17.0
2025,3,5,3050478,Jake Elliott,K,17,K,True,3.0
2025,3,5,3046439,Hunter Henry,TE,20,BE,False,29.0
2025,3,5,4241479,Tua Tagovailoa,QB,20,BE,False,16.84
2025,3,5,4431280,Troy Franklin,WR,20,BE,False,2.8
2025,3,10,4429160,De'Von Achane,RB,2,RB,True,16.1
2025,3,10,4426502,Drake London,WR,4,WR,True,10.5
2025,3,10,4361307,Trey McBride,TE,6,TE,True,15.3
2025,3,10,4596448,Bucky Irving,RB,2,RB,True,13.900000000000002
2025,3,10,3128429,Courtland Sutton,WR,23,FLEX,True,26.8
2025,3,10,4567750,Emeka Egbuka,WR,4,WR,True,14.5
2025,3,10,4429205,Jordan Addison,WR,20,BE,False,0.0
2025,3,10,4040655,Darnell Mooney,WR,21,IR,False,8.4
2025,3,10,4882093,Bhayshul Tuten,RB,20,BE,False,8.1
2025,3,10,4685279,Jaydon Blue,RB,20,BE,False,0.0
2025,3,10,-16008,Lions D/ST,D/ST,20,BE,False,8.0
2025,3,10,17427,Cairo Santos,K,17,K,True,7.0
2025,3,10,4431545,Will Shipley,RB,20,BE,False,0.0
2025,3,10,-16002,Bills D/ST,D/ST,16,D/ST,True,4.0
2025,3,10,4569587,Wan'Dale Robinson,WR,23,FLEX,True,3.6
2025,3,10,3912547,Sam Darnold,QB,20,BE,False,20.72
2025,3,10,3917792,Daniel Jones,QB,0,QB,True,17.82
2025,3,9,4258173,Nico Collins,WR,4,WR,True,25.4
2025,3,9,4567048,Kenneth Walker III,RB,23,FLEX,True,18.0
2025,3,9,4683062,Xavier Worthy,WR,23,FLEX,True,0.0
2025,3,9,4685382,Omarion Hampton,RB,20,BE,False,24.9
2025,3,9,4685472,Tetairoa McMillan,WR,4,WR,True,7.800000000000001
2025,3,9,4427366,Breece Hall,RB,2,RB,True,9.2
2025,3,9,4241463,Jerry Jeudy,WR,20,BE,False,2.7
2025,3,9,4685415,Travis Hunter,WR,20,BE,False,3.1
2025,3,9,4036133,T.J. Hockenson,TE,6,TE,True,15.9
2025,3,9,4569987,Jaylen Warren,RB,2,RB,True,13.1
2025,3,9,4431611,Caleb Williams,QB,0,QB,True,40.120000000000005
2025,3,9,4569173,Rhamondre Stevenson,RB,20,BE,False,4.6000000000000005
2025,3,9,-16023,Steelers D/ST,D/ST,16,D/ST,True,16.0
2025,3,9,4431452,Drake Maye,QB,20,BE,False,23.22
2025,3,9,4433970,J.J. McCarthy,QB,20,BE,False,0.0
2025,3,9,3917232,Tyler Bass,K,21,IR,False,0.0
2025,3,9,4686361,Cam Little,K,17,K,True,4.0
2025,3,8,3117251,Christian McCaffrey,RB,2,RB,True,24.0
2025,3,8,4432773,Brian Thomas Jr.,WR,4,WR,True,7.5
2025,3,8,4379399,James Cook III,RB,2,RB,True,20.8
2025,3,8,3121422,Terry McLaurin,WR,20,BE,False,10.4
2025,3,8,4259545,D'Andre Swift,RB,20,BE,False,10.8
2025,3,8,4426354,George Pickens,WR,23,FLEX,True,17.8
2025,3,8,4035687,Michael Pittman Jr.,WR,20,BE,False,19.3
2025,3,8,2577417,Dak Prescott,QB,0,QB,True,14.04
2025,3,8,4696981,Cam Skattebo,RB,20,BE,False,24.1
2025,3,8,-16009,Packers D/ST,D/ST,16,D/ST,True,9.0
2025,3,8,15818,Keenan Allen,WR,4,WR,True,19.5
2025,3,8,4239996,Travis Etienne Jr.,RB,23,FLEX,True,11.600000000000001
2025,3,8,3121023,Dallas Goedert,TE,6,TE,True,10.3
2025,3,8,3055899,Harrison Butker,K,17,K,True,11.0
2025,3,8,8439,Aaron Rodgers,QB,20,BE,False,15.66
2025,3,8,5083076,Harold Fannin Jr.,TE,20,BE,False,5.5
2025,3,11,4374302,Amon-Ra St. Brown,WR,4,WR,True,20.7
2025,3,11,3043078,Derrick Henry,RB,2,RB,True,10.7
2025,3,11,4426348,Jayden Daniels,QB,21,IR,False,0.0
2025,3,11,4430878,Jaxon Smith-Njigba,WR,4,WR,True,20.6
2025,3,11,3916433,Jakobi Meyers,WR,23,FLEX,True,9.3
2025,3,11,4038941,Justin Herbert,QB,0,QB,True,16.6
2025,3,11,4697815,Rachaad White,RB,20,BE,False,2.4000000000000004
2025,3,11,3895856,Christian Kirk,WR,23,FLEX,True,5.5
2025,3,11,4241474,Brian Robinson Jr.,RB,20,BE,False,2.2
2025,3,11,15835,Zach Ertz,TE,6,TE,True,6.800000000000001
2025,3,11,4688380,Cam Ward,QB,20,BE,False,13.96
2025,3,11,2473037,Jason Myers,K,17,K,True,17.0
2025,3,11,4371733,Kenneth Gainwell,RB,2,RB,True,9.6
2025,3,11,15795,DeAndre Hopkins,WR,20,BE,False,2.3
2025,3,11,4243331,Cade Otton,TE,20,BE,False,0.0
2025,3,11,-16027,Buccaneers D/ST,D/ST,16,D/ST,True,16.0
2025,3,7,4362628,Ja'Marr Chase,WR,4,WR,True,8.9
2025,3,7,3929630,Saquon Barkley,RB,2,RB,True,9.500000000000002
2025,3,7,3918298,Josh Allen,QB,0,QB,True,29.02
2025,3,7,4569618,Garrett Wilson,WR,4,WR,True,24.4
2025,3,7,4431299,Rome Odunze,WR,23,FLEX,True,15.2
2025,3,7,4361579,Javonte Williams,RB,2,RB,True,12.200000000000001
2025,3,7,3116165,Chris Godwin Jr.,WR,21,IR,False,0.0
2025,3,7,3128720,Nick Chubb,RB,20,BE,False,7.000000000000001
2025,3,7,17372,Chris Boswell,K,17,K,True,3.0
2025,3,7,-16017,Patriots D/ST,D/ST,16,D/ST,True,4.0
2025,3,7,4430539,Brenton Strange,TE,20,BE,False,12.100000000000001
2025,3,7,4360310,Trevor Lawrence,QB,20,BE,False,7.780000000000001
2025,3,7,4682745,Jaylen Wright,RB,20,BE,False,0.0
2025,3,7,4429025,Quentin Johnston,WR,23,FLEX,True,14.9
2025,3,7,4243389,Calvin Austin III,WR,20,BE,False,12.4
2025,3,7,3117256,Dalton Schultz,TE,6,TE,True,8.9
2025,3,7,3116365,Mark Andrews,TE,20,BE,False,27.1
2025,3,4,4047646,A.J. Brown,WR,4,WR,True,22.9
2025,3,4,4040715,Jalen Hurts,QB,0,QB,True,35.04
2025,3,4,4047650,DK Metcalf,WR,4,WR,True,12.2
2025,3,4,4241416,Chuba Hubbard,RB,2,RB,True,9.600000000000001
2025,3,4,4035538,David Montgomery,RB,2,RB,True,29.400000000000002
2025,3,4,3042519,Aaron Jones Sr.,RB,20,BE,False,0.0
2025,3,4,3123076,David Njoku,TE,20,BE,False,9.0
2025,3,4,4361741,Brock Purdy,QB,21,IR,False,0.0
2025,3,4,4428209,Ricky Pearsall,WR,23,FLEX,True,19.700000000000003
2025,3,4,2976212,Stefon Diggs,WR,20,BE,False,5.300000000000001
2025,3,4,4241985,J.K. Dobbins,RB,23,FLEX,True,15.3
2025,3,4,4426385,Zach Charbonnet,RB,20,BE,False,0.0
2025,3,4,4373678,Khalil Shakir,WR,20,BE,False,14.5
2025,3,4,4572680,Tucker Kraft,TE,6,TE,True,5.9
2025,3,4,4362081,Cameron Dicker,K,17,K,True,12.0
2025,3,4,14881,Russell Wilson,QB,20,BE,False,5.100000000000001
2025,3,4,-16004,Bengals D/ST,D/ST,16,D/ST,True,0.0
2025,3,6,3916387,Lamar Jackson,QB,0,QB,True,33.019999999999996
2025,3,6,3116406,Tyreek Hill,WR,4,WR,True,15.9
2025,3,6,4426338,Bo Nix,QB,20,BE,False,18.42
2025,3,6,4361529,Isiah Pacheco,RB,20,BE,False,5.8
2025,3,6,16737,Mike Evans,WR,4,WR,True,13.3
2025,3,6,4430027,Sam LaPorta,TE,6,TE,True,7.300000000000001
2025,3,6,4429615,Zay Flowers,WR,23,FLEX,True,3.3
2025,3,6,3916148,Tony Pollard,RB,2,RB,True,13.9
2025,3,6,3059915,Kareem Hunt,RB,20,BE,False,11.4
2025,3,6,4575131,Jacory Croskey-Merritt,RB,2,RB,True,10.1
2025,3,6,3126486,Deebo Samuel,WR,23,FLEX,True,4.9
2025,3,6,4711533,Ollie Gordon II,RB,20,BE,False,9.8
2025,3,6,4242355,Jake Ferguson,TE,20,BE,False,21.200000000000003
2025,3,6,4689936,Jake Bates,K,17,K,True,8.0
2025,3,6,4361432,Romeo Doubs,WR,20,BE,False,4.5
2025,3,6,-16001,Falcons D/ST,D/ST,16,D/ST,True,5.0
2025,3,1,4429795,Jahmyr Gibbs,RB,2,RB,True,26.9
2025,3,1,4241389,CeeDee Lamb,WR,4,WR,True,0.0
2025,3,1,3054850,Alvin Kamara,RB,2,RB,True,6.6000000000000005
2025,3,1,3139477,Patrick Mahomes,QB,0,QB,True,15.16
2025,3,1,4241478,DeVonta Smith,WR,4,WR,True,20.0
2025,3,1,4426388,Jameson Williams,WR,23,FLEX,True,6.3
2025,3,1,15847,Travis Kelce,TE,6,TE,True,6.6
2025,3,1,4568490,RJ Harvey,RB,20,BE,False,4.6000000000000005
2025,3,1,4361370,Chris Olave,WR,23,FLEX,True,15.7
2025,3,1,2977187,Cooper Kupp,WR,20,BE,False,5.1
2025,3,1,3116385,Joe Mixon,RB,20,BE,False,0.0
2025,3,1,-16034,Texans D/ST,D/ST,16,D/ST,True,7.0
2025,3,1,3150744,Chase McLaughlin,K,17,K,True,20.0
2025,3,1,3046779,Jared Goff,QB,20,BE,False,14.68
2025,3,1,4360248,Kyle Pitts Sr.,TE,20,BE,False,7.9
2025,3,1,4429096,Blake Corum,RB,20,BE,False,5.300000000000001
2025,4,2,4426515,Puka Nacua,WR,4,WR,True,36.0
2025,4,2,4242335,Jonathan Taylor,RB,2,RB,True,14.600000000000001
2025,4,2,4047365,Josh Jacobs,RB,2,RB,True,31.700000000000003
2025,4,2,3915511,Joe Burrow,QB,21,IR,False,0.0
2025,4,2,3925357,Calvin Ridley,WR,4,WR,True,5.0
2025,4,2,3051876,Evan Engram,TE,20,BE,False,6.9
2025,4,2,4819231,Kaleb Johnson,RB,20,BE,False,2.2
2025,4,2,4362249,Jayden Reed,WR,20,BE,False,0.0
2025,4,2,4032473,Rashid Shaheed,WR,23,FLEX,True,9.2
2025,4,2,4429275,Trey Benson,RB,23,FLEX,True,10.4
2025,4,2,4685247,Braelon Allen,RB,20,BE,False,0.6000000000000001
2025,4,2,4369863,Cedric Tillman,WR,20,BE,False,1.6
2025,4,2,-16011,Colts D/ST,D/ST,16,D/ST,True,1.0
2025,4,2,4697745,Tyler Loop,K,17,K,True,9.0
2025,4,2,3054212,Jonnu Smith,TE,6,TE,True,2.6
2025,4,2,-16020,Jets D/ST,D/ST,20,BE,False,0.0
2025,4,2,12483,Matthew Stafford,QB,0,QB,True,36.4
2025,4,5,4890973,Ashton Jeanty,RB,2,RB,True,36.5
2025,4,5,4362238,Chase Brown,RB,2,RB,True,10.1
2025,4,5,4239993,Tee Higgins,WR,4,WR,True,6.2
2025,4,5,3045147,James Conner,RB,21,IR,False,0.0
2025,4,5,4432710,TreVeyon Henderson,RB,20,BE,False,12.6
2025,4,5,3915416,DJ Moore,WR,4,WR,True,7.800000000000001
2025,4,5,3052587,Baker Mayfield,QB,20,BE,False,28.86
2025,4,5,4431459,Tyler Warren,TE,6,TE,True,18.3
2025,4,5,3886598,Jauan Jennings,WR,20,BE,False,6.4
2025,4,5,4688813,Josh Downs,WR,20,BE,False,6.4
2025,4,5,-16026,Seahawks D/ST,D/ST,16,D/ST,True,12.0
2025,4,5,3050478,Jake Elliott,K,17,K,True,7.0
2025,4,5,3046439,Hunter Henry,TE,23,FLEX,True,11.9
2025,4,5,4241479,Tua Tagovailoa,QB,0,QB,True,19.68
2025,4,5,4431280,Troy Franklin,WR,23,FLEX,True,9.5
2025,4,9,4258173,Nico Collins,WR,4,WR,True,11.9
2025,4,9,4567048,Kenneth Walker III,RB,23,FLEX,True,12.0
2025,4,9,4683062,Xavier Worthy,WR,23,FLEX,True,17.1
2025,4,9,4685382,Omarion Hampton,RB,20,BE,False,30.5
2025,4,9,4685472,Tetairoa McMillan,WR,4,WR,True,10.2
2025,4,9,4427366,Breece Hall,RB,2,RB,True,16.1
2025,4,9,4241463,Jerry Jeudy,WR,20,BE,False,7.800000000000001
2025,4,9,4685415,Travis Hunter,WR,20,BE,False,7.2
2025,4,9,4036133,T.J. Hockenson,TE,6,TE,True,7.9
2025,4,9,4569987,Jaylen Warren,RB,2,RB,True,0.0
2025,4,9,4431611,Caleb Williams,QB,0,QB,True,13.780000000000001
2025,4,9,4569173,Rhamondre Stevenson,RB,20,BE,False,5.1000000000000005
2025,4,9,-16023,Steelers D/ST,D/ST,16,D/ST,True,10.0
2025,4,9,4431452,Drake Maye,QB,20,BE,False,27.22
2025,4,9,4433970,J.J. McCarthy,QB,20,BE,False,0.0
2025,4,9,3917232,Tyler Bass,K,21,IR,False,0.0
2025,4,9,4686361,Cam Little,K,17,K,True,8.0
2025,4,12,4432708,Marvin Harrison Jr.,WR,4,WR,True,18.6
2025,4,12,16800,Davante Adams,WR,4,WR,True,15.600000000000001
2025,4,12,4432665,Brock Bowers,TE,6,TE,True,9.600000000000001
2025,4,12,4430737,Kyren Williams,RB,2,RB,True,10.399999999999999
2025,4,12,3040151,George Kittle,TE,20,BE,False,0.0
2025,4,12,4612826,Ladd McConkey,WR,23,FLEX,True,2.1
2025,4,12,4360516,Tyrone Tracy Jr.,RB,20,BE,False,0.0
2025,4,12,4036378,Jordan Love,QB,0,QB,True,32.28
2025,4,12,-16016,Vikings D/ST,D/ST,16,D/ST,True,4.0
2025,4,12,3953687,Brandon Aubrey,K,17,K,True,8.0
2025,4,12,4877706,Jayden Higgins,WR,20,BE,False,9.4
2025,4,12,4685702,Quinshon Judkins,RB,2,RB,True,21.500000000000004
2025,4,12,5081397,Dylan Sampson,RB,20,BE,False,-0.2
2025,4,12,4428557,Tyjae Spears,RB,21,IR,False,0.0
2025,4,12,2576925,Darren Waller,TE,20,BE,False,17.7
2025,4,12,4429022,Kayshon Boutte,WR,23,FLEX,True,2.8
2025,4,12,4429059,Woody Marks,RB,20,BE,False,27.9
2025,4,11,4374302,Amon-Ra St. Brown,WR,4,WR,True,26.0
2025,4,11,3043078,Derrick Henry,RB,2,RB,True,7.800000000000001
2025,4,11,4426348,Jayden Daniels,QB,21,IR,False,0.0
2025,4,11,4430878,Jaxon Smith-Njigba,WR,4,WR,True,13.0
2025,4,11,3916433,Jakobi Meyers,WR,23,FLEX,True,7.0
2025,4,11,4038941,Justin Herbert,QB,0,QB,True,14.520000000000003
2025,4,11,4697815,Rachaad White,RB,20,BE,False,8.600000000000001
2025,4,11,3895856,Christian Kirk,WR,23,FLEX,True,5.0
2025,4,11,4241474,Brian Robinson Jr.,RB,20,BE,False,2.1
2025,4,11,15835,Zach Ertz,TE,6,TE,True,6.1
2025,4,11,4688380,Cam Ward,QB,20,BE,False,4.5200000000000005
2025,4,11,2473037,Jason Myers,K,17,K,True,13.0
2025,4,11,4371733,Kenneth Gainwell,RB,2,RB,True,31.4
2025,4,11,4243331,Cade Otton,TE,20,BE,False,3.9
2025,4,11,-16027,Buccaneers D/ST,D/ST,16,D/ST,True,5.0
2025,4,11,3127586,Jeremy McNichols,RB,20,BE,False,1.3
2025,4,11,4597703,Tory Horton,WR,20,BE,False,2.0
2025,4,3,4430807,Bijan Robinson,RB,2,RB,True,28.1
2025,4,3,4262921,Justin Jefferson,WR,4,WR,True,22.6
2025,4,3,4595348,Malik Nabers,WR,4,WR,True,4.0
2025,4,3,4372016,Jaylen Waddle,WR,23,FLEX,True,7.800000000000001
2025,4,3,3917315,Kyler Murray,QB,0,QB,True,20.1
2025,4,3,4635008,Keon Coleman,WR,20,BE,False,7.5
2025,4,3,4360569,Jordan Mason,RB,2,RB,True,10.2
2025,4,3,4385690,Dalton Kincaid,TE,20,BE,False,9.8
2025,4,3,4373626,Tyler Allgeier,RB,20,BE,False,11.100000000000001
2025,4,3,4241372,Hollywood Brown,WR,23,FLEX,True,12.8
2025,4,3,4360423,Michael Penix Jr.,QB,20,BE,False,22.72
2025,4,3,11122,Matt Prater,K,17,K,True,7.0
2025,4,3,4362887,Justin Fields,QB,21,IR,False,30.14
2025,4,3,3929645,Juwan Johnson,TE,6,TE,True,5.800000000000001
2025,4,3,-16014,Rams D/ST,D/ST,20,BE,False,6.0
2025,4,3,-16030,Jaguars D/ST,D/ST,16,D/ST,True,15.0
2025,4,3,4038815,Rico Dowdle,RB,20,BE,False,4.0
2025,4,4,4047646,A.J. Brown,WR,4,WR,True,2.7
2025,4,4,4040715,Jalen Hurts,QB,0,QB,True,23.4
2025,4,4,4047650,DK Metcalf,WR,4,WR,True,26.6
2025,4,4,4241416,Chuba Hubbard,RB,2,RB,True,9.9
2025,4,4,4035538,David Montgomery,RB,2,RB,True,1.2000000000000002
2025,4,4,3042519,Aaron Jones Sr.,RB,21,IR,False,0.0
2025,4,4,3123076,David Njoku,TE,20,BE,False,3.1
2025,4,4,4361741,Brock Purdy,QB,20,BE,False,21.66
2025,4,4,4428209,Ricky Pearsall,WR,23,FLEX,True,8.600000000000001
2025,4,4,2976212,Stefon Diggs,WR,20,BE,False,16.1
2025,4,4,4241985,J.K. Dobbins,RB,23,FLEX,True,11.500000000000002
2025,4,4,4426385,Zach Charbonnet,RB,20,BE,False,12.4
2025,4,4,4373678,Khalil Shakir,WR,20,BE,False,18.9
2025,4,4,4572680,Tucker Kraft,TE,6,TE,True,10.600000000000001
2025,4,4,4362081,Cameron Dicker,K,17,K,True,5.0
2025,4,4,4045163,Miles Sanders,RB,20,BE,False,4.5
2025,4,4,-16024,Chargers D/ST,D/ST,16,D/ST,True,8.0
2025,4,10,4429160,De'Von Achane,RB,2,RB,True,17.099999999999998
2025,4,10,4426502,Drake London,WR,4,WR,True,25.0
2025,4,10,4361307,Trey McBride,TE,6,TE,True,12.2
2025,4,10,4596448,Bucky Irving,RB,2,RB,True,28.5
2025,4,10,3128429,Courtland Sutton,WR,23,FLEX,True,19.1
2025,4,10,4567750,Emeka Egbuka,WR,4,WR,True,23.1
2025,4,10,4429205,Jordan Addison,WR,23,FLEX,True,15.4
2025,4,10,4040655,Darnell Mooney,WR,21,IR,False,2.5
2025,4,10,4882093,Bhayshul Tuten,RB,20,BE,False,3.2
2025,4,10,4685279,Jaydon Blue,RB,20,BE,False,0.0
2025,4,10,-16008,Lions D/ST,D/ST,20,BE,False,20.0
2025,4,10,17427,Cairo Santos,K,17,K,True,19.0
2025,4,10,4431545,Will Shipley,RB,20,BE,False,0.0
2025,4,10,-16002,Bills D/ST,D/ST,16,D/ST,True,7.0
2025,4,10,4569587,Wan'Dale Robinson,WR,20,BE,False,4.4
2025,4,10,3912547,Sam Darnold,QB,20,BE,False,18.08
2025,4,10,3917792,Daniel Jones,QB,0,QB,True,12.380000000000003
2025,4,1,4429795,Jahmyr Gibbs,RB,2,RB,True,17.700000000000003
2025,4,1,4241389,CeeDee Lamb,WR,20,BE,False,0.0
2025,4,1,3054850,Alvin Kamara,RB,2,RB,True,11.2
2025,4,1,3139477,Patrick Mahomes,QB,0,QB,True,35.3
2025,4,1,4241478,DeVonta Smith,WR,4,WR,True,4.9
2025,4,1,4426388,Jameson Williams,WR,23,FLEX,True,5.7
2025,4,1,15847,Travis Kelce,TE,6,TE,True,9.8
2025,4,1,4568490,RJ Harvey,RB,20,BE,False,19.8
2025,4,1,4361370,Chris Olave,WR,4,WR,True,9.0
2025,4,1,2977187,Cooper Kupp,WR,23,FLEX,True,6.6
2025,4,1,3116385,Joe Mixon,RB,20,BE,False,0.0
2025,4,1,-16034,Texans D/ST,D/ST,16,D/ST,True,13.0
2025,4,1,3150744,Chase McLaughlin,K,17,K,True,17.0
2025,4,1,3046779,Jared Goff,QB,20,BE,False,16.72
2025,4,1,4360248,Kyle Pitts Sr.,TE,20,BE,False,18.0
2025,4,1,4429096,Blake Corum,RB,20,BE,False,3.5999999999999996
2025,4,8,3117251,Christian McCaffrey,RB,2,RB,True,26.1
2025,4,8,4432773,Brian Thomas Jr.,WR,20,BE,False,10.600000000000001
2025,4,8,4379399,James Cook III,RB,2,RB,True,22.500000000000004
2025,4,8,4259545,D'Andre Swift,RB,20,BE,False,16.0
2025,4,8,4426354,George Pickens,WR,4,WR,True,33.4
2025,4,8,4035687,Michael Pittman Jr.,WR,23,FLEX,True,15.100000000000001
2025,4,8,2577417,Dak Prescott,QB,20,BE,False,36.96
2025,4,8,4696981,Cam Skattebo,RB,23,FLEX,True,13.0
2025,4,8,-16009,Packers D/ST,D/ST,16,D/ST,True,-4.0
2025,4,8,15818,Keenan Allen,WR,4,WR,True,8.7
2025,4,8,4239996,Travis Etienne Jr.,RB,20,BE,False,20.5
2025,4,8,3121023,Dallas Goedert,TE,6,TE,True,19.7
2025,4,8,3055899,Harrison Butker,K,17,K,True,12.0
2025,4,8,5083076,Harold Fannin Jr.,TE,20,BE,False,4.5
2025,4,8,15864,Geno Smith,QB,0,QB,True,13.780000000000001
2025,4,8,4428331,Rashee Rice,WR,20,BE,False,0.0
2025,4,6,3916387,Lamar Jackson,QB,0,QB,True,12.68
2025,4,6,3116406,Tyreek Hill,WR,4,WR,True,12.7
2025,4,6,4426338,Bo Nix,QB,20,BE,False,29.740000000000002
2025,4,6,4361529,Isiah Pacheco,RB,20,BE,False,12.8
2025,4,6,4430027,Sam LaPorta,TE,20,BE,False,6.9
2025,4,6,4429615,Zay Flowers,WR,23,FLEX,True,14.4
2025,4,6,3916148,Tony Pollard,RB,2,RB,True,10.600000000000001
2025,4,6,3059915,Kareem Hunt,RB,20,BE,False,5.7
2025,4,6,4575131,Jacory Croskey-Merritt,RB,2,RB,True,7.7
2025,4,6,3126486,Deebo Samuel,WR,23,FLEX,True,20.1
2025,4,6,4711533,Ollie Gordon II,RB,20,BE,False,1.0
2025,4,6,4242355,Jake Ferguson,TE,6,TE,True,17.0
2025,4,6,4689936,Jake Bates,K,17,K,True,13.0
2025,4,6,4428718,Tre Tucker,WR,4,WR,True,4.2
2025,4,6,-16007,Broncos D/ST,D/ST,16,D/ST,True,11.0
2025,4,6,4701936,Matthew Golden,WR,20,BE,False,11.3
2025,4,7,4362628,Ja'Marr Chase,WR,4,WR,True,7.300000000000001
2025,4,7,3929630,Saquon Barkley,RB,2,RB,True,17.400000000000002
2025,4,7,3918298,Josh Allen,QB,0,QB,True,29.86
2025,4,7,4569618,Garrett Wilson,WR,4,WR,True,20.200000000000003
2025,4,7,4431299,Rome Odunze,WR,23,FLEX,True,16.9
2025,4,7,4361579,Javonte Williams,RB,2,RB,True,19.0
2025,4,7,3116165,Chris Godwin Jr.,WR,20,BE,False,5.6
2025,4,7,3128720,Nick Chubb,RB,20,BE,False,8.2
2025,4,7,-16017,Patriots D/ST,D/ST,16,D/ST,True,10.0
2025,4,7,4430539,Brenton Strange,TE,20,BE,False,10.5
2025,4,7,4360310,Trevor Lawrence,QB,20,BE,False,13.66
2025,4,7,4429025,Quentin Johnston,WR,23,FLEX,True,23.8
2025,4,7,3117256,Dalton Schultz,TE,20,BE,False,8.0
2025,4,7,3116365,Mark Andrews,TE,6,TE,True,10.0
2025,4,7,4040761,Devin Singletary,RB,20,BE,False,2.8000000000000003
2025,4,7,4571557,Spencer Shrader,K,17,K,True,10.0
2025,4,7,16737,Mike Evans,WR,21,IR,False,0.0
2025,5,9,4258173,Nico Collins,WR,4,WR,True,16.0
2025,5,9,4567048,Kenneth Walker III,RB,2,RB,True,9.6
2025,5,9,4683062,Xavier Worthy,WR,23,FLEX,True,11.100000000000001
2025,5,9,4685382,Omarion Hampton,RB,23,FLEX,True,13.0
2025,5,9,4685472,Tetairoa McMillan,WR,4,WR,True,13.3
2025,5,9,4427366,Breece Hall,RB,2,RB,True,17.5
2025,5,9,4241463,Jerry Jeudy,WR,20,BE,False,3.5
2025,5,9,4685415,Travis Hunter,WR,20,BE,False,9.4
2025,5,9,4036133,T.J. Hockenson,TE,6,TE,True,9.8
2025,5,9,4569987,Jaylen Warren,RB,20,BE,False,0.0
2025,5,9,4431611,Caleb Williams,QB,20,BE,False,0.0
2025,5,9,4569173,Rhamondre Stevenson,RB,20,BE,False,14.700000000000001
2025,5,9,-16023,Steelers D/ST,D/ST,20,BE,False,0.0
2025,5,9,4431452,Drake Maye,QB,0,QB,True,12.120000000000001
2025,5,9,3917232,Tyler Bass,K,21,IR,False,0.0
2025,5,9,4686361,Cam Little,K,17,K,True,9.0
2025,5,9,-16005,Browns D/ST,D/ST,16,D/ST,True,7.0
2025,5,2,4426515,Puka Nacua,WR,4,WR,True,24.5
2025,5,2,4242335,Jonathan Taylor,RB,2,RB,True,31.6
2025,5,2,4047365,Josh Jacobs,RB,2,RB,True,0.0
2025,5,2,3915511,Joe Burrow,QB,21,IR,False,0.0
2025,5,2,3925357,Calvin Ridley,WR,4,WR,True,18.1
2025,5,2,3051876,Evan Engram,TE,20,BE,False,13.3
2025,5,2,4819231,Kaleb Johnson,RB,20,BE,False,0.0
2025,5,2,4362249,Jayden Reed,WR,20,BE,False,0.0
2025,5,2,4032473,Rashid Shaheed,WR,23,FLEX,True,24.4
2025,5,2,4429275,Trey Benson,RB,23,FLEX,True,0.0
2025,5,2,4685247,Braelon Allen,RB,20,BE,False,0.0
2025,5,2,4369863,Cedric Tillman,WR,20,BE,False,0.0
2025,5,2,-16011,Colts D/ST,D/ST,16,D/ST,True,16.0
2025,5,2,4697745,Tyler Loop,K,17,K,True,3.0
2025,5,2,3054212,Jonnu Smith,TE,6,TE,True,0.0
2025,5,2,-16020,Jets D/ST,D/ST,20,BE,False,-4.0
2025,5,2,12483,Matthew Stafford,QB,0,QB,True,31.560000000000002
2025,5,5,4890973,Ashton Jeanty,RB,2,RB,True,15.899999999999999
2025,5,5,4362238,Chase Brown,RB,2,RB,True,11.799999999999999
2025,5,5,4239993,Tee Higgins,WR,4,WR,True,11.2
2025,5,5,3045147,James Conner,RB,21,IR,False,0.0
2025,5,5,4432710,TreVeyon Henderson,RB,23,FLEX,True,4.7
2025,5,5,3915416,DJ Moore,WR,20,BE,False,0.0
2025,5,5,3052587,Baker Mayfield,QB,0,QB,True,30.66
2025,5,5,4431459,Tyler Warren,TE,6,TE,True,14.4
2025,5,5,3886598,Jauan Jennings,WR,20,BE,False,0.0
2025,5,5,4688813,Josh Downs,WR,20,BE,False,11.4
2025,5,5,-16026,Seahawks D/ST,D/ST,20,BE,False,-4.0
2025,5,5,3050478,Jake Elliott,K,17,K,True,5.0
2025,5,5,3046439,Hunter Henry,TE,23,FLEX,True,6.6000000000000005
2025,5,5,4241479,Tua Tagovailoa,QB,20,BE,False,29.740000000000002
2025,5,5,4431280,Troy Franklin,WR,4,WR,True,8.5
2025,5,5,-16012,Chiefs D/ST,D/ST,16,D/ST,True,7.0
2025,5,11,4374302,Amon-Ra St. Brown,WR,4,WR,True,18.0
2025,5,11,3043078,Derrick Henry,RB,2,RB,True,9.3
2025,5,11,4426348,Jayden Daniels,QB,20,BE,False,19.14
2025,5,11,4430878,Jaxon Smith-Njigba,WR,4,WR,True,27.200000000000003
2025,5,11,3916433,Jakobi Meyers,WR,23,FLEX,True,7.2
2025,5,11,4038941,Justin Herbert,QB,0,QB,True,16.64
2025,5,11,4697815,Rachaad White,RB,2,RB,True,23.1
2025,5,11,3895856,Christian Kirk,WR,23,FLEX,True,10.4
2025,5,11,4241474,Brian Robinson Jr.,RB,20,BE,False,1.2000000000000002
2025,5,11,15835,Zach Ertz,TE,6,TE,True,0.0
2025,5,11,2473037,Jason Myers,K,17,K,True,4.0
2025,5,11,4371733,Kenneth Gainwell,RB,20,BE,False,0.0
2025,5,11,4243331,Cade Otton,TE,20,BE,False,12.1
2025,5,11,3127586,Jeremy McNichols,RB,20,BE,False,2.8000000000000003
2025,5,11,-16022,Cardinals D/ST,D/ST,16,D/ST,True,6.0
2025,5,11,4360438,Brandon Aiyuk,WR,21,IR,False,0.0
2025,5,11,4576297,AJ Barner,TE,20,BE,False,24.3
2025,5,12,4432708,Marvin Harrison Jr.,WR,4,WR,True,13.8
2025,5,12,16800,Davante Adams,WR,4,WR,True,13.8
2025,5,12,4432665,Brock Bowers,TE,20,BE,False,0.0
2025,5,12,4430737,Kyren Williams,RB,2,RB,True,31.1
2025,5,12,3040151,George Kittle,TE,20,BE,False,0.0
2025,5,12,4612826,Ladd McConkey,WR,23,FLEX,True,14.9
2025,5,12,4360516,Tyrone Tracy Jr.,RB,20,BE,False,0.0
2025,5,12,4036378,Jordan Love,QB,20,BE,False,0.0
2025,5,12,-16016,Vikings D/ST,D/ST,16,D/ST,True,3.0
2025,5,12,3953687,Brandon Aubrey,K,17,K,True,6.0
2025,5,12,4877706,Jayden Higgins,WR,20,BE,False,7.2
2025,5,12,4685702,Quinshon Judkins,RB,2,RB,True,13.8
2025,5,12,5081397,Dylan Sampson,RB,20,BE,False,1.2000000000000002
2025,5,12,4428557,Tyjae Spears,RB,21,IR,False,1.4000000000000001
2025,5,12,4429059,Woody Marks,RB,23,FLEX,True,2.4000000000000004
2025,5,12,4685720,Bryce Young,QB,0,QB,True,16.02
2025,5,12,4036131,Noah Fant,TE,6,TE,True,0.0
2025,5,4,4047646,A.J. Brown,WR,4,WR,True,9.3
2025,5,4,4040715,Jalen Hurts,QB,0,QB,True,24.5
2025,5,4,4047650,DK Metcalf,WR,20,BE,False,0.0
2025,5,4,4241416,Chuba Hubbard,RB,20,BE,False,0.0
2025,5,4,4035538,David Montgomery,RB,2,RB,True,20.22
2025,5,4,3042519,Aaron Jones Sr.,RB,21,IR,False,0.0
2025,5,4,3123076,David Njoku,TE,6,TE,True,18.7
2025,5,4,4361741,Brock Purdy,QB,20,BE,False,0.0
2025,5,4,4428209,Ricky Pearsall,WR,20,BE,False,0.0
2025,5,4,2976212,Stefon Diggs,WR,23,FLEX,True,24.6
2025,5,4,4241985,J.K. Dobbins,RB,23,FLEX,True,15.4
2025,5,4,4426385,Zach Charbonnet,RB,20,BE,False,11.8
2025,5,4,4373678,Khalil Shakir,WR,4,WR,True,11.0
2025,5,4,4572680,Tucker Kraft,TE,20,BE,False,0.0
2025,5,4,4362081,Cameron Dicker,K,17,K,True,6.0
2025,5,4,4038815,Rico Dowdle,RB,2,RB,True,34.4
2025,5,4,-16027,Buccaneers D/ST,D/ST,16,D/ST,True,-3.0
2025,5,3,4430807,Bijan Robinson,RB,20,BE,False,0.0
2025,5,3,4262921,Justin Jefferson,WR,4,WR,True,19.3
2025,5,3,4372016,Jaylen Waddle,WR,23,FLEX,True,24.0
2025,5,3,3917315,Kyler Murray,QB,20,BE,False,15.3
2025,5,3,4635008,Keon Coleman,WR,23,FLEX,True,10.3
2025,5,3,4360569,Jordan Mason,RB,2,RB,True,12.6
2025,5,3,4385690,Dalton Kincaid,TE,6,TE,True,16.8
2025,5,3,4373626,Tyler Allgeier,RB,20,BE,False,0.0
2025,5,3,4241372,Hollywood Brown,WR,4,WR,True,8.8
2025,5,3,4360423,Michael Penix Jr.,QB,20,BE,False,0.0
2025,5,3,11122,Matt Prater,K,17,K,True,9.0
2025,5,3,4362887,Justin Fields,QB,0,QB,True,29.92
2025,5,3,3929645,Juwan Johnson,TE,20,BE,False,3.7
2025,5,3,4257364,Zavier Scott,RB,2,RB,True,-0.19999999999999996
2025,5,3,4361432,Romeo Doubs,WR,20,BE,False,0.0
2025,5,3,-16014,Rams D/ST,D/ST,16,D/ST,True,-1.0
2025,5,1,4429795,Jahmyr Gibbs,RB,2,RB,True,16.7
2025,5,1,4241389,CeeDee Lamb,WR,20,BE,False,0.0
2025,5,1,3054850,Alvin Kamara,RB,2,RB,True,9.5
2025,5,1,3139477,Patrick Mahomes,QB,0,QB,True,28.72
2025,5,1,4241478,DeVonta Smith,WR,4,WR,True,19.4
2025,5,1,4426388,Jameson Williams,WR,23,FLEX,True,2.0
2025,5,1,15847,Travis Kelce,TE,6,TE,True,19.1
2025,5,1,4568490,RJ Harvey,RB,20,BE,False,6.0
2025,5,1,4361370,Chris Olave,WR,4,WR,True,12.9
2025,5,1,2977187,Cooper Kupp,WR,23,FLEX,True,11.9
2025,5,1,-16034,Texans D/ST,D/ST,16,D/ST,True,12.0
2025,5,1,3150744,Chase McLaughlin,K,17,K,True,12.0
2025,5,1,3046779,Jared Goff,QB,20,BE,False,26.12
2025,5,1,4360248,Kyle Pitts Sr.,TE,20,BE,False,0.0
2025,5,1,4429096,Blake Corum,RB,20,BE,False,1.3
2025,5,1,4575131,Jacory Croskey-Merritt,RB,20,BE,False,27.0
2025,5,10,4429160,De'Von Achane,RB,2,RB,True,16.6
2025,5,10,4426502,Drake London,WR,20,BE,False,0.0
2025,5,10,4361307,Trey McBride,TE,6,TE,True,9.100000000000001
2025,5,10,4596448,Bucky Irving,RB,20,BE,False,0.0
2025,5,10,3128429,Courtland Sutton,WR,23,FLEX,True,17.9
2025,5,10,4567750,Emeka Egbuka,WR,4,WR,True,31.3
2025,5,10,4429205,Jordan Addison,WR,23,FLEX,True,15.100000000000001
2025,5,10,4040655,Darnell Mooney,WR,21,IR,False,0.0
2025,5,10,4882093,Bhayshul Tuten,RB,20,BE,False,2.1
2025,5,10,4685279,Jaydon Blue,RB,2,RB,True,0.7000000000000001
2025,5,10,-16008,Lions D/ST,D/ST,16,D/ST,True,10.0
2025,5,10,17427,Cairo Santos,K,20,BE,False,0.0
2025,5,10,4431545,Will Shipley,RB,20,BE,False,1.4
2025,5,10,4569587,Wan'Dale Robinson,WR,4,WR,True,8.2
2025,5,10,3912547,Sam Darnold,QB,20,BE,False,35.64
2025,5,10,3917792,Daniel Jones,QB,0,QB,True,20.68
2025,5,10,10621,Nick Folk,K,17,K,True,7.0
2025,5,6,3916387,Lamar Jackson,QB,20,BE,False,0.0
2025,5,6,4426338,Bo Nix,QB,20,BE,False,19.88
2025,5,6,4361529,Isiah Pacheco,RB,20,BE,False,8.6
2025,5,6,4430027,Sam LaPorta,TE,20,BE,False,20.200000000000003
2025,5,6,4429615,Zay Flowers,WR,4,WR,True,12.2
2025,5,6,3916148,Tony Pollard,RB,2,RB,True,14.799999999999999
2025,5,6,3059915,Kareem Hunt,RB,20,BE,False,18.7
2025,5,6,3126486,Deebo Samuel,WR,4,WR,True,23.6
2025,5,6,4242355,Jake Ferguson,TE,6,TE,True,23.9
2025,5,6,4689936,Jake Bates,K,17,K,True,5.0
2025,5,6,4428718,Tre Tucker,WR,23,FLEX,True,11.100000000000001
2025,5,6,3121422,Terry McLaurin,WR,20,BE,False,0.0
2025,5,6,4240657,Michael Carter,RB,2,RB,True,18.3
2025,5,6,4883647,Elic Ayomanor,WR,23,FLEX,True,3.8
2025,5,6,-16002,Bills D/ST,D/ST,16,D/ST,True,6.0
2025,5,6,4432577,C.J. Stroud,QB,0,QB,True,36.76
2025,5,8,3117251,Christian McCaffrey,RB,2,RB,True,27.9
2025,5,8,4432773,Brian Thomas Jr.,WR,20,BE,False,12.0
2025,5,8,4379399,James Cook III,RB,2,RB,True,4.9
2025,5,8,4259545,D'Andre Swift,RB,20,BE,False,0.0
2025,5,8,4426354,George Pickens,WR,4,WR,True,14.7
2025,5,8,4035687,Michael Pittman Jr.,WR,23,FLEX,True,14.9
2025,5,8,2577417,Dak Prescott,QB,0,QB,True,37.28
2025,5,8,4696981,Cam Skattebo,RB,23,FLEX,True,14.4
2025,5,8,15818,Keenan Allen,WR,4,WR,True,10.8
2025,5,8,4239996,Travis Etienne Jr.,RB,20,BE,False,8.8
2025,5,8,3121023,Dallas Goedert,TE,6,TE,True,10.9
2025,5,8,3055899,Harrison Butker,K,17,K,True,4.0
2025,5,8,5083076,Harold Fannin Jr.,TE,20,BE,False,11.3
2025,5,8,4428331,Rashee Rice,WR,20,BE,False,0.0
2025,5,8,4689114,Jaxson Dart,QB,20,BE,False,19.58
2025,5,8,-16019,Giants D/ST,D/ST,16,D/ST,True,0.0
2025,5,7,4362628,Ja'Marr Chase,WR,4,WR,True,32.0
2025,5,7,3929630,Saquon Barkley,RB,2,RB,True,18.8
2025,5,7,3918298,Josh Allen,QB,0,QB,True,23.42
2025,5,7,4569618,Garrett Wilson,WR,4,WR,True,19.1
2025,5,7,4431299,Rome Odunze,WR,20,BE,False,0.0
2025,5,7,4361579,Javonte Williams,RB,2,RB,True,26.9
2025,5,7,3116165,Chris Godwin Jr.,WR,23,FLEX,True,5.6
2025,5,7,3128720,Nick Chubb,RB,20,BE,False,12.100000000000001
2025,5,7,4430539,Brenton Strange,TE,20,BE,False,3.2
2025,5,7,4429025,Quentin Johnston,WR,23,FLEX,True,6.9
2025,5,7,3116365,Mark Andrews,TE,6,TE,True,4.2
2025,5,7,4571557,Spencer Shrader,K,17,K,True,2.0
2025,5,7,16737,Mike Evans,WR,21,IR,False,0.0
2025,5,7,8439,Aaron Rodgers,QB,20,BE,False,0.0
2025,5,7,-16021,Eagles D/ST,D/ST,16,D/ST,True,2.0
2025,5,7,4362478,Emari Demercado,RB,20,BE,False,6.1
2025,5,7,2576925,Darren Waller,TE,20,BE,False,18.8
2025,6,2,4426515,Puka Nacua,WR,4,WR,True,4.800000000000001
2025,6,2,4242335,Jonathan Taylor,RB,2,RB,True,23.7
2025,6,2,4047365,Josh Jacobs,RB,2,RB,True,32.0
2025,6,2,3915511,Joe Burrow,QB,21,IR,False,0.0
2025,6,2,3925357,Calvin Ridley,WR,4,WR,True,2.8
2025,6,2,3051876,Evan Engram,TE,23,FLEX,True,9.9
2025,6,2,4819231,Kaleb Johnson,RB,20,BE,False,1.5
2025,6,2,4362249,Jayden Reed,WR,20,BE,False,0.0
2025,6,2,4032473,Rashid Shaheed,WR,23,FLEX,True,6.800000000000001
2025,6,2,4429275,Trey Benson,RB,20,BE,False,0.0
2025,6,2,4369863,Cedric Tillman,WR,20,BE,False,0.0
2025,6,2,-16011,Colts D/ST,D/ST,16,D/ST,True,2.0
2025,6,2,4697745,Tyler Loop,K,17,K,True,3.0
2025,6,2,3054212,Jonnu Smith,TE,6,TE,True,5.8
2025,6,2,-16020,Jets D/ST,D/ST,20,BE,False,10.0
2025,6,2,12483,Matthew Stafford,QB,0,QB,True,11.34
2025,6,2,4808766,Mason Taylor,TE,20,BE,False,1.2
2025,6,11,4374302,Amon-Ra St. Brown,WR,4,WR,True,13.7
2025,6,11,3043078,Derrick Henry,RB,2,RB,True,14.000000000000002
2025,6,11,4426348,Jayden Daniels,QB,0,QB,True,27.64
2025,6,11,4430878,Jaxon Smith-Njigba,WR,4,WR,True,33.2
2025,6,11,3916433,Jakobi Meyers,WR,23,FLEX,True,7.9
2025,6,11,4038941,Justin Herbert,QB,20,BE,False,22.759999999999998
2025,6,11,4697815,Rachaad White,RB,2,RB,True,17.6
2025,6,11,3895856,Christian Kirk,WR,20,BE,False,0.0
2025,6,11,4241474,Brian Robinson Jr.,RB,20,BE,False,3.8
2025,6,11,15835,Zach Ertz,TE,6,TE,True,16.3
2025,6,11,2473037,Jason Myers,K,17,K,True,10.0
2025,6,11,4371733,Kenneth Gainwell,RB,23,FLEX,True,9.6
2025,6,11,4243331,Cade Otton,TE,20,BE,False,10.100000000000001
2025,6,11,3127586,Jeremy McNichols,RB,20,BE,False,6.5
2025,6,11,4360438,Brandon Aiyuk,WR,21,IR,False,0.0
2025,6,11,4576297,AJ Barner,TE,20,BE,False,10.100000000000001
2025,6,11,-16009,Packers D/ST,D/ST,16,D/ST,True,3.0
2025,6,4,4047646,A.J. Brown,WR,4,WR,True,14.0
2025,6,4,4040715,Jalen Hurts,QB,0,QB,True,22.62
2025,6,4,4047650,DK Metcalf,WR,4,WR,True,19.5
2025,6,4,4241416,Chuba Hubbard,RB,20,BE,False,0.0
2025,6,4,4035538,David Montgomery,RB,2,RB,True,8.100000000000001
2025,6,4,3042519,Aaron Jones Sr.,RB,21,IR,False,0.0
2025,6,4,3123076,David Njoku,TE,20,BE,False,5.800000000000001
2025,6,4,4361741,Brock Purdy,QB,20,BE,False,0.0
2025,6,4,4428209,Ricky Pearsall,WR,20,BE,False,0.0
2025,6,4,2976212,Stefon Diggs,WR,23,FLEX,True,5.800000000000001
2025,6,4,4241985,J.K. Dobbins,RB,23,FLEX,True,4.0
2025,6,4,4426385,Zach Charbonnet,RB,20,BE,False,4.7
2025,6,4,4373678,Khalil Shakir,WR,20,BE,False,6.300000000000001
2025,6,4,4572680,Tucker Kraft,TE,6,TE,True,12.3
2025,6,4,4362081,Cameron Dicker,K,17,K,True,17.0
2025,6,4,4038815,Rico Dowdle,RB,2,RB,True,33.9
2025,6,4,-16027,Buccaneers D/ST,D/ST,16,D/ST,True,10.0
2025,6,9,4258173,Nico Collins,WR,20,BE,False,0.0
2025,6,9,4567048,Kenneth Walker III,RB,23,FLEX,True,4.7
2025,6,9,4685382,Omarion Hampton,RB,20,BE,False,0.0
2025,6,9,4685472,Tetairoa McMillan,WR,4,WR,True,17.9
2025,6,9,4427366,Breece Hall,RB,2,RB,True,5.9
2025,6,9,4241463,Jerry Jeudy,WR,20,BE,False,9.3
2025,6,9,4685415,Travis Hunter,WR,4,WR,True,5.5
2025,6,9,4036133,T.J. Hockenson,TE,20,BE,False,0.0
2025,6,9,4569987,Jaylen Warren,RB,2,RB,True,8.3
2025,6,9,4431611,Caleb Williams,QB,0,QB,True,24.88
2025,6,9,4569173,Rhamondre Stevenson,RB,23,FLEX,True,1.8
2025,6,9,-16023,Steelers D/ST,D/ST,16,D/ST,True,11.0
2025,6,9,4431452,Drake Maye,QB,20,BE,False,36.24
2025,6,9,4686361,Cam Little,K,17,K,True,-2.0
2025,6,9,-16005,Browns D/ST,D/ST,20,BE,False,0.0
2025,6,9,4429148,Theo Johnson,TE,6,TE,True,4.7
2025,6,1,4429795,Jahmyr Gibbs,RB,2,RB,True,7.5
2025,6,1,4241389,CeeDee Lamb,WR,20,BE,False,0.0
2025,6,1,3054850,Alvin Kamara,RB,23,FLEX,True,12.6
2025,6,1,3139477,Patrick Mahomes,QB,0,QB,True,37.48
2025,6,1,4241478,DeVonta Smith,WR,4,WR,True,8.9
2025,6,1,4426388,Jameson Williams,WR,20,BE,False,18.6
2025,6,1,15847,Travis Kelce,TE,6,TE,True,13.8
2025,6,1,4568490,RJ Harvey,RB,20,BE,False,6.5
2025,6,1,4361370,Chris Olave,WR,4,WR,True,15.8
2025,6,1,2977187,Cooper Kupp,WR,23,FLEX,True,12.0
2025,6,1,-16034,Texans D/ST,D/ST,20,BE,False,0.0
2025,6,1,3150744,Chase McLaughlin,K,17,K,True,6.0
2025,6,1,3046779,Jared Goff,QB,20,BE,False,20.82
2025,6,1,4360248,Kyle Pitts Sr.,TE,20,BE,False,4.8
2025,6,1,4575131,Jacory Croskey-Merritt,RB,2,RB,True,5.800000000000001
2025,6,1,-16007,Broncos D/ST,D/ST,16,D/ST,True,18.0
2025,6,5,4890973,Ashton Jeanty,RB,2,RB,True,16.6
2025,6,5,4362238,Chase Brown,RB,2,RB,True,8.9
2025,6,5,4239993,Tee Higgins,WR,4,WR,True,11.2
2025,6,5,3045147,James Conner,RB,21,IR,False,0.0
2025,6,5,4432710,TreVeyon Henderson,RB,20,BE,False,4.6000000000000005
2025,6,5,3915416,DJ Moore,WR,4,WR,True,8.2
2025,6,5,3052587,Baker Mayfield,QB,0,QB,True,24.64
2025,6,5,4431459,Tyler Warren,TE,6,TE,True,18.3
2025,6,5,3886598,Jauan Jennings,WR,20,BE,False,1.7000000000000002
2025,6,5,4688813,Josh Downs,WR,20,BE,False,16.2
2025,6,5,-16026,Seahawks D/ST,D/ST,20,BE,False,12.0
2025,6,5,3050478,Jake Elliott,K,17,K,True,6.0
2025,6,5,3046439,Hunter Henry,TE,23,FLEX,True,5.7
2025,6,5,4241479,Tua Tagovailoa,QB,20,BE,False,8.6
2025,6,5,-16012,Chiefs D/ST,D/ST,16,D/ST,True,4.0
2025,6,5,4683062,Xavier Worthy,WR,23,FLEX,True,10.6
2025,6,6,3916387,Lamar Jackson,QB,21,IR,False,0.0
2025,6,6,4426338,Bo Nix,QB,0,QB,True,15.36
2025,6,6,4361529,Isiah Pacheco,RB,20,BE,False,6.1000000000000005
2025,6,6,4430027,Sam LaPorta,TE,23,FLEX,True,16.5
2025,6,6,4429615,Zay Flowers,WR,4,WR,True,8.600000000000001
2025,6,6,3916148,Tony Pollard,RB,2,RB,True,6.7
2025,6,6,3059915,Kareem Hunt,RB,20,BE,False,4.4
2025,6,6,3126486,Deebo Samuel,WR,4,WR,True,5.4
2025,6,6,4242355,Jake Ferguson,TE,6,TE,True,12.3
2025,6,6,4689936,Jake Bates,K,17,K,True,5.0
2025,6,6,4428718,Tre Tucker,WR,23,FLEX,True,12.0
2025,6,6,4240657,Michael Carter,RB,20,BE,False,8.4
2025,6,6,4432577,C.J. Stroud,QB,20,BE,False,0.0
2025,6,6,4701936,Matthew Golden,WR,20,BE,False,13.2
2025,6,6,-16014,Rams D/ST,D/ST,16,D/ST,True,16.0
2025,6,6,4426948,Luke McCaffrey,WR,20,BE,False,10.3
2025,6,6,4427728,Bam Knight,RB,2,RB,True,12.4
2025,6,12,4432708,Marvin Harrison Jr.,WR,4,WR,True,5.2
2025,6,12,16800,Davante Adams,WR,4,WR,True,7.9
2025,6,12,4432665,Brock Bowers,TE,20,BE,False,0.0
2025,6,12,4430737,Kyren Williams,RB,2,RB,True,16.7
2025,6,12,3040151,George Kittle,TE,21,IR,False,0.0
2025,6,12,4612826,Ladd McConkey,WR,23,FLEX,True,23.0
2025,6,12,4360516,Tyrone Tracy Jr.,RB,20,BE,False,0.6000000000000001
2025,6,12,4036378,Jordan Love,QB,0,QB,True,16.96
2025,6,12,-16016,Vikings D/ST,D/ST,20,BE,False,0.0
2025,6,12,3953687,Brandon Aubrey,K,17,K,True,9.0
2025,6,12,4877706,Jayden Higgins,WR,20,BE,False,0.0
2025,6,12,4685702,Quinshon Judkins,RB,2,RB,True,3.6
2025,6,12,4428557,Tyjae Spears,RB,20,BE,False,9.0
2025,6,12,4429059,Woody Marks,RB,20,BE,False,0.0
2025,6,12,4036131,Noah Fant,TE,6,TE,True,6.7
2025,6,12,3045523,Kendrick Bourne,WR,23,FLEX,True,19.200000000000003
2025,6,12,-16013,Raiders D/ST,D/ST,16,D/ST,True,17.0
2025,6,7,4362628,Ja'Marr Chase,WR,4,WR,True,25.1
2025,6,7,3929630,Saquon Barkley,RB,2,RB,True,8.700000000000001
2025,6,7,3918298,Josh Allen,QB,0,QB,True,19.4
2025,6,7,4569618,Garrett Wilson,WR,4,WR,True,4.3
2025,6,7,4431299,Rome Odunze,WR,23,FLEX,True,5.2
2025,6,7,4361579,Javonte Williams,RB,2,RB,True,8.4
2025,6,7,3128720,Nick Chubb,RB,20,BE,False,0.0
2025,6,7,4429025,Quentin Johnston,WR,20,BE,False,0.0
2025,6,7,3116365,Mark Andrews,TE,20,BE,False,6.6000000000000005
2025,6,7,16737,Mike Evans,WR,21,IR,False,0.0
2025,6,7,8439,Aaron Rodgers,QB,20,BE,False,21.5
2025,6,7,-16021,Eagles D/ST,D/ST,16,D/ST,True,1.0
2025,6,7,2576925,Darren Waller,TE,6,TE,True,9.2
2025,6,7,2985659,Wil Lutz,K,17,K,True,9.0
2025,6,7,-16017,Patriots D/ST,D/ST,20,BE,False,6.0
2025,6,7,4259147,Jake Tonges,TE,23,FLEX,True,11.8
2025,6,7,2976592,Sterling Shepard,WR,20,BE,False,7.1000000000000005
2025,6,3,4430807,Bijan Robinson,RB,2,RB,True,38.8
2025,6,3,4262921,Justin Jefferson,WR,20,BE,False,0.0
2025,6,3,4372016,Jaylen Waddle,WR,4,WR,True,15.82
2025,6,3,3917315,Kyler Murray,QB,20,BE,False,0.0
2025,6,3,4635008,Keon Coleman,WR,23,FLEX,True,4.1
2025,6,3,4360569,Jordan Mason,RB,20,BE,False,0.0
2025,6,3,4385690,Dalton Kincaid,TE,6,TE,True,0.0
2025,6,3,4241372,Hollywood Brown,WR,4,WR,True,20.5
2025,6,3,11122,Matt Prater,K,17,K,True,2.0
2025,6,3,4362887,Justin Fields,QB,0,QB,True,4.9
2025,6,3,3929645,Juwan Johnson,TE,20,BE,False,1.5
2025,6,3,4361432,Romeo Doubs,WR,23,FLEX,True,10.5
2025,6,3,4599739,Kendre Miller,RB,20,BE,False,4.2
2025,6,3,-16030,Jaguars D/ST,D/ST,16,D/ST,True,1.0
2025,6,3,4430968,Kimani Vidal,RB,2,RB,True,22.799999999999997
2025,6,3,2468609,Taysom Hill,TE,20,BE,False,6.1
2025,6,8,3117251,Christian McCaffrey,RB,2,RB,True,24.099999999999998
2025,6,8,4432773,Brian Thomas Jr.,WR,20,BE,False,23.0
2025,6,8,4379399,James Cook III,RB,2,RB,True,8.700000000000001
2025,6,8,4259545,D'Andre Swift,RB,20,BE,False,28.5
2025,6,8,4426354,George Pickens,WR,4,WR,True,31.8
2025,6,8,4035687,Michael Pittman Jr.,WR,23,FLEX,True,4.0
2025,6,8,2577417,Dak Prescott,QB,0,QB,True,28.34
2025,6,8,4696981,Cam Skattebo,RB,23,FLEX,True,31.0
2025,6,8,15818,Keenan Allen,WR,4,WR,True,6.7
2025,6,8,4239996,Travis Etienne Jr.,RB,20,BE,False,9.5
2025,6,8,3121023,Dallas Goedert,TE,6,TE,True,26.0
2025,6,8,3055899,Harrison Butker,K,17,K,True,5.0
2025,6,8,5083076,Harold Fannin Jr.,TE,20,BE,False,15.1
2025,6,8,4428331,Rashee Rice,WR,20,BE,False,0.0
2025,6,8,4689114,Jaxson Dart,QB,20,BE,False,25.6
2025,6,8,-16024,Chargers D/ST,D/ST,16,D/ST,True,8.0
2025,6,10,4429160,De'Von Achane,RB,2,RB,True,32.0
2025,6,10,4426502,Drake London,WR,23,FLEX,True,31.8
2025,6,10,4361307,Trey McBride,TE,6,TE,True,21.2
2025,6,10,4596448,Bucky Irving,RB,20,BE,False,0.0
2025,6,10,3128429,Courtland Sutton,WR,23,FLEX,True,2.7
2025,6,10,4567750,Emeka Egbuka,WR,4,WR,True,4.4
2025,6,10,4429205,Jordan Addison,WR,20,BE,False,0.0
2025,6,10,4040655,Darnell Mooney,WR,21,IR,False,0.0
2025,6,10,4882093,Bhayshul Tuten,RB,20,BE,False,4.800000000000001
2025,6,10,4685279,Jaydon Blue,RB,20,BE,False,0.0
2025,6,10,-16008,Lions D/ST,D/ST,16,D/ST,True,2.0
2025,6,10,17427,Cairo Santos,K,20,BE,False,0.0
2025,6,10,4569587,Wan'Dale Robinson,WR,4,WR,True,20.4
2025,6,10,3912547,Sam Darnold,QB,20,BE,False,27.0
2025,6,10,3917792,Daniel Jones,QB,0,QB,True,26.48
2025,6,10,10621,Nick Folk,K,17,K,True,12.0
2025,6,10,4372071,Hassan Haskins,RB,2,RB,True,3.3000000000000003
2025,7,4,4047646,A.J. Brown,WR,4,WR,True,28.1
2025,7,4,4040715,Jalen Hurts,QB,0,QB,True,33.04
2025,7,4,4047650,DK Metcalf,WR,4,WR,True,8.0
2025,7,4,4241416,Chuba Hubbard,RB,20,BE,False,7.5
2025,7,4,4035538,David Montgomery,RB,2,RB,True,5.8999999999999995
2025,7,4,3042519,Aaron Jones Sr.,RB,21,IR,False,0.0
2025,7,4,3123076,David Njoku,TE,20,BE,False,0.0
2025,7,4,4361741,Brock Purdy,QB,20,BE,False,0.0
2025,7,4,4428209,Ricky Pearsall,WR,20,BE,False,0.0
2025,7,4,2976212,Stefon Diggs,WR,23,FLEX,True,13.9
2025,7,4,4241985,J.K. Dobbins,RB,23,FLEX,True,9.0
2025,7,4,4426385,Zach Charbonnet,RB,20,BE,False,19.5
2025,7,4,4373678,Khalil Shakir,WR,20,BE,False,0.0
2025,7,4,4572680,Tucker Kraft,TE,6,TE,True,16.8
2025,7,4,4362081,Cameron Dicker,K,17,K,True,7.0
2025,7,4,4038815,Rico Dowdle,RB,2,RB,True,10.600000000000001
2025,7,4,-16029,Panthers D/ST,D/ST,16,D/ST,True,16.0
2025,7,2,4426515,Puka Nacua,WR,20,BE,False,0.0
2025,7,2,4242335,Jonathan Taylor,RB,2,RB,True,34.199999999999996
2025,7,2,4047365,Josh Jacobs,RB,2,RB,True,18.8
2025,7,2,3915511,Joe Burrow,QB,21,IR,False,0.0
2025,7,2,3925357,Calvin Ridley,WR,20,BE,False,0.0
2025,7,2,3051876,Evan Engram,TE,23,FLEX,True,9.2
2025,7,2,4819231,Kaleb Johnson,RB,20,BE,False,0.0
2025,7,2,4362249,Jayden Reed,WR,20,BE,False,0.0
2025,7,2,4032473,Rashid Shaheed,WR,4,WR,True,8.0
2025,7,2,4429275,Trey Benson,RB,20,BE,False,0.0
2025,7,2,-16011,Colts D/ST,D/ST,16,D/ST,True,5.0
2025,7,2,4697745,Tyler Loop,K,20,BE,False,0.0
2025,7,2,12483,Matthew Stafford,QB,0,QB,True,37.38
2025,7,2,4808766,Mason Taylor,TE,6,TE,True,6.1
2025,7,2,17372,Chris Boswell,K,17,K,True,8.0
2025,7,2,4373626,Tyler Allgeier,RB,23,FLEX,True,1.6
2025,7,2,4883647,Elic Ayomanor,WR,4,WR,True,4.9
2025,7,11,4374302,Amon-Ra St. Brown,WR,4,WR,True,20.6
2025,7,11,3043078,Derrick Henry,RB,20,BE,False,0.0
2025,7,11,4426348,Jayden Daniels,QB,0,QB,True,19.740000000000002
2025,7,11,4430878,Jaxon Smith-Njigba,WR,4,WR,True,26.3
2025,7,11,3916433,Jakobi Meyers,WR,23,FLEX,True,0.0
2025,7,11,4038941,Justin Herbert,QB,20,BE,False,35.900000000000006
2025,7,11,4697815,Rachaad White,RB,2,RB,True,8.4
2025,7,11,3895856,Christian Kirk,WR,20,BE,False,0.0
2025,7,11,4241474,Brian Robinson Jr.,RB,20,BE,False,3.6
2025,7,11,15835,Zach Ertz,TE,6,TE,True,12.7
2025,7,11,2473037,Jason Myers,K,17,K,True,9.0
2025,7,11,4371733,Kenneth Gainwell,RB,2,RB,True,3.5000000000000004
2025,7,11,4243331,Cade Otton,TE,23,FLEX,True,13.5
2025,7,11,3127586,Jeremy McNichols,RB,20,BE,False,6.5
2025,7,11,4360438,Brandon Aiyuk,WR,21,IR,False,0.0
2025,7,11,4576297,AJ Barner,TE,20,BE,False,1.9
2025,7,11,-16009,Packers D/ST,D/ST,16,D/ST,True,8.0
2025,7,1,4429795,Jahmyr Gibbs,RB,2,RB,True,39.800000000000004
2025,7,1,4241389,CeeDee Lamb,WR,23,FLEX,True,25.0
2025,7,1,3054850,Alvin Kamara,RB,23,FLEX,True,5.9
2025,7,1,3139477,Patrick Mahomes,QB,0,QB,True,32.24
2025,7,1,4241478,DeVonta Smith,WR,4,WR,True,36.3
2025,7,1,4426388,Jameson Williams,WR,20,BE,False,0.0
2025,7,1,15847,Travis Kelce,TE,6,TE,True,8.4
2025,7,1,4568490,RJ Harvey,RB,20,BE,False,7.2
2025,7,1,4361370,Chris Olave,WR,4,WR,True,26.8
2025,7,1,2977187,Cooper Kupp,WR,20,BE,False,2.2
2025,7,1,-16034,Texans D/ST,D/ST,20,BE,False,18.0
2025,7,1,3150744,Chase McLaughlin,K,17,K,True,5.0
2025,7,1,3046779,Jared Goff,QB,20,BE,False,12.34
2025,7,1,4360248,Kyle Pitts Sr.,TE,20,BE,False,13.2
2025,7,1,4575131,Jacory Croskey-Merritt,RB,2,RB,True,4.200000000000001
2025,7,1,-16007,Broncos D/ST,D/ST,16,D/ST,True,5.0
2025,7,9,4258173,Nico Collins,WR,23,FLEX,True,6.7
2025,7,9,4567048,Kenneth Walker III,RB,20,BE,False,6.6000000000000005
2025,7,9,4685382,Omarion Hampton,RB,20,BE,False,0.0
2025,7,9,4685472,Tetairoa McMillan,WR,4,WR,True,6.300000000000001
2025,7,9,4427366,Breece Hall,RB,2,RB,True,7.200000000000001
2025,7,9,4241463,Jerry Jeudy,WR,4,WR,True,3.7
2025,7,9,4685415,Travis Hunter,WR,20,BE,False,24.1
2025,7,9,4036133,T.J. Hockenson,TE,6,TE,True,10.3
2025,7,9,4569987,Jaylen Warren,RB,2,RB,True,19.800000000000004
2025,7,9,4431611,Caleb Williams,QB,20,BE,False,4.68
2025,7,9,4569173,Rhamondre Stevenson,RB,23,FLEX,True,16.8
2025,7,9,-16023,Steelers D/ST,D/ST,16,D/ST,True,-3.0
2025,7,9,4431452,Drake Maye,QB,0,QB,True,27.080000000000002
2025,7,9,4686361,Cam Little,K,17,K,True,0.0
2025,7,9,-16005,Browns D/ST,D/ST,20,BE,False,24.0
2025,7,9,4429148,Theo Johnson,TE,20,BE,False,16.6
2025,7,6,3916387,Lamar Jackson,QB,21,IR,False,0.0
2025,7,6,4426338,Bo Nix,QB,20,BE,False,43.96
2025,7,6,4361529,Isiah Pacheco,RB,2,RB,True,12.399999999999999
2025,7,6,4430027,Sam LaPorta,TE,23,FLEX,True,4.5
2025,7,6,4429615,Zay Flowers,WR,20,BE,False,0.0
2025,7,6,3916148,Tony Pollard,RB,2,RB,True,12.1
2025,7,6,3059915,Kareem Hunt,RB,20,BE,False,1.8
2025,7,6,3126486,Deebo Samuel,WR,20,BE,False,0.0
2025,7,6,4242355,Jake Ferguson,TE,6,TE,True,21.9
2025,7,6,4689936,Jake Bates,K,17,K,True,7.0
2025,7,6,4428718,Tre Tucker,WR,4,WR,True,8.3
2025,7,6,4240657,Michael Carter,RB,23,FLEX,True,5.6
2025,7,6,4432577,C.J. Stroud,QB,0,QB,True,15.66
2025,7,6,4701936,Matthew Golden,WR,4,WR,True,7.7
2025,7,6,-16014,Rams D/ST,D/ST,16,D/ST,True,10.0
2025,7,6,4427728,Bam Knight,RB,20,BE,False,9.399999999999999
2025,7,6,3121422,Terry McLaurin,WR,20,BE,False,0.0
2025,7,5,4890973,Ashton Jeanty,RB,23,FLEX,True,4.4
2025,7,5,4362238,Chase Brown,RB,2,RB,True,12.0
2025,7,5,3045147,James Conner,RB,21,IR,False,0.0
2025,7,5,4432710,TreVeyon Henderson,RB,23,FLEX,True,0.5
2025,7,5,3915416,DJ Moore,WR,4,WR,True,8.2
2025,7,5,3052587,Baker Mayfield,QB,0,QB,True,13.120000000000001
2025,7,5,3886598,Jauan Jennings,WR,20,BE,False,7.1
2025,7,5,4688813,Josh Downs,WR,20,BE,False,0.0
2025,7,5,-16026,Seahawks D/ST,D/ST,20,BE,False,10.0
2025,7,5,3050478,Jake Elliott,K,17,K,True,3.0
2025,7,5,3046439,Hunter Henry,TE,20,BE,False,7.300000000000001
2025,7,5,4241479,Tua Tagovailoa,QB,20,BE,False,-1.4000000000000004
2025,7,5,-16012,Chiefs D/ST,D/ST,16,D/ST,True,14.0
2025,7,5,4683062,Xavier Worthy,WR,4,WR,True,7.8
2025,7,5,4239996,Travis Etienne Jr.,RB,2,RB,True,6.5
2025,7,5,5083076,Harold Fannin Jr.,TE,6,TE,True,7.6
2025,7,5,4608810,Tez Johnson,WR,20,BE,False,15.8
2025,7,7,4362628,Ja'Marr Chase,WR,4,WR,True,38.1
2025,7,7,3929630,Saquon Barkley,RB,2,RB,True,5.2
2025,7,7,3918298,Josh Allen,QB,20,BE,False,0.0
2025,7,7,4569618,Garrett Wilson,WR,20,BE,False,0.0
2025,7,7,4431299,Rome Odunze,WR,4,WR,True,5.1
2025,7,7,4361579,Javonte Williams,RB,2,RB,True,18.8
2025,7,7,3128720,Nick Chubb,RB,20,BE,False,2.1
2025,7,7,4429025,Quentin Johnston,WR,23,FLEX,True,11.0
2025,7,7,3116365,Mark Andrews,TE,20,BE,False,0.0
2025,7,7,16737,Mike Evans,WR,23,FLEX,True,0.0
2025,7,7,8439,Aaron Rodgers,QB,0,QB,True,33.56
2025,7,7,-16021,Eagles D/ST,D/ST,20,BE,False,12.0
2025,7,7,2576925,Darren Waller,TE,6,TE,True,0.0
2025,7,7,-16017,Patriots D/ST,D/ST,16,D/ST,True,20.0
2025,7,7,3117256,Dalton Schultz,TE,20,BE,False,18.8
2025,7,7,2971573,Ka'imi Fairbairn,K,17,K,True,8.0
2025,7,12,4432708,Marvin Harrison Jr.,WR,4,WR,True,7.800000000000001
2025,7,12,16800,Davante Adams,WR,4,WR,True,26.5
2025,7,12,4432665,Brock Bowers,TE,20,BE,False,0.0
2025,7,12,4430737,Kyren Williams,RB,2,RB,True,8.5
2025,7,12,3040151,George Kittle,TE,21,IR,False,0.0
2025,7,12,4612826,Ladd McConkey,WR,23,FLEX,True,15.7
2025,7,12,4360516,Tyrone Tracy Jr.,RB,20,BE,False,10.600000000000001
2025,7,12,4036378,Jordan Love,QB,0,QB,True,15.36
2025,7,12,-16016,Vikings D/ST,D/ST,20,BE,False,3.0
2025,7,12,3953687,Brandon Aubrey,K,17,K,True,18.0
2025,7,12,4877706,Jayden Higgins,WR,20,BE,False,0.0
2025,7,12,4685702,Quinshon Judkins,RB,2,RB,True,27.4
2025,7,12,4428557,Tyjae Spears,RB,20,BE,False,7.0
2025,7,12,4429059,Woody Marks,RB,20,BE,False,12.5
2025,7,12,4036131,Noah Fant,TE,6,TE,True,14.4
2025,7,12,3045523,Kendrick Bourne,WR,23,FLEX,True,3.4000000000000004
2025,7,12,-16013,Raiders D/ST,D/ST,16,D/ST,True,-2.0
2025,7,8,3117251,Christian McCaffrey,RB,2,RB,True,39.1
2025,7,8,4432773,Brian Thomas Jr.,WR,23,FLEX,True,6.1
2025,7,8,4379399,James Cook III,RB,20,BE,False,0.0
2025,7,8,4259545,D'Andre Swift,RB,2,RB,True,20.799999999999997
2025,7,8,4426354,George Pickens,WR,4,WR,True,12.200000000000001
2025,7,8,4035687,Michael Pittman Jr.,WR,20,BE,False,20.8
2025,7,8,2577417,Dak Prescott,QB,0,QB,True,32.26
2025,7,8,4696981,Cam Skattebo,RB,23,FLEX,True,18.4
2025,7,8,15818,Keenan Allen,WR,20,BE,False,28.9
2025,7,8,3121023,Dallas Goedert,TE,20,BE,False,4.8
2025,7,8,3055899,Harrison Butker,K,17,K,True,7.0
2025,7,8,4428331,Rashee Rice,WR,4,WR,True,23.2
2025,7,8,4689114,Jaxson Dart,QB,20,BE,False,36.42
2025,7,8,4431459,Tyler Warren,TE,6,TE,True,16.9
2025,7,8,-16001,Falcons D/ST,D/ST,16,D/ST,True,3.0
2025,7,8,4249087,Matt Gay,K,20,BE,False,2.0
2025,7,3,4430807,Bijan Robinson,RB,2,RB,True,21.2
2025,7,3,4262921,Justin Jefferson,WR,4,WR,True,12.9
2025,7,3,4372016,Jaylen Waddle,WR,4,WR,True,2.5
2025,7,3,3917315,Kyler Murray,QB,20,BE,False,0.0
2025,7,3,4635008,Keon Coleman,WR,20,BE,False,0.0
2025,7,3,4360569,Jordan Mason,RB,23,FLEX,True,11.7
2025,7,3,4385690,Dalton Kincaid,TE,21,IR,False,0.0
2025,7,3,4241372,Hollywood Brown,WR,20,BE,False,9.4
2025,7,3,11122,Matt Prater,K,20,BE,False,0.0
2025,7,3,4362887,Justin Fields,QB,0,QB,True,4.04
2025,7,3,3929645,Juwan Johnson,TE,6,TE,True,12.9
2025,7,3,4361432,Romeo Doubs,WR,23,FLEX,True,13.2
2025,7,3,4599739,Kendre Miller,RB,20,BE,False,0.7000000000000001
2025,7,3,-16030,Jaguars D/ST,D/ST,16,D/ST,True,-1.0
2025,7,3,4430968,Kimani Vidal,RB,2,RB,True,7.5
2025,7,3,2468609,Taysom Hill,TE,20,BE,False,2.8000000000000003
2025,7,3,4034949,Eddy Pineiro,K,17,K,True,11.0
2025,7,10,4429160,De'Von Achane,RB,2,RB,True,12.8
2025,7,10,4426502,Drake London,WR,23,FLEX,True,8.2
2025,7,10,4361307,Trey McBride,TE,6,TE,True,29.4
2025,7,10,4596448,Bucky Irving,RB,20,BE,False,0.0
2025,7,10,3128429,Courtland Sutton,WR,23,FLEX,True,16.700000000000003
2025,7,10,4567750,Emeka Egbuka,WR,20,BE,False,9.8
2025,7,10,4429205,Jordan Addison,WR,4,WR,True,21.8
2025,7,10,4040655,Darnell Mooney,WR,21,IR,False,9.8
2025,7,10,4882093,Bhayshul Tuten,RB,20,BE,False,2.2
2025,7,10,4685279,Jaydon Blue,RB,20,BE,False,4.4
2025,7,10,-16008,Lions D/ST,D/ST,16,D/ST,True,13.0
2025,7,10,17427,Cairo Santos,K,20,BE,False,0.0
2025,7,10,4569587,Wan'Dale Robinson,WR,4,WR,True,15.5
2025,7,10,3912547,Sam Darnold,QB,20,BE,False,10.62
2025,7,10,3917792,Daniel Jones,QB,0,QB,True,26.22
2025,7,10,10621,Nick Folk,K,17,K,True,7.0
2025,7,10,4372071,Hassan Haskins,RB,2,RB,True,2.5
2025,8,2,4426515,Puka Nacua,WR,20,BE,False,0.0
2025,8,2,4242335,Jonathan Taylor,RB,2,RB,True,40.4
2025,8,2,4047365,Josh Jacobs,RB,2,RB,True,13.5
2025,8,2,3915511,Joe Burrow,QB,21,IR,False,0.0
2025,8,2,3925357,Calvin Ridley,WR,20,BE,False,0.0
2025,8,2,3051876,Evan Engram,TE,23,FLEX,True,7.6
2025,8,2,4362249,Jayden Reed,WR,20,BE,False,0.0
2025,8,2,4032473,Rashid Shaheed,WR,4,WR,True,14.5
2025,8,2,4429275,Trey Benson,RB,20,BE,False,0.0
2025,8,2,-16011,Colts D/ST,D/ST,16,D/ST,True,7.0
2025,8,2,4697745,Tyler Loop,K,20,BE,False,13.0
2025,8,2,12483,Matthew Stafford,QB,20,BE,False,0.0
2025,8,2,4808766,Mason Taylor,TE,6,TE,True,14.4
2025,8,2,17372,Chris Boswell,K,17,K,True,20.0
2025,8,2,4373626,Tyler Allgeier,RB,23,FLEX,True,9.4
2025,8,2,4883647,Elic Ayomanor,WR,4,WR,True,9.2
2025,8,2,4432577,C.J. Stroud,QB,0,QB,True,25.72
2025,8,1,4429795,Jahmyr Gibbs,RB,20,BE,False,0.0
2025,8,1,4241389,CeeDee Lamb,WR,23,FLEX,True,14.600000000000001
2025,8,1,3054850,Alvin Kamara,RB,2,RB,True,6.5
2025,8,1,3139477,Patrick Mahomes,QB,0,QB,True,28.96
2025,8,1,4241478,DeVonta Smith,WR,4,WR,True,14.4
2025,8,1,4426388,Jameson Williams,WR,20,BE,False,0.0
2025,8,1,15847,Travis Kelce,TE,6,TE,True,21.9
2025,8,1,4568490,RJ Harvey,RB,20,BE,False,25.1
2025,8,1,4361370,Chris Olave,WR,4,WR,True,14.0
2025,8,1,2977187,Cooper Kupp,WR,20,BE,False,0.0
2025,8,1,-16034,Texans D/ST,D/ST,16,D/ST,True,7.0
2025,8,1,3150744,Chase McLaughlin,K,17,K,True,17.0
2025,8,1,3046779,Jared Goff,QB,20,BE,False,0.0
2025,8,1,4360248,Kyle Pitts Sr.,TE,23,FLEX,True,14.9
2025,8,1,4575131,Jacory Croskey-Merritt,RB,2,RB,True,2.5
2025,8,1,-16007,Broncos D/ST,D/ST,20,BE,False,6.0
2025,8,6,3916387,Lamar Jackson,QB,21,IR,False,0.0
2025,8,6,4426338,Bo Nix,QB,0,QB,True,31.78
2025,8,6,4361529,Isiah Pacheco,RB,2,RB,True,5.800000000000001
2025,8,6,4430027,Sam LaPorta,TE,20,BE,False,0.0
2025,8,6,4429615,Zay Flowers,WR,4,WR,True,14.100000000000001
2025,8,6,3916148,Tony Pollard,RB,2,RB,True,6.300000000000001
2025,8,6,3059915,Kareem Hunt,RB,20,BE,False,17.2
2025,8,6,3126486,Deebo Samuel,WR,23,FLEX,True,4.2
2025,8,6,4242355,Jake Ferguson,TE,6,TE,True,0.0
2025,8,6,4428718,Tre Tucker,WR,20,BE,False,0.0
2025,8,6,-16014,Rams D/ST,D/ST,20,BE,False,0.0
2025,8,6,4239993,Tee Higgins,WR,4,WR,True,12.4
2025,8,6,4038441,Justice Hill,RB,20,BE,False,0.2
2025,8,6,-16003,Bears D/ST,D/ST,16,D/ST,True,1.0
2025,8,6,3123052,Michael Badgley,K,17,K,True,9.0
2025,8,6,4595342,Oronde Gadsden,TE,23,FLEX,True,18.7
2025,8,6,4430034,Xavier Legette,WR,20,BE,False,3.7
2025,8,4,4047646,A.J. Brown,WR,20,BE,False,0.0
2025,8,4,4040715,Jalen Hurts,QB,0,QB,True,34.36
2025,8,4,4047650,DK Metcalf,WR,4,WR,True,16.5
2025,8,4,4241416,Chuba Hubbard,RB,23,FLEX,True,9.4
2025,8,4,4035538,David Montgomery,RB,20,BE,False,0.0
2025,8,4,3042519,Aaron Jones Sr.,RB,21,IR,False,5.0
2025,8,4,3123076,David Njoku,TE,20,BE,False,13.7
2025,8,4,4361741,Brock Purdy,QB,20,BE,False,0.0
2025,8,4,4428209,Ricky Pearsall,WR,20,BE,False,0.0
2025,8,4,2976212,Stefon Diggs,WR,4,WR,True,10.4
2025,8,4,4241985,J.K. Dobbins,RB,2,RB,True,14.100000000000001
2025,8,4,4426385,Zach Charbonnet,RB,20,BE,False,0.0
2025,8,4,4373678,Khalil Shakir,WR,23,FLEX,True,23.8
2025,8,4,4572680,Tucker Kraft,TE,6,TE,True,33.3
2025,8,4,4362081,Cameron Dicker,K,17,K,True,14.0
2025,8,4,4038815,Rico Dowdle,RB,2,RB,True,5.4
2025,8,4,-16024,Chargers D/ST,D/ST,16,D/ST,True,14.0
2025,8,7,4362628,Ja'Marr Chase,WR,4,WR,True,21.1
2025,8,7,3929630,Saquon Barkley,RB,2,RB,True,36.4
2025,8,7,3918298,Josh Allen,QB,0,QB,True,28.22
2025,8,7,4569618,Garrett Wilson,WR,20,BE,False,0.0
2025,8,7,4431299,Rome Odunze,WR,4,WR,True,18.4
2025,8,7,4361579,Javonte Williams,RB,2,RB,True,17.900000000000002
2025,8,7,3128720,Nick Chubb,RB,20,BE,False,8.9
2025,8,7,4429025,Quentin Johnston,WR,23,FLEX,True,0.0
2025,8,7,3116365,Mark Andrews,TE,6,TE,True,6.4
2025,8,7,8439,Aaron Rodgers,QB,20,BE,False,20.759999999999998
2025,8,7,-16021,Eagles D/ST,D/ST,20,BE,False,7.0
2025,8,7,-16017,Patriots D/ST,D/ST,16,D/ST,True,12.0
2025,8,7,2971573,Ka'imi Fairbairn,K,17,K,True,14.0
2025,8,7,3116165,Chris Godwin Jr.,WR,21,IR,False,0.0
2025,8,7,4608686,Kyle Monangai,RB,20,BE,False,2.4000000000000004
2025,8,7,3121422,Terry McLaurin,WR,23,FLEX,True,14.4
2025,8,11,4374302,Amon-Ra St. Brown,WR,20,BE,False,0.0
2025,8,11,3043078,Derrick Henry,RB,2,RB,True,19.1
2025,8,11,4426348,Jayden Daniels,QB,20,BE,False,0.0
2025,8,11,4430878,Jaxon Smith-Njigba,WR,20,BE,False,0.0
2025,8,11,4038941,Justin Herbert,QB,0,QB,True,31.28
2025,8,11,4697815,Rachaad White,RB,2,RB,True,8.1
2025,8,11,4241474,Brian Robinson Jr.,RB,20,BE,False,0.0
2025,8,11,15835,Zach Ertz,TE,6,TE,True,5.6
2025,8,11,4371733,Kenneth Gainwell,RB,23,FLEX,True,3.5
2025,8,11,4243331,Cade Otton,TE,23,FLEX,True,8.0
2025,8,11,3127586,Jeremy McNichols,RB,20,BE,False,11.8
2025,8,11,4360438,Brandon Aiyuk,WR,21,IR,False,0.0
2025,8,11,4576297,AJ Barner,TE,20,BE,False,0.0
2025,8,11,4567104,Will Reichard,K,17,K,True,5.0
2025,8,11,-16027,Buccaneers D/ST,D/ST,16,D/ST,True,25.0
2025,8,11,4431280,Troy Franklin,WR,4,WR,True,26.9
2025,8,11,4429022,Kayshon Boutte,WR,4,WR,True,16.5
2025,8,8,3117251,Christian McCaffrey,RB,2,RB,True,9.8
2025,8,8,4432773,Brian Thomas Jr.,WR,20,BE,False,0.0
2025,8,8,4379399,James Cook III,RB,2,RB,True,38.6
2025,8,8,4259545,D'Andre Swift,RB,20,BE,False,15.1
2025,8,8,4426354,George Pickens,WR,4,WR,True,14.8
2025,8,8,4035687,Michael Pittman Jr.,WR,23,FLEX,True,23.5
2025,8,8,2577417,Dak Prescott,QB,0,QB,True,6.620000000000001
2025,8,8,4696981,Cam Skattebo,RB,23,FLEX,True,10.0
2025,8,8,15818,Keenan Allen,WR,20,BE,False,8.4
2025,8,8,3121023,Dallas Goedert,TE,20,BE,False,17.8
2025,8,8,3055899,Harrison Butker,K,17,K,True,4.0
2025,8,8,4428331,Rashee Rice,WR,4,WR,True,25.5
2025,8,8,4689114,Jaxson Dart,QB,20,BE,False,21.42
2025,8,8,4431459,Tyler Warren,TE,6,TE,True,9.3
2025,8,8,-16001,Falcons D/ST,D/ST,16,D/ST,True,0.0
2025,8,8,4249087,Matt Gay,K,20,BE,False,0.0
2025,8,9,4258173,Nico Collins,WR,20,BE,False,0.0
2025,8,9,4567048,Kenneth Walker III,RB,20,BE,False,0.0
2025,8,9,4685472,Tetairoa McMillan,WR,4,WR,True,16.9
2025,8,9,4427366,Breece Hall,RB,2,RB,True,34.86
2025,8,9,4241463,Jerry Jeudy,WR,4,WR,True,0.0
2025,8,9,4685415,Travis Hunter,WR,20,BE,False,0.0
2025,8,9,4036133,T.J. Hockenson,TE,6,TE,True,4.6
2025,8,9,4569987,Jaylen Warren,RB,2,RB,True,9.299999999999999
2025,8,9,4431611,Caleb Williams,QB,20,BE,False,11.8
2025,8,9,4569173,Rhamondre Stevenson,RB,23,FLEX,True,5.9
2025,8,9,-16023,Steelers D/ST,D/ST,16,D/ST,True,-7.0
2025,8,9,4431452,Drake Maye,QB,0,QB,True,32.28
2025,8,9,4686361,Cam Little,K,20,BE,False,0.0
2025,8,9,-16005,Browns D/ST,D/ST,20,BE,False,7.0
2025,8,9,4429148,Theo Johnson,TE,23,FLEX,True,5.0
2025,8,9,2985659,Wil Lutz,K,17,K,True,9.0
2025,8,10,4429160,De'Von Achane,RB,2,RB,True,20.1
2025,8,10,4426502,Drake London,WR,4,WR,True,0.0
2025,8,10,4361307,Trey McBride,TE,20,BE,False,0.0
2025,8,10,4596448,Bucky Irving,RB,20,BE,False,0.0
2025,8,10,3128429,Courtland Sutton,WR,23,FLEX,True,10.7
2025,8,10,4567750,Emeka Egbuka,WR,4,WR,True,6.5
2025,8,10,4429205,Jordan Addison,WR,23,FLEX,True,11.6
2025,8,10,4040655,Darnell Mooney,WR,21,IR,False,2.1
2025,8,10,4882093,Bhayshul Tuten,RB,20,BE,False,0.0
2025,8,10,-16008,Lions D/ST,D/ST,16,D/ST,True,0.0
2025,8,10,17427,Cairo Santos,K,20,BE,False,10.0
2025,8,10,4569587,Wan'Dale Robinson,WR,20,BE,False,7.800000000000001
2025,8,10,3912547,Sam Darnold,QB,20,BE,False,0.0
2025,8,10,3917792,Daniel Jones,QB,0,QB,True,29.18
2025,8,10,10621,Nick Folk,K,17,K,True,12.0
2025,8,10,3117256,Dalton Schultz,TE,6,TE,True,4.4
2025,8,10,4695404,Isaiah Davis,RB,2,RB,True,17.9
2025,8,5,4890973,Ashton Jeanty,RB,20,BE,False,0.0
2025,8,5,4362238,Chase Brown,RB,2,RB,True,25.5
2025,8,5,3045147,James Conner,RB,21,IR,False,0.0
2025,8,5,4432710,TreVeyon Henderson,RB,2,RB,True,5.5
2025,8,5,3915416,DJ Moore,WR,4,WR,True,11.600000000000001
2025,8,5,3052587,Baker Mayfield,QB,0,QB,True,4.08
2025,8,5,3886598,Jauan Jennings,WR,20,BE,False,8.5
2025,8,5,4688813,Josh Downs,WR,4,WR,True,12.9
2025,8,5,-16026,Seahawks D/ST,D/ST,20,BE,False,0.0
2025,8,5,3050478,Jake Elliott,K,17,K,True,8.0
2025,8,5,3046439,Hunter Henry,TE,23,FLEX,True,7.7
2025,8,5,4241479,Tua Tagovailoa,QB,20,BE,False,33.2
2025,8,5,-16012,Chiefs D/ST,D/ST,16,D/ST,True,11.0
2025,8,5,4683062,Xavier Worthy,WR,23,FLEX,True,10.3
2025,8,5,4239996,Travis Etienne Jr.,RB,20,BE,False,0.0
2025,8,5,5083076,Harold Fannin Jr.,TE,6,TE,True,18.4
2025,8,5,4608810,Tez Johnson,WR,20,BE,False,9.3
2025,8,3,4430807,Bijan Robinson,RB,2,RB,True,5.800000000000001
2025,8,3,4262921,Justin Jefferson,WR,4,WR,True,14.4
2025,8,3,4372016,Jaylen Waddle,WR,4,WR,True,21.9
2025,8,3,4635008,Keon Coleman,WR,20,BE,False,6.0
2025,8,3,4360569,Jordan Mason,RB,23,FLEX,True,1.6
2025,8,3,4385690,Dalton Kincaid,TE,20,BE,False,3.3000000000000003
2025,8,3,4241372,Hollywood Brown,WR,20,BE,False,0.0
2025,8,3,3929645,Juwan Johnson,TE,6,TE,True,10.3
2025,8,3,4361432,Romeo Doubs,WR,23,FLEX,True,9.4
2025,8,3,4430968,Kimani Vidal,RB,2,RB,True,19.700000000000003
2025,8,3,2468609,Taysom Hill,TE,20,BE,False,2.2
2025,8,3,4034949,Eddy Pineiro,K,17,K,True,1.0
2025,8,3,11252,Joe Flacco,QB,0,QB,True,29.32
2025,8,3,-16025,49ers D/ST,D/ST,16,D/ST,True,-2.0
2025,8,3,4360310,Trevor Lawrence,QB,20,BE,False,0.0
2025,8,12,4432708,Marvin Harrison Jr.,WR,20,BE,False,0.0
2025,8,12,16800,Davante Adams,WR,20,BE,False,0.0
2025,8,12,4432665,Brock Bowers,TE,20,BE,False,0.0
2025,8,12,4430737,Kyren Williams,RB,20,BE,False,0.0
2025,8,12,3040151,George Kittle,TE,6,TE,True,14.3
2025,8,12,4612826,Ladd McConkey,WR,4,WR,True,20.8
2025,8,12,4360516,Tyrone Tracy Jr.,RB,20,BE,False,7.300000000000001
2025,8,12,4036378,Jordan Love,QB,0,QB,True,34.3
2025,8,12,-16016,Vikings D/ST,D/ST,16,D/ST,True,-1.0
2025,8,12,3953687,Brandon Aubrey,K,17,K,True,6.0
2025,8,12,4877706,Jayden Higgins,WR,4,WR,True,13.4
2025,8,12,4685702,Quinshon Judkins,RB,2,RB,True,4.7
2025,8,12,4428557,Tyjae Spears,RB,23,FLEX,True,17.2
2025,8,12,4429059,Woody Marks,RB,2,RB,True,15.1
2025,8,12,3045523,Kendrick Bourne,WR,20,BE,False,7.4
2025,8,12,4361411,Pat Freiermuth,TE,23,FLEX,True,4.3
2025,9,6,3916387,Lamar Jackson,QB,0,QB,True,33.56
2025,9,6,4426338,Bo Nix,QB,20,BE,False,22.52
2025,9,6,4430027,Sam LaPorta,TE,6,TE,True,22.700000000000003
2025,9,6,4429615,Zay Flowers,WR,4,WR,True,11.4
2025,9,6,3916148,Tony Pollard,RB,20,BE,False,7.800000000000001
2025,9,6,3059915,Kareem Hunt,RB,2,RB,True,12.5
2025,9,6,3126486,Deebo Samuel,WR,23,FLEX,True,9.4
2025,9,6,4242355,Jake Ferguson,TE,20,BE,False,8.0
2025,9,6,4428718,Tre Tucker,WR,20,BE,False,6.800000000000001
2025,9,6,-16014,Rams D/ST,D/ST,16,D/ST,True,10.0
2025,9,6,4239993,Tee Higgins,WR,4,WR,True,34.1
2025,9,6,3123052,Michael Badgley,K,17,K,True,12.0
2025,9,6,4595342,Oronde Gadsden,TE,23,FLEX,True,11.8
2025,9,6,4427728,Bam Knight,RB,2,RB,True,6.7
2025,9,6,4248528,Christian Watson,WR,20,BE,False,7.800000000000001
2025,9,6,3116389,Samaje Perine,RB,20,BE,False,0.5
2025,9,2,4426515,Puka Nacua,WR,4,WR,True,22.8
2025,9,2,4242335,Jonathan Taylor,RB,2,RB,True,7.7
2025,9,2,4047365,Josh Jacobs,RB,2,RB,True,20.000000000000004
2025,9,2,3915511,Joe Burrow,QB,21,IR,False,0.0
2025,9,2,3925357,Calvin Ridley,WR,20,BE,False,0.0
2025,9,2,3051876,Evan Engram,TE,6,TE,True,0.0
2025,9,2,4362249,Jayden Reed,WR,20,BE,False,0.0
2025,9,2,4032473,Rashid Shaheed,WR,4,WR,True,11.8
2025,9,2,4429275,Trey Benson,RB,20,BE,False,0.0
2025,9,2,-16011,Colts D/ST,D/ST,16,D/ST,True,7.0
2025,9,2,4697745,Tyler Loop,K,20,BE,False,4.0
2025,9,2,12483,Matthew Stafford,QB,0,QB,True,34.84
2025,9,2,4808766,Mason Taylor,TE,20,BE,False,0.0
2025,9,2,17372,Chris Boswell,K,17,K,True,10.0
2025,9,2,4373626,Tyler Allgeier,RB,23,FLEX,True,0.6000000000000001
2025,9,2,4883647,Elic Ayomanor,WR,23,FLEX,True,7.6000000000000005
2025,9,2,4432577,C.J. Stroud,QB,20,BE,False,4.36
2025,9,1,4429795,Jahmyr Gibbs,RB,2,RB,True,5.8
2025,9,1,4241389,CeeDee Lamb,WR,4,WR,True,15.5
2025,9,1,3054850,Alvin Kamara,RB,2,RB,True,0.7000000000000002
2025,9,1,3139477,Patrick Mahomes,QB,0,QB,True,10.5
2025,9,1,4241478,DeVonta Smith,WR,20,BE,False,0.0
2025,9,1,4426388,Jameson Williams,WR,23,FLEX,True,16.6
2025,9,1,15847,Travis Kelce,TE,6,TE,True,12.600000000000001
2025,9,1,4568490,RJ Harvey,RB,20,BE,False,16.6
2025,9,1,4361370,Chris Olave,WR,4,WR,True,8.7
2025,9,1,2977187,Cooper Kupp,WR,23,FLEX,True,0.0
2025,9,1,-16034,Texans D/ST,D/ST,16,D/ST,True,9.0
2025,9,1,3150744,Chase McLaughlin,K,20,BE,False,0.0
2025,9,1,3046779,Jared Goff,QB,20,BE,False,24.36
2025,9,1,4360248,Kyle Pitts Sr.,TE,20,BE,False,7.800000000000001
2025,9,1,4575131,Jacory Croskey-Merritt,RB,20,BE,False,5.1000000000000005
2025,9,1,4569923,Andy Borregales,K,17,K,True,6.0
2025,9,7,4362628,Ja'Marr Chase,WR,4,WR,True,17.1
2025,9,7,3929630,Saquon Barkley,RB,20,BE,False,0.0
2025,9,7,3918298,Josh Allen,QB,0,QB,True,30.82
2025,9,7,4569618,Garrett Wilson,WR,20,BE,False,0.0
2025,9,7,4431299,Rome Odunze,WR,4,WR,True,0.0
2025,9,7,4361579,Javonte Williams,RB,2,RB,True,7.300000000000001
2025,9,7,3128720,Nick Chubb,RB,20,BE,False,3.4000000000000004
2025,9,7,4429025,Quentin Johnston,WR,23,FLEX,True,15.3
2025,9,7,3116365,Mark Andrews,TE,6,TE,True,16.6
2025,9,7,8439,Aaron Rodgers,QB,20,BE,False,14.120000000000001
2025,9,7,-16021,Eagles D/ST,D/ST,20,BE,False,0.0
2025,9,7,-16017,Patriots D/ST,D/ST,16,D/ST,True,3.0
2025,9,7,2971573,Ka'imi Fairbairn,K,17,K,True,17.0
2025,9,7,3116165,Chris Godwin Jr.,WR,21,IR,False,0.0
2025,9,7,4608686,Kyle Monangai,RB,2,RB,True,22.8
2025,9,7,4685382,Omarion Hampton,RB,20,BE,False,0.0
2025,9,7,3916433,Jakobi Meyers,WR,23,FLEX,True,6.300000000000001
2025,9,4,4047646,A.J. Brown,WR,20,BE,False,0.0
2025,9,4,4040715,Jalen Hurts,QB,20,BE,False,0.0
2025,9,4,4047650,DK Metcalf,WR,4,WR,True,2.6
2025,9,4,4241416,Chuba Hubbard,RB,20,BE,False,1.7000000000000002
2025,9,4,4035538,David Montgomery,RB,2,RB,True,11.0
2025,9,4,3042519,Aaron Jones Sr.,RB,20,BE,False,11.8
2025,9,4,3123076,David Njoku,TE,20,BE,False,0.0
2025,9,4,4428209,Ricky Pearsall,WR,20,BE,False,0.0
2025,9,4,2976212,Stefon Diggs,WR,4,WR,True,12.8
2025,9,4,4241985,J.K. Dobbins,RB,2,RB,True,6.9
2025,9,4,4373678,Khalil Shakir,WR,23,FLEX,True,11.3
2025,9,4,4572680,Tucker Kraft,TE,6,TE,True,4.0
2025,9,4,4362081,Cameron Dicker,K,17,K,True,11.0
2025,9,4,4038815,Rico Dowdle,RB,23,FLEX,True,28.1
2025,9,4,-16024,Chargers D/ST,D/ST,16,D/ST,True,7.0
2025,9,4,4241464,Mac Jones,QB,0,QB,True,19.8
2025,9,8,3117251,Christian McCaffrey,RB,2,RB,True,34.300000000000004
2025,9,8,4432773,Brian Thomas Jr.,WR,23,FLEX,True,8.5
2025,9,8,4379399,James Cook III,RB,2,RB,True,13.5
2025,9,8,4259545,D'Andre Swift,RB,20,BE,False,0.0
2025,9,8,4426354,George Pickens,WR,4,WR,True,13.9
2025,9,8,4035687,Michael Pittman Jr.,WR,23,FLEX,True,20.5
2025,9,8,2577417,Dak Prescott,QB,0,QB,True,17.4
2025,9,8,15818,Keenan Allen,WR,20,BE,False,6.1000000000000005
2025,9,8,3121023,Dallas Goedert,TE,20,BE,False,0.0
2025,9,8,3055899,Harrison Butker,K,17,K,True,8.0
2025,9,8,4428331,Rashee Rice,WR,4,WR,True,18.6
2025,9,8,4689114,Jaxson Dart,QB,20,BE,False,31.240000000000002
2025,9,8,4431459,Tyler Warren,TE,6,TE,True,7.6
2025,9,8,-16001,Falcons D/ST,D/ST,16,D/ST,True,10.0
2025,9,8,4249087,Matt Gay,K,20,BE,False,2.0
2025,9,8,4596602,Brashard Smith,RB,20,BE,False,0.7000000000000001
2025,9,11,4374302,Amon-Ra St. Brown,WR,4,WR,True,18.700000000000003
2025,9,11,3043078,Derrick Henry,RB,2,RB,True,13.1
2025,9,11,4426348,Jayden Daniels,QB,20,BE,False,15.220000000000002
2025,9,11,4430878,Jaxon Smith-Njigba,WR,4,WR,True,22.0
2025,9,11,4038941,Justin Herbert,QB,0,QB,True,31.700000000000003
2025,9,11,4697815,Rachaad White,RB,20,BE,False,0.0
2025,9,11,4241474,Brian Robinson Jr.,RB,20,BE,False,11.3
2025,9,11,15835,Zach Ertz,TE,20,BE,False,8.600000000000001
2025,9,11,4371733,Kenneth Gainwell,RB,2,RB,True,7.4
2025,9,11,4243331,Cade Otton,TE,20,BE,False,0.0
2025,9,11,3127586,Jeremy McNichols,RB,20,BE,False,0.0
2025,9,11,4360438,Brandon Aiyuk,WR,21,IR,False,0.0
2025,9,11,4576297,AJ Barner,TE,6,TE,True,11.5
2025,9,11,4431280,Troy Franklin,WR,23,FLEX,True,8.3
2025,9,11,4429022,Kayshon Boutte,WR,23,FLEX,True,0.0
2025,9,11,-16009,Packers D/ST,D/ST,16,D/ST,True,6.0
2025,9,11,2473037,Jason Myers,K,17,K,True,9.0
2025,9,10,4429160,De'Von Achane,RB,2,RB,True,16.6
2025,9,10,4426502,Drake London,WR,4,WR,True,38.8
2025,9,10,4361307,Trey McBride,TE,6,TE,True,16.5
2025,9,10,4596448,Bucky Irving,RB,20,BE,False,0.0
2025,9,10,3128429,Courtland Sutton,WR,23,FLEX,True,10.0
2025,9,10,4567750,Emeka Egbuka,WR,20,BE,False,0.0
2025,9,10,4429205,Jordan Addison,WR,23,FLEX,True,8.4
2025,9,10,4040655,Darnell Mooney,WR,21,IR,False,2.5
2025,9,10,4882093,Bhayshul Tuten,RB,2,RB,True,9.6
2025,9,10,-16008,Lions D/ST,D/ST,16,D/ST,True,9.0
2025,9,10,17427,Cairo Santos,K,17,K,True,10.0
2025,9,10,4569587,Wan'Dale Robinson,WR,4,WR,True,13.600000000000001
2025,9,10,3912547,Sam Darnold,QB,20,BE,False,38.2
2025,9,10,3917792,Daniel Jones,QB,0,QB,True,16.08
2025,9,10,10621,Nick Folk,K,20,BE,False,0.0
2025,9,9,4258173,Nico Collins,WR,4,WR,True,14.5
2025,9,9,4567048,Kenneth Walker III,RB,2,RB,True,8.1
2025,9,9,4685472,Tetairoa McMillan,WR,4,WR,True,8.600000000000001
2025,9,9,4427366,Breece Hall,RB,20,BE,False,0.0
2025,9,9,4241463,Jerry Jeudy,WR,20,BE,False,0.0
2025,9,9,4685415,Travis Hunter,WR,20,BE,False,0.0
2025,9,9,4036133,T.J. Hockenson,TE,6,TE,True,9.1
2025,9,9,4569987,Jaylen Warren,RB,2,RB,True,16.900000000000002
2025,9,9,4431611,Caleb Williams,QB,20,BE,False,47.7
2025,9,9,4569173,Rhamondre Stevenson,RB,23,FLEX,True,0.0
2025,9,9,-16023,Steelers D/ST,D/ST,16,D/ST,True,17.0
2025,9,9,4431452,Drake Maye,QB,0,QB,True,20.36
2025,9,9,4686361,Cam Little,K,20,BE,False,16.0
2025,9,9,-16005,Browns D/ST,D/ST,20,BE,False,0.0
2025,9,9,4429148,Theo Johnson,TE,23,FLEX,True,11.7
2025,9,9,2985659,Wil Lutz,K,17,K,True,3.0
2025,9,3,4430807,Bijan Robinson,RB,2,RB,True,17.6
2025,9,3,4262921,Justin Jefferson,WR,4,WR,True,16.7
2025,9,3,4372016,Jaylen Waddle,WR,4,WR,True,14.200000000000001
2025,9,3,4360569,Jordan Mason,RB,20,BE,False,4.699999999999999
2025,9,3,4385690,Dalton Kincaid,TE,20,BE,False,22.1
2025,9,3,3929645,Juwan Johnson,TE,6,TE,True,12.1
2025,9,3,4361432,Romeo Doubs,WR,23,FLEX,True,16.1
2025,9,3,4430968,Kimani Vidal,RB,2,RB,True,3.0
2025,9,3,2468609,Taysom Hill,TE,20,BE,False,3.0
2025,9,3,4034949,Eddy Pineiro,K,17,K,True,12.0
2025,9,3,11252,Joe Flacco,QB,0,QB,True,41.7
2025,9,3,4360310,Trevor Lawrence,QB,20,BE,False,21.200000000000003
2025,9,3,4429013,Tank Bigsby,RB,20,BE,False,0.0
2025,9,3,-16030,Jaguars D/ST,D/ST,16,D/ST,True,3.0
2025,9,3,4432620,Parker Washington,WR,20,BE,False,17.0
2025,9,3,4431268,Chimere Dike,WR,23,FLEX,True,7.5
2025,9,5,4890973,Ashton Jeanty,RB,23,FLEX,True,19.9
2025,9,5,4362238,Chase Brown,RB,2,RB,True,19.2
2025,9,5,3045147,James Conner,RB,21,IR,False,0.0
2025,9,5,4432710,TreVeyon Henderson,RB,20,BE,False,12.7
2025,9,5,3915416,DJ Moore,WR,4,WR,True,24.98
2025,9,5,3052587,Baker Mayfield,QB,20,BE,False,0.0
2025,9,5,3886598,Jauan Jennings,WR,4,WR,True,14.100000000000001
2025,9,5,4688813,Josh Downs,WR,20,BE,False,15.7
2025,9,5,-16026,Seahawks D/ST,D/ST,16,D/ST,True,11.0
2025,9,5,3046439,Hunter Henry,TE,6,TE,True,9.100000000000001
2025,9,5,-16012,Chiefs D/ST,D/ST,20,BE,False,0.0
2025,9,5,4683062,Xavier Worthy,WR,23,FLEX,True,6.0
2025,9,5,4239996,Travis Etienne Jr.,RB,2,RB,True,16.5
2025,9,5,5083076,Harold Fannin Jr.,TE,20,BE,False,0.0
2025,9,5,4608810,Tez Johnson,WR,20,BE,False,0.0
2025,9,5,4689936,Jake Bates,K,17,K,True,6.0
2025,9,5,2578570,Jacoby Brissett,QB,0,QB,True,28.84
2025,9,12,4432708,Marvin Harrison Jr.,WR,23,FLEX,True,22.6
2025,9,12,16800,Davante Adams,WR,4,WR,True,23.0
2025,9,12,4432665,Brock Bowers,TE,23,FLEX,True,43.300000000000004
2025,9,12,4430737,Kyren Williams,RB,2,RB,True,17.4
2025,9,12,3040151,George Kittle,TE,6,TE,True,6.9
2025,9,12,4612826,Ladd McConkey,WR,4,WR,True,9.600000000000001
2025,9,12,4360516,Tyrone Tracy Jr.,RB,2,RB,True,6.7
2025,9,12,4036378,Jordan Love,QB,0,QB,True,9.02
2025,9,12,3953687,Brandon Aubrey,K,17,K,True,4.0
2025,9,12,4877706,Jayden Higgins,WR,20,BE,False,1.4
2025,9,12,4685702,Quinshon Judkins,RB,20,BE,False,0.0
2025,9,12,4428557,Tyjae Spears,RB,20,BE,False,9.2
2025,9,12,4429059,Woody Marks,RB,20,BE,False,2.7
2025,9,12,3045523,Kendrick Bourne,WR,20,BE,False,5.4
2025,9,12,4361411,Pat Freiermuth,TE,20,BE,False,11.7
2025,9,12,-16007,Broncos D/ST,D/ST,16,D/ST,True,7.0
2025,10,2,4426515,Puka Nacua,WR,4,WR,True,17.4
2025,10,2,4242335,Jonathan Taylor,RB,2,RB,True,54.60000000000001
2025,10,2,4047365,Josh Jacobs,RB,2,RB,True,19.7
2025,10,2,3915511,Joe Burrow,QB,21,IR,False,0.0
2025,10,2,3925357,Calvin Ridley,WR,20,BE,False,0.0
2025,10,2,3051876,Evan Engram,TE,6,TE,True,3.2
2025,10,2,4362249,Jayden Reed,WR,20,BE,False,0.0
2025,10,2,4032473,Rashid Shaheed,WR,4,WR,True,3.3
2025,10,2,4429275,Trey Benson,RB,20,BE,False,0.0
2025,10,2,-16011,Colts D/ST,D/ST,16,D/ST,True,7.0
2025,10,2,4697745,Tyler Loop,K,20,BE,False,13.0
2025,10,2,12483,Matthew Stafford,QB,0,QB,True,34.9
2025,10,2,4808766,Mason Taylor,TE,23,FLEX,True,1.4
2025,10,2,17372,Chris Boswell,K,17,K,True,5.0
2025,10,2,4373626,Tyler Allgeier,RB,23,FLEX,True,17.7
2025,10,2,4883647,Elic Ayomanor,WR,20,BE,False,0.0
2025,10,2,4432577,C.J. Stroud,QB,20,BE,False,0.0
2025,10,7,4362628,Ja'Marr Chase,WR,20,BE,False,0.0
2025,10,7,3929630,Saquon Barkley,RB,2,RB,True,13.100000000000001
2025,10,7,3918298,Josh Allen,QB,0,QB,True,23.34
2025,10,7,4569618,Garrett Wilson,WR,23,FLEX,True,0.0
2025,10,7,4431299,Rome Odunze,WR,23,FLEX,True,20.6
2025,10,7,4361579,Javonte Williams,RB,20,BE,False,0.0
2025,10,7,3128720,Nick Chubb,RB,20,BE,False,6.2
2025,10,7,4429025,Quentin Johnston,WR,4,WR,True,9.2
2025,10,7,3116365,Mark Andrews,TE,6,TE,True,10.4
2025,10,7,8439,Aaron Rodgers,QB,20,BE,False,8.440000000000001
2025,10,7,-16021,Eagles D/ST,D/ST,20,BE,False,12.0
2025,10,7,-16017,Patriots D/ST,D/ST,16,D/ST,True,2.0
2025,10,7,3116165,Chris Godwin Jr.,WR,21,IR,False,0.0
2025,10,7,4608686,Kyle Monangai,RB,2,RB,True,8.8
2025,10,7,4685382,Omarion Hampton,RB,20,BE,False,0.0
2025,10,7,3916433,Jakobi Meyers,WR,4,WR,True,7.1000000000000005
2025,10,7,4567104,Will Reichard,K,17,K,True,9.0
2025,10,8,3117251,Christian McCaffrey,RB,2,RB,True,17.6
2025,10,8,4432773,Brian Thomas Jr.,WR,21,IR,False,0.0
2025,10,8,4379399,James Cook III,RB,2,RB,True,10.700000000000001
2025,10,8,4259545,D'Andre Swift,RB,23,FLEX,True,14.8
2025,10,8,4426354,George Pickens,WR,20,BE,False,0.0
2025,10,8,4035687,Michael Pittman Jr.,WR,4,WR,True,3.9000000000000004
2025,10,8,2577417,Dak Prescott,QB,20,BE,False,0.0
2025,10,8,15818,Keenan Allen,WR,4,WR,True,3.9000000000000004
2025,10,8,3121023,Dallas Goedert,TE,23,FLEX,True,8.3
2025,10,8,3055899,Harrison Butker,K,20,BE,False,0.0
2025,10,8,4428331,Rashee Rice,WR,20,BE,False,0.0
2025,10,8,4689114,Jaxson Dart,QB,0,QB,True,26.28
2025,10,8,4431459,Tyler Warren,TE,6,TE,True,17.9
2025,10,8,-16001,Falcons D/ST,D/ST,16,D/ST,True,4.0
2025,10,8,4249087,Matt Gay,K,17,K,True,5.0
2025,10,8,3915411,Ty Johnson,RB,20,BE,False,4.6000000000000005
2025,10,8,3916945,Darius Slayton,WR,20,BE,False,12.9
2025,10,6,3916387,Lamar Jackson,QB,0,QB,True,18.64
2025,10,6,4426338,Bo Nix,QB,20,BE,False,7.800000000000001
2025,10,6,4430027,Sam LaPorta,TE,6,TE,True,10.3
2025,10,6,4429615,Zay Flowers,WR,4,WR,True,12.1
2025,10,6,3916148,Tony Pollard,RB,20,BE,False,0.0
2025,10,6,3059915,Kareem Hunt,RB,20,BE,False,0.0
2025,10,6,3126486,Deebo Samuel,WR,4,WR,True,12.9
2025,10,6,4242355,Jake Ferguson,TE,20,BE,False,0.0
2025,10,6,4428718,Tre Tucker,WR,20,BE,False,5.5
2025,10,6,-16014,Rams D/ST,D/ST,16,D/ST,True,6.0
2025,10,6,4239993,Tee Higgins,WR,20,BE,False,0.0
2025,10,6,3123052,Michael Badgley,K,17,K,True,6.0
2025,10,6,4595342,Oronde Gadsden,TE,23,FLEX,True,4.3
2025,10,6,4427728,Bam Knight,RB,2,RB,True,4.300000000000001
2025,10,6,4040761,Devin Singletary,RB,2,RB,True,10.3
2025,10,6,4360078,Alec Pierce,WR,23,FLEX,True,18.4
2025,10,10,4429160,De'Von Achane,RB,2,RB,True,43.50000000000001
2025,10,10,4426502,Drake London,WR,4,WR,True,24.4
2025,10,10,4361307,Trey McBride,TE,6,TE,True,27.700000000000003
2025,10,10,4596448,Bucky Irving,RB,20,BE,False,0.0
2025,10,10,3128429,Courtland Sutton,WR,23,FLEX,True,5.4
2025,10,10,4567750,Emeka Egbuka,WR,20,BE,False,23.5
2025,10,10,4429205,Jordan Addison,WR,23,FLEX,True,6.5
2025,10,10,4040655,Darnell Mooney,WR,21,IR,False,2.7
2025,10,10,4882093,Bhayshul Tuten,RB,2,RB,True,2.0
2025,10,10,-16008,Lions D/ST,D/ST,16,D/ST,True,4.0
2025,10,10,17427,Cairo Santos,K,17,K,True,6.0
2025,10,10,4569587,Wan'Dale Robinson,WR,4,WR,True,12.2
2025,10,10,3912547,Sam Darnold,QB,20,BE,False,7.92
2025,10,10,3917792,Daniel Jones,QB,0,QB,True,17.5
2025,10,10,10621,Nick Folk,K,20,BE,False,9.0
2025,10,1,4429795,Jahmyr Gibbs,RB,2,RB,True,39.2
2025,10,1,4241389,CeeDee Lamb,WR,20,BE,False,0.0
2025,10,1,3054850,Alvin Kamara,RB,2,RB,True,14.5
2025,10,1,3139477,Patrick Mahomes,QB,20,BE,False,0.0
2025,10,1,4241478,DeVonta Smith,WR,23,FLEX,True,16.9
2025,10,1,4426388,Jameson Williams,WR,4,WR,True,23.9
2025,10,1,15847,Travis Kelce,TE,20,BE,False,0.0
2025,10,1,4568490,RJ Harvey,RB,20,BE,False,3.8
2025,10,1,4361370,Chris Olave,WR,4,WR,True,24.4
2025,10,1,2977187,Cooper Kupp,WR,20,BE,False,9.4
2025,10,1,-16034,Texans D/ST,D/ST,16,D/ST,True,16.0
2025,10,1,3150744,Chase McLaughlin,K,17,K,True,5.0
2025,10,1,3046779,Jared Goff,QB,0,QB,True,30.8
2025,10,1,4360248,Kyle Pitts Sr.,TE,6,TE,True,5.800000000000001
2025,10,1,4575131,Jacory Croskey-Merritt,RB,23,FLEX,True,3.0
2025,10,1,4361529,Isiah Pacheco,RB,20,BE,False,0.0
2025,10,3,4430807,Bijan Robinson,RB,2,RB,True,10.8
2025,10,3,4262921,Justin Jefferson,WR,4,WR,True,7.7
2025,10,3,4372016,Jaylen Waddle,WR,4,WR,True,19.4
2025,10,3,4360569,Jordan Mason,RB,20,BE,False,4.1
2025,10,3,4385690,Dalton Kincaid,TE,6,TE,True,5.7
2025,10,3,3929645,Juwan Johnson,TE,20,BE,False,19.200000000000003
2025,10,3,4361432,Romeo Doubs,WR,23,FLEX,True,1.5
2025,10,3,4430968,Kimani Vidal,RB,2,RB,True,17.8
2025,10,3,4034949,Eddy Pineiro,K,17,K,True,1.0
2025,10,3,11252,Joe Flacco,QB,20,BE,False,0.0
2025,10,3,4360310,Trevor Lawrence,QB,0,QB,True,11.82
2025,10,3,4429013,Tank Bigsby,RB,20,BE,False,0.7000000000000001
2025,10,3,4432620,Parker Washington,WR,23,FLEX,True,17.9
2025,10,3,4431268,Chimere Dike,WR,20,BE,False,0.0
2025,10,3,4362478,Emari Demercado,RB,20,BE,False,13.4
2025,10,3,-16027,Buccaneers D/ST,D/ST,16,D/ST,True,0.0
2025,10,4,4047646,A.J. Brown,WR,23,FLEX,True,3.3
2025,10,4,4040715,Jalen Hurts,QB,0,QB,True,14.02
2025,10,4,4047650,DK Metcalf,WR,4,WR,True,6.5
2025,10,4,4241416,Chuba Hubbard,RB,20,BE,False,2.5000000000000004
2025,10,4,4035538,David Montgomery,RB,2,RB,True,10.100000000000001
2025,10,4,3042519,Aaron Jones Sr.,RB,20,BE,False,15.899999999999999
2025,10,4,3123076,David Njoku,TE,20,BE,False,10.1
2025,10,4,4428209,Ricky Pearsall,WR,20,BE,False,0.0
2025,10,4,2976212,Stefon Diggs,WR,4,WR,True,15.600000000000001
2025,10,4,4241985,J.K. Dobbins,RB,2,RB,True,9.399999999999999
2025,10,4,4373678,Khalil Shakir,WR,20,BE,False,12.8
2025,10,4,4362081,Cameron Dicker,K,17,K,True,13.0
2025,10,4,4038815,Rico Dowdle,RB,23,FLEX,True,15.3
2025,10,4,-16024,Chargers D/ST,D/ST,16,D/ST,True,16.0
2025,10,4,4241464,Mac Jones,QB,20,BE,False,29.060000000000002
2025,10,4,3117256,Dalton Schultz,TE,6,TE,True,18.3
2025,10,12,4432708,Marvin Harrison Jr.,WR,23,FLEX,True,14.3
2025,10,12,16800,Davante Adams,WR,4,WR,True,19.7
2025,10,12,4432665,Brock Bowers,TE,20,BE,False,3.7
2025,10,12,4430737,Kyren Williams,RB,2,RB,True,22.400000000000002
2025,10,12,3040151,George Kittle,TE,6,TE,True,23.4
2025,10,12,4612826,Ladd McConkey,WR,4,WR,True,20.700000000000003
2025,10,12,4360516,Tyrone Tracy Jr.,RB,2,RB,True,8.100000000000001
2025,10,12,4036378,Jordan Love,QB,0,QB,True,7.84
2025,10,12,3953687,Brandon Aubrey,K,20,BE,False,0.0
2025,10,12,4877706,Jayden Higgins,WR,20,BE,False,15.2
2025,10,12,4685702,Quinshon Judkins,RB,23,FLEX,True,10.5
2025,10,12,4428557,Tyjae Spears,RB,20,BE,False,0.0
2025,10,12,4429059,Woody Marks,RB,20,BE,False,16.1
2025,10,12,4361411,Pat Freiermuth,TE,20,BE,False,6.300000000000001
2025,10,12,-16007,Broncos D/ST,D/ST,16,D/ST,True,17.0
2025,10,12,11122,Matt Prater,K,17,K,True,1.0
2025,10,11,4374302,Amon-Ra St. Brown,WR,4,WR,True,16.8
2025,10,11,3043078,Derrick Henry,RB,2,RB,True,11.4
2025,10,11,4430878,Jaxon Smith-Njigba,WR,4,WR,True,21.3
2025,10,11,4038941,Justin Herbert,QB,0,QB,True,16.700000000000003
2025,10,11,4697815,Rachaad White,RB,2,RB,True,10.4
2025,10,11,4241474,Brian Robinson Jr.,RB,20,BE,False,11.500000000000002
2025,10,11,15835,Zach Ertz,TE,6,TE,True,9.4
2025,10,11,4371733,Kenneth Gainwell,RB,20,BE,False,2.4
2025,10,11,4243331,Cade Otton,TE,20,BE,False,17.200000000000003
2025,10,11,4360438,Brandon Aiyuk,WR,21,IR,False,0.0
2025,10,11,4576297,AJ Barner,TE,20,BE,False,0.30000000000000004
2025,10,11,4431280,Troy Franklin,WR,23,FLEX,True,15.0
2025,10,11,4429022,Kayshon Boutte,WR,20,BE,False,0.0
2025,10,11,2473037,Jason Myers,K,17,K,True,15.0
2025,10,11,4361741,Brock Purdy,QB,20,BE,False,0.0
2025,10,11,4426385,Zach Charbonnet,RB,23,FLEX,True,14.3
2025,10,11,-16002,Bills D/ST,D/ST,16,D/ST,True,3.0
2025,10,5,4890973,Ashton Jeanty,RB,2,RB,True,15.3
2025,10,5,4362238,Chase Brown,RB,20,BE,False,0.0
2025,10,5,3045147,James Conner,RB,21,IR,False,0.0
2025,10,5,4432710,TreVeyon Henderson,RB,20,BE,False,34.0
2025,10,5,3915416,DJ Moore,WR,4,WR,True,0.0
2025,10,5,3052587,Baker Mayfield,QB,0,QB,True,28.92
2025,10,5,3886598,Jauan Jennings,WR,23,FLEX,True,17.1
2025,10,5,4688813,Josh Downs,WR,4,WR,True,1.3
2025,10,5,-16026,Seahawks D/ST,D/ST,16,D/ST,True,21.0
2025,10,5,3046439,Hunter Henry,TE,6,TE,True,1.9
2025,10,5,-16012,Chiefs D/ST,D/ST,20,BE,False,0.0
2025,10,5,4683062,Xavier Worthy,WR,20,BE,False,0.0
2025,10,5,4239996,Travis Etienne Jr.,RB,2,RB,True,15.700000000000001
2025,10,5,5083076,Harold Fannin Jr.,TE,20,BE,False,8.4
2025,10,5,4608810,Tez Johnson,WR,23,FLEX,True,20.2
2025,10,5,4689936,Jake Bates,K,17,K,True,12.0
2025,10,5,2578570,Jacoby Brissett,QB,20,BE,False,23.42
2025,10,9,4258173,Nico Collins,WR,4,WR,True,22.6
2025,10,9,4567048,Kenneth Walker III,RB,2,RB,True,8.0
2025,10,9,4685472,Tetairoa McMillan,WR,4,WR,True,11.0
2025,10,9,4427366,Breece Hall,RB,20,BE,False,20.5
2025,10,9,4241463,Jerry Jeudy,WR,20,BE,False,19.8
2025,10,9,4685415,Travis Hunter,WR,20,BE,False,0.0
2025,10,9,4036133,T.J. Hockenson,TE,6,TE,True,2.8
2025,10,9,4569987,Jaylen Warren,RB,2,RB,True,11.1
2025,10,9,4431611,Caleb Williams,QB,20,BE,False,27.1
2025,10,9,4569173,Rhamondre Stevenson,RB,23,FLEX,True,0.0
2025,10,9,-16023,Steelers D/ST,D/ST,16,D/ST,True,5.0
2025,10,9,4431452,Drake Maye,QB,0,QB,True,25.1
2025,10,9,4686361,Cam Little,K,20,BE,False,13.0
2025,10,9,-16005,Browns D/ST,D/ST,20,BE,False,9.0
2025,10,9,4429148,Theo Johnson,TE,23,FLEX,True,14.5
2025,10,9,2985659,Wil Lutz,K,17,K,True,3.0
2025,11,8,3117251,Christian McCaffrey,RB,2,RB,True,35.1
2025,11,8,4432773,Brian Thomas Jr.,WR,21,IR,False,0.0
2025,11,8,4379399,James Cook III,RB,2,RB,True,20.400000000000002
2025,11,8,4259545,D'Andre Swift,RB,23,FLEX,True,9.0
2025,11,8,4426354,George Pickens,WR,4,WR,True,29.4
2025,11,8,4035687,Michael Pittman Jr.,WR,20,BE,False,0.0
2025,11,8,2577417,Dak Prescott,QB,0,QB,True,32.32
2025,11,8,15818,Keenan Allen,WR,23,FLEX,True,9.3
2025,11,8,3121023,Dallas Goedert,TE,6,TE,True,4.4
2025,11,8,3055899,Harrison Butker,K,17,K,True,6.0
2025,11,8,4428331,Rashee Rice,WR,4,WR,True,9.8
2025,11,8,4689114,Jaxson Dart,QB,20,BE,False,0.0
2025,11,8,4431459,Tyler Warren,TE,20,BE,False,0.0
2025,11,8,3915411,Ty Johnson,RB,20,BE,False,18.0
2025,11,8,3916945,Darius Slayton,WR,20,BE,False,0.0
2025,11,8,4595342,Oronde Gadsden,TE,20,BE,False,6.1000000000000005
2025,11,8,-16027,Buccaneers D/ST,D/ST,16,D/ST,True,1.0
2025,11,2,4426515,Puka Nacua,WR,4,WR,True,14.3
2025,11,2,4242335,Jonathan Taylor,RB,2,RB,True,0.0
2025,11,2,4047365,Josh Jacobs,RB,2,RB,True,4.0
2025,11,2,3915511,Joe Burrow,QB,21,IR,False,0.0
2025,11,2,3925357,Calvin Ridley,WR,20,BE,False,2.3
2025,11,2,3051876,Evan Engram,TE,6,TE,True,7.300000000000001
2025,11,2,4362249,Jayden Reed,WR,20,BE,False,0.0
2025,11,2,4032473,Rashid Shaheed,WR,4,WR,True,4.9
2025,11,2,4429275,Trey Benson,RB,20,BE,False,0.0
2025,11,2,-16011,Colts D/ST,D/ST,16,D/ST,True,0.0
2025,11,2,4697745,Tyler Loop,K,20,BE,False,12.0
2025,11,2,12483,Matthew Stafford,QB,0,QB,True,17.2
2025,11,2,4808766,Mason Taylor,TE,23,FLEX,True,7.0
2025,11,2,17372,Chris Boswell,K,17,K,True,10.0
2025,11,2,4373626,Tyler Allgeier,RB,23,FLEX,True,9.6
2025,11,2,4883647,Elic Ayomanor,WR,20,BE,False,3.1
2025,11,2,4432577,C.J. Stroud,QB,20,BE,False,0.0
2025,11,7,4362628,Ja'Marr Chase,WR,4,WR,True,6.0
2025,11,7,3929630,Saquon Barkley,RB,2,RB,True,10.0
2025,11,7,3918298,Josh Allen,QB,0,QB,True,52.68
2025,11,7,4569618,Garrett Wilson,WR,21,IR,False,0.0
2025,11,7,4431299,Rome Odunze,WR,23,FLEX,True,6.1000000000000005
2025,11,7,4361579,Javonte Williams,RB,2,RB,True,10.3
2025,11,7,3128720,Nick Chubb,RB,20,BE,False,1.7000000000000002
2025,11,7,4429025,Quentin Johnston,WR,4,WR,True,0.0
2025,11,7,3116365,Mark Andrews,TE,6,TE,True,15.7
2025,11,7,8439,Aaron Rodgers,QB,20,BE,False,11.44
2025,11,7,-16021,Eagles D/ST,D/ST,20,BE,False,7.0
2025,11,7,-16017,Patriots D/ST,D/ST,16,D/ST,True,7.0
2025,11,7,4608686,Kyle Monangai,RB,20,BE,False,10.700000000000001
2025,11,7,4685382,Omarion Hampton,RB,20,BE,False,0.0
2025,11,7,3916433,Jakobi Meyers,WR,23,FLEX,True,11.4
2025,11,7,4567104,Will Reichard,K,17,K,True,5.0
2025,11,7,4635008,Keon Coleman,WR,20,BE,False,0.0
2025,11,10,4429160,De'Von Achane,RB,2,RB,True,21.5
2025,11,10,4426502,Drake London,WR,4,WR,True,18.9
2025,11,10,4361307,Trey McBride,TE,6,TE,True,27.5
2025,11,10,4596448,Bucky Irving,RB,21,IR,False,0.0
2025,11,10,3128429,Courtland Sutton,WR,20,BE,False,9.9
2025,11,10,4567750,Emeka Egbuka,WR,23,FLEX,True,9.0
2025,11,10,4429205,Jordan Addison,WR,23,FLEX,True,10.0
2025,11,10,4882093,Bhayshul Tuten,RB,20,BE,False,13.4
2025,11,10,-16008,Lions D/ST,D/ST,16,D/ST,True,4.0
2025,11,10,17427,Cairo Santos,K,17,K,True,15.0
2025,11,10,4569587,Wan'Dale Robinson,WR,4,WR,True,7.6
2025,11,10,3912547,Sam Darnold,QB,0,QB,True,4.26
2025,11,10,3917792,Daniel Jones,QB,20,BE,False,0.0
2025,11,10,10621,Nick Folk,K,20,BE,False,2.0
2025,11,10,4040761,Devin Singletary,RB,2,RB,True,17.7
2025,11,6,3916387,Lamar Jackson,QB,0,QB,True,4.719999999999999
2025,11,6,4426338,Bo Nix,QB,20,BE,False,12.600000000000001
2025,11,6,4430027,Sam LaPorta,TE,21,IR,False,0.0
2025,11,6,4429615,Zay Flowers,WR,4,WR,True,11.3
2025,11,6,3916148,Tony Pollard,RB,20,BE,False,5.6000000000000005
2025,11,6,3059915,Kareem Hunt,RB,2,RB,True,13.200000000000001
2025,11,6,3126486,Deebo Samuel,WR,4,WR,True,20.700000000000003
2025,11,6,4242355,Jake Ferguson,TE,6,TE,True,11.6
2025,11,6,4428718,Tre Tucker,WR,23,FLEX,True,14.7
2025,11,6,-16014,Rams D/ST,D/ST,20,BE,False,6.0
2025,11,6,4239993,Tee Higgins,WR,23,FLEX,True,15.3
2025,11,6,4427728,Bam Knight,RB,2,RB,True,14.5
2025,11,6,4360078,Alec Pierce,WR,20,BE,False,0.0
2025,11,6,-16009,Packers D/ST,D/ST,16,D/ST,True,6.0
2025,11,6,4430871,Sean Tucker,RB,20,BE,False,35.0
2025,11,6,4243371,Riley Patterson,K,17,K,True,11.0
2025,11,6,3930086,Dawson Knox,TE,20,BE,False,3.3000000000000003
2025,11,3,4430807,Bijan Robinson,RB,2,RB,True,30.299999999999997
2025,11,3,4262921,Justin Jefferson,WR,4,WR,True,11.100000000000001
2025,11,3,4372016,Jaylen Waddle,WR,4,WR,True,8.2
2025,11,3,4360569,Jordan Mason,RB,20,BE,False,10.5
2025,11,3,4385690,Dalton Kincaid,TE,20,BE,False,0.0
2025,11,3,3929645,Juwan Johnson,TE,20,BE,False,0.0
2025,11,3,4361432,Romeo Doubs,WR,23,FLEX,True,9.3
2025,11,3,4430968,Kimani Vidal,RB,2,RB,True,3.1999999999999997
2025,11,3,4034949,Eddy Pineiro,K,17,K,True,12.0
2025,11,3,11252,Joe Flacco,QB,0,QB,True,11.86
2025,11,3,4360310,Trevor Lawrence,QB,20,BE,False,17.02
2025,11,3,4432620,Parker Washington,WR,23,FLEX,True,4.0
2025,11,3,4431268,Chimere Dike,WR,20,BE,False,3.4000000000000004
2025,11,3,4362478,Emari Demercado,RB,20,BE,False,4.0
2025,11,3,4723086,Colston Loveland,TE,6,TE,True,7.0
2025,11,3,-16003,Bears D/ST,D/ST,16,D/ST,True,7.0
2025,11,1,4429795,Jahmyr Gibbs,RB,2,RB,True,19.6
2025,11,1,4241389,CeeDee Lamb,WR,23,FLEX,True,17.6
2025,11,1,3054850,Alvin Kamara,RB,20,BE,False,0.0
2025,11,1,3139477,Patrick Mahomes,QB,0,QB,True,15.340000000000003
2025,11,1,4241478,DeVonta Smith,WR,4,WR,True,1.8
2025,11,1,4426388,Jameson Williams,WR,4,WR,True,20.700000000000003
2025,11,1,15847,Travis Kelce,TE,6,TE,True,24.1
2025,11,1,4568490,RJ Harvey,RB,20,BE,False,8.0
2025,11,1,4361370,Chris Olave,WR,20,BE,False,0.0
2025,11,1,2977187,Cooper Kupp,WR,20,BE,False,5.300000000000001
2025,11,1,-16034,Texans D/ST,D/ST,16,D/ST,True,10.0
2025,11,1,3150744,Chase McLaughlin,K,17,K,True,8.0
2025,11,1,3046779,Jared Goff,QB,20,BE,False,15.100000000000001
2025,11,1,4360248,Kyle Pitts Sr.,TE,23,FLEX,True,3.4000000000000004
2025,11,1,4575131,Jacory Croskey-Merritt,RB,2,RB,True,4.300000000000001
2025,11,1,4361529,Isiah Pacheco,RB,20,BE,False,0.0
2025,11,12,4432708,Marvin Harrison Jr.,WR,21,IR,False,0.0
2025,11,12,16800,Davante Adams,WR,4,WR,True,7.1
2025,11,12,4432665,Brock Bowers,TE,23,FLEX,True,14.2
2025,11,12,4430737,Kyren Williams,RB,2,RB,True,16.6
2025,11,12,3040151,George Kittle,TE,6,TE,True,24.7
2025,11,12,4612826,Ladd McConkey,WR,4,WR,True,4.3
2025,11,12,4360516,Tyrone Tracy Jr.,RB,2,RB,True,17.900000000000002
2025,11,12,4036378,Jordan Love,QB,0,QB,True,21.66
2025,11,12,3953687,Brandon Aubrey,K,17,K,True,9.0
2025,11,12,4877706,Jayden Higgins,WR,20,BE,False,9.5
2025,11,12,4685702,Quinshon Judkins,RB,23,FLEX,True,5.9
2025,11,12,4428557,Tyjae Spears,RB,20,BE,False,8.4
2025,11,12,4429059,Woody Marks,RB,20,BE,False,6.1000000000000005
2025,11,12,4361411,Pat Freiermuth,TE,20,BE,False,2.9000000000000004
2025,11,12,-16007,Broncos D/ST,D/ST,16,D/ST,True,7.0
2025,11,12,11122,Matt Prater,K,20,BE,False,8.0
2025,11,4,4047646,A.J. Brown,WR,23,FLEX,True,11.9
2025,11,4,4040715,Jalen Hurts,QB,0,QB,True,14.5
2025,11,4,4047650,DK Metcalf,WR,4,WR,True,9.9
2025,11,4,4241416,Chuba Hubbard,RB,20,BE,False,3.8000000000000003
2025,11,4,4035538,David Montgomery,RB,2,RB,True,4.7
2025,11,4,3042519,Aaron Jones Sr.,RB,23,FLEX,True,11.1
2025,11,4,3123076,David Njoku,TE,20,BE,False,1.7000000000000002
2025,11,4,4428209,Ricky Pearsall,WR,20,BE,False,1.0
2025,11,4,2976212,Stefon Diggs,WR,4,WR,True,19.5
2025,11,4,4241985,J.K. Dobbins,RB,20,BE,False,0.0
2025,11,4,4373678,Khalil Shakir,WR,20,BE,False,0.7
2025,11,4,4362081,Cameron Dicker,K,17,K,True,8.0
2025,11,4,4038815,Rico Dowdle,RB,2,RB,True,15.0
2025,11,4,-16024,Chargers D/ST,D/ST,16,D/ST,True,-1.0
2025,11,4,4241464,Mac Jones,QB,20,BE,False,-0.30000000000000004
2025,11,4,3117256,Dalton Schultz,TE,6,TE,True,11.100000000000001
2025,11,5,4890973,Ashton Jeanty,RB,23,FLEX,True,9.4
2025,11,5,4362238,Chase Brown,RB,2,RB,True,18.7
2025,11,5,3045147,James Conner,RB,21,IR,False,0.0
2025,11,5,4432710,TreVeyon Henderson,RB,20,BE,False,32.3
2025,11,5,3915416,DJ Moore,WR,4,WR,True,3.1
2025,11,5,3052587,Baker Mayfield,QB,20,BE,False,18.82
2025,11,5,3886598,Jauan Jennings,WR,4,WR,True,9.4
2025,11,5,4688813,Josh Downs,WR,20,BE,False,0.0
2025,11,5,-16026,Seahawks D/ST,D/ST,20,BE,False,4.0
2025,11,5,3046439,Hunter Henry,TE,6,TE,True,8.5
2025,11,5,-16012,Chiefs D/ST,D/ST,16,D/ST,True,2.0
2025,11,5,4683062,Xavier Worthy,WR,23,FLEX,True,5.5
2025,11,5,4239996,Travis Etienne Jr.,RB,2,RB,True,19.3
2025,11,5,5083076,Harold Fannin Jr.,TE,20,BE,False,4.6
2025,11,5,4608810,Tez Johnson,WR,20,BE,False,1.6
2025,11,5,4689936,Jake Bates,K,17,K,True,4.0
2025,11,5,2578570,Jacoby Brissett,QB,0,QB,True,27.880000000000003
2025,11,11,4374302,Amon-Ra St. Brown,WR,4,WR,True,6.2
2025,11,11,3043078,Derrick Henry,RB,2,RB,True,20.2
2025,11,11,4430878,Jaxon Smith-Njigba,WR,4,WR,True,20.6
2025,11,11,4038941,Justin Herbert,QB,0,QB,True,3.34
2025,11,11,4697815,Rachaad White,RB,2,RB,True,8.200000000000001
2025,11,11,4241474,Brian Robinson Jr.,RB,20,BE,False,2.4000000000000004
2025,11,11,15835,Zach Ertz,TE,6,TE,True,8.2
2025,11,11,4371733,Kenneth Gainwell,RB,20,BE,False,29.5
2025,11,11,4243331,Cade Otton,TE,20,BE,False,4.800000000000001
2025,11,11,4360438,Brandon Aiyuk,WR,21,IR,False,0.0
2025,11,11,4576297,AJ Barner,TE,20,BE,False,17.1
2025,11,11,4431280,Troy Franklin,WR,23,FLEX,True,12.4
2025,11,11,4429022,Kayshon Boutte,WR,20,BE,False,0.0
2025,11,11,2473037,Jason Myers,K,17,K,True,14.0
2025,11,11,4361741,Brock Purdy,QB,20,BE,False,25.3
2025,11,11,4426385,Zach Charbonnet,RB,23,FLEX,True,6.7
2025,11,11,-16006,Cowboys D/ST,D/ST,16,D/ST,True,11.0
2025,11,9,4258173,Nico Collins,WR,4,WR,True,24.200000000000003
2025,11,9,4567048,Kenneth Walker III,RB,2,RB,True,20.1
2025,11,9,4685472,Tetairoa McMillan,WR,4,WR,True,33.0
2025,11,9,4427366,Breece Hall,RB,20,BE,False,8.4
2025,11,9,4241463,Jerry Jeudy,WR,23,FLEX,True,5.1
2025,11,9,4685415,Travis Hunter,WR,20,BE,False,0.0
2025,11,9,4036133,T.J. Hockenson,TE,6,TE,True,6.9
2025,11,9,4569987,Jaylen Warren,RB,2,RB,True,8.7
2025,11,9,4431611,Caleb Williams,QB,20,BE,False,10.32
2025,11,9,4569173,Rhamondre Stevenson,RB,20,BE,False,0.0
2025,11,9,-16023,Steelers D/ST,D/ST,16,D/ST,True,22.0
2025,11,9,4431452,Drake Maye,QB,0,QB,True,17.439999999999998
2025,11,9,4686361,Cam Little,K,20,BE,False,5.0
2025,11,9,-16005,Browns D/ST,D/ST,20,BE,False,17.0
2025,11,9,4429148,Theo Johnson,TE,23,FLEX,True,6.6
2025,11,9,2985659,Wil Lutz,K,17,K,True,18.0
2025,12,2,4426515,Puka Nacua,WR,4,WR,True,16.700000000000003
2025,12,2,4242335,Jonathan Taylor,RB,2,RB,True,8.600000000000001
2025,12,2,4047365,Josh Jacobs,RB,20,BE,False,0.0
2025,12,2,3915511,Joe Burrow,QB,21,IR,False,0.0
2025,12,2,3925357,Calvin Ridley,WR,20,BE,False,0.0
2025,12,2,3051876,Evan Engram,TE,20,BE,False,0.0
2025,12,2,4362249,Jayden Reed,WR,20,BE,False,0.0
2025,12,2,4032473,Rashid Shaheed,WR,4,WR,True,0.5
2025,12,2,4429275,Trey Benson,RB,20,BE,False,0.0
2025,12,2,-16011,Colts D/ST,D/ST,16,D/ST,True,4.0
2025,12,2,4697745,Tyler Loop,K,17,K,True,11.0
2025,12,2,12483,Matthew Stafford,QB,0,QB,True,28.92
2025,12,2,4808766,Mason Taylor,TE,6,TE,True,5.1
2025,12,2,4373626,Tyler Allgeier,RB,2,RB,True,5.9
2025,12,2,4432577,C.J. Stroud,QB,20,BE,False,0.0
2025,12,2,4242392,Brock Wright,TE,23,FLEX,True,5.9
2025,12,2,3149687,Chris Brooks,RB,23,FLEX,True,3.6
2025,12,10,4429160,De'Von Achane,RB,20,BE,False,0.0
2025,12,10,4426502,Drake London,WR,20,BE,False,0.0
2025,12,10,4361307,Trey McBride,TE,6,TE,True,16.9
2025,12,10,4596448,Bucky Irving,RB,21,IR,False,0.0
2025,12,10,3128429,Courtland Sutton,WR,20,BE,False,0.0
2025,12,10,4567750,Emeka Egbuka,WR,4,WR,True,6.2
2025,12,10,4429205,Jordan Addison,WR,23,FLEX,True,0.0
2025,12,10,4882093,Bhayshul Tuten,RB,2,RB,True,1.7000000000000002
2025,12,10,-16008,Lions D/ST,D/ST,16,D/ST,True,-3.0
2025,12,10,17427,Cairo Santos,K,17,K,True,8.0
2025,12,10,4569587,Wan'Dale Robinson,WR,4,WR,True,30.6
2025,12,10,3912547,Sam Darnold,QB,20,BE,False,24.66
2025,12,10,3917792,Daniel Jones,QB,0,QB,True,20.84
2025,12,10,10621,Nick Folk,K,20,BE,False,5.0
2025,12,10,4040761,Devin Singletary,RB,2,RB,True,4.7
2025,12,10,4240657,Michael Carter,RB,23,FLEX,True,8.8
2025,12,3,4430807,Bijan Robinson,RB,2,RB,True,14.7
2025,12,3,4262921,Justin Jefferson,WR,4,WR,True,8.8
2025,12,3,4372016,Jaylen Waddle,WR,20,BE,False,0.0
2025,12,3,4360569,Jordan Mason,RB,2,RB,True,4.2
2025,12,3,4385690,Dalton Kincaid,TE,20,BE,False,0.0
2025,12,3,3929645,Juwan Johnson,TE,6,TE,True,10.600000000000001
2025,12,3,4361432,Romeo Doubs,WR,23,FLEX,True,4.300000000000001
2025,12,3,4430968,Kimani Vidal,RB,20,BE,False,0.0
2025,12,3,4034949,Eddy Pineiro,K,20,BE,False,0.0
2025,12,3,11252,Joe Flacco,QB,0,QB,True,11.620000000000001
2025,12,3,4360310,Trevor Lawrence,QB,20,BE,False,23.14
2025,12,3,4432620,Parker Washington,WR,23,FLEX,True,18.1
2025,12,3,4431268,Chimere Dike,WR,4,WR,True,21.4
2025,12,3,4362478,Emari Demercado,RB,21,IR,False,0.0
2025,12,3,4723086,Colston Loveland,TE,20,BE,False,14.9
2025,12,3,4360234,Evan McPherson,K,17,K,True,13.0
2025,12,3,-16001,Falcons D/ST,D/ST,16,D/ST,True,15.0
2025,12,8,3117251,Christian McCaffrey,RB,2,RB,True,27.2
2025,12,8,4432773,Brian Thomas Jr.,WR,21,IR,False,0.0
2025,12,8,4379399,James Cook III,RB,2,RB,True,22.900000000000002
2025,12,8,4259545,D'Andre Swift,RB,23,FLEX,True,1.9000000000000001
2025,12,8,4426354,George Pickens,WR,4,WR,True,29.6
2025,12,8,4035687,Michael Pittman Jr.,WR,23,FLEX,True,13.7
2025,12,8,2577417,Dak Prescott,QB,0,QB,True,31.060000000000002
2025,12,8,15818,Keenan Allen,WR,20,BE,False,0.0
2025,12,8,3121023,Dallas Goedert,TE,20,BE,False,4.0
2025,12,8,3055899,Harrison Butker,K,17,K,True,16.0
2025,12,8,4428331,Rashee Rice,WR,4,WR,True,24.1
2025,12,8,4689114,Jaxson Dart,QB,20,BE,False,0.0
2025,12,8,4431459,Tyler Warren,TE,6,TE,True,9.5
2025,12,8,3916945,Darius Slayton,WR,20,BE,False,3.3000000000000003
2025,12,8,-16027,Buccaneers D/ST,D/ST,16,D/ST,True,0.0
2025,12,8,4241474,Brian Robinson Jr.,RB,20,BE,False,5.4
2025,12,8,-16024,Chargers D/ST,D/ST,20,BE,False,0.0
2025,12,12,4432708,Marvin Harrison Jr.,WR,21,IR,False,0.0
2025,12,12,16800,Davante Adams,WR,4,WR,True,23.2
2025,12,12,4432665,Brock Bowers,TE,23,FLEX,True,11.5
2025,12,12,4430737,Kyren Williams,RB,2,RB,True,5.800000000000001
2025,12,12,3040151,George Kittle,TE,6,TE,True,13.8
2025,12,12,4612826,Ladd McConkey,WR,20,BE,False,0.0
2025,12,12,4360516,Tyrone Tracy Jr.,RB,2,RB,True,16.0
2025,12,12,4036378,Jordan Love,QB,0,QB,True,7.0600000000000005
2025,12,12,3953687,Brandon Aubrey,K,17,K,True,6.0
2025,12,12,4877706,Jayden Higgins,WR,20,BE,False,13.8
2025,12,12,4685702,Quinshon Judkins,RB,23,FLEX,True,16.7
2025,12,12,4428557,Tyjae Spears,RB,20,BE,False,6.5
2025,12,12,4429059,Woody Marks,RB,20,BE,False,7.9
2025,12,12,4361411,Pat Freiermuth,TE,20,BE,False,10.9
2025,12,12,-16007,Broncos D/ST,D/ST,20,BE,False,0.0
2025,12,12,4360761,Michael Wilson,WR,4,WR,True,21.8
2025,12,12,-16013,Raiders D/ST,D/ST,16,D/ST,True,7.0
2025,12,7,4362628,Ja'Marr Chase,WR,20,BE,False,0.0
2025,12,7,3929630,Saquon Barkley,RB,2,RB,True,12.4
2025,12,7,3918298,Josh Allen,QB,0,QB,True,8.120000000000001
2025,12,7,4569618,Garrett Wilson,WR,21,IR,False,0.0
2025,12,7,4431299,Rome Odunze,WR,4,WR,True,8.3
2025,12,7,4361579,Javonte Williams,RB,2,RB,True,12.100000000000001
2025,12,7,3116365,Mark Andrews,TE,6,TE,True,2.1
2025,12,7,-16021,Eagles D/ST,D/ST,20,BE,False,1.0
2025,12,7,-16017,Patriots D/ST,D/ST,16,D/ST,True,10.0
2025,12,7,4608686,Kyle Monangai,RB,20,BE,False,10.8
2025,12,7,4685382,Omarion Hampton,RB,20,BE,False,0.0
2025,12,7,3916433,Jakobi Meyers,WR,20,BE,False,15.0
2025,12,7,4887558,Emanuel Wilson,RB,23,FLEX,True,26.500000000000004
2025,12,7,4248528,Christian Watson,WR,4,WR,True,9.9
2025,12,7,4040655,Darnell Mooney,WR,23,FLEX,True,17.4
2025,12,7,17372,Chris Boswell,K,17,K,True,4.0
2025,12,5,4890973,Ashton Jeanty,RB,23,FLEX,True,24.8
2025,12,5,4362238,Chase Brown,RB,2,RB,True,15.000000000000002
2025,12,5,3045147,James Conner,RB,21,IR,False,0.0
2025,12,5,4432710,TreVeyon Henderson,RB,2,RB,True,11.100000000000001
2025,12,5,3915416,DJ Moore,WR,20,BE,False,23.4
2025,12,5,3052587,Baker Mayfield,QB,20,BE,False,5.539999999999999
2025,12,5,3886598,Jauan Jennings,WR,4,WR,True,15.100000000000001
2025,12,5,4688813,Josh Downs,WR,4,WR,True,3.0
2025,12,5,-16026,Seahawks D/ST,D/ST,16,D/ST,True,6.0
2025,12,5,3046439,Hunter Henry,TE,20,BE,False,24.5
2025,12,5,-16012,Chiefs D/ST,D/ST,20,BE,False,2.0
2025,12,5,4683062,Xavier Worthy,WR,20,BE,False,9.9
2025,12,5,4239996,Travis Etienne Jr.,RB,23,FLEX,True,20.6
2025,12,5,5083076,Harold Fannin Jr.,TE,6,TE,True,8.4
2025,12,5,4608810,Tez Johnson,WR,20,BE,False,12.299999999999999
2025,12,5,4689936,Jake Bates,K,17,K,True,12.0
2025,12,5,2578570,Jacoby Brissett,QB,0,QB,True,20.68
2025,12,6,3916387,Lamar Jackson,QB,0,QB,True,7.220000000000001
2025,12,6,4426338,Bo Nix,QB,20,BE,False,0.0
2025,12,6,4430027,Sam LaPorta,TE,21,IR,False,0.0
2025,12,6,4429615,Zay Flowers,WR,4,WR,True,11.9
2025,12,6,3916148,Tony Pollard,RB,20,BE,False,8.1
2025,12,6,3059915,Kareem Hunt,RB,2,RB,True,20.0
2025,12,6,3126486,Deebo Samuel,WR,20,BE,False,0.0
2025,12,6,4242355,Jake Ferguson,TE,6,TE,True,11.1
2025,12,6,4428718,Tre Tucker,WR,20,BE,False,5.800000000000001
2025,12,6,-16014,Rams D/ST,D/ST,20,BE,False,21.0
2025,12,6,4239993,Tee Higgins,WR,23,FLEX,True,8.1
2025,12,6,4427728,Bam Knight,RB,2,RB,True,13.2
2025,12,6,4360078,Alec Pierce,WR,4,WR,True,3.6
2025,12,6,4430871,Sean Tucker,RB,23,FLEX,True,5.6000000000000005
2025,12,6,3930086,Dawson Knox,TE,20,BE,False,4.7
2025,12,6,4569923,Andy Borregales,K,17,K,True,18.0
2025,12,6,-16033,Ravens D/ST,D/ST,16,D/ST,True,12.0
2025,12,9,4258173,Nico Collins,WR,4,WR,True,8.5
2025,12,9,4567048,Kenneth Walker III,RB,2,RB,True,13.100000000000001
2025,12,9,4685472,Tetairoa McMillan,WR,4,WR,True,11.5
2025,12,9,4427366,Breece Hall,RB,20,BE,False,13.9
2025,12,9,4241463,Jerry Jeudy,WR,23,FLEX,True,2.9000000000000004
2025,12,9,4685415,Travis Hunter,WR,20,BE,False,0.0
2025,12,9,4036133,T.J. Hockenson,TE,6,TE,True,5.9
2025,12,9,4569987,Jaylen Warren,RB,2,RB,True,12.8
2025,12,9,4431611,Caleb Williams,QB,20,BE,False,27.66
2025,12,9,4569173,Rhamondre Stevenson,RB,20,BE,False,2.0
2025,12,9,-16023,Steelers D/ST,D/ST,20,BE,False,10.0
2025,12,9,4431452,Drake Maye,QB,0,QB,True,17.96
2025,12,9,4686361,Cam Little,K,17,K,True,13.0
2025,12,9,-16005,Browns D/ST,D/ST,16,D/ST,True,17.0
2025,12,9,4429148,Theo Johnson,TE,23,FLEX,True,10.7
2025,12,9,2985659,Wil Lutz,K,20,BE,False,0.0
2025,12,1,4429795,Jahmyr Gibbs,RB,2,RB,True,61.400000000000006
2025,12,1,4241389,CeeDee Lamb,WR,4,WR,True,11.5
2025,12,1,3054850,Alvin Kamara,RB,2,RB,True,3.5
2025,12,1,3139477,Patrick Mahomes,QB,0,QB,True,17.08
2025,12,1,4241478,DeVonta Smith,WR,23,FLEX,True,14.9
2025,12,1,4426388,Jameson Williams,WR,23,FLEX,True,0.0
2025,12,1,15847,Travis Kelce,TE,6,TE,True,8.399999999999999
2025,12,1,4568490,RJ Harvey,RB,20,BE,False,0.0
2025,12,1,4361370,Chris Olave,WR,4,WR,True,16.0
2025,12,1,2977187,Cooper Kupp,WR,20,BE,False,4.4
2025,12,1,-16034,Texans D/ST,D/ST,16,D/ST,True,14.0
2025,12,1,3150744,Chase McLaughlin,K,17,K,True,1.0
2025,12,1,3046779,Jared Goff,QB,20,BE,False,21.16
2025,12,1,4360248,Kyle Pitts Sr.,TE,20,BE,False,4.5
2025,12,1,4575131,Jacory Croskey-Merritt,RB,20,BE,False,0.0
2025,12,1,4361529,Isiah Pacheco,RB,20,BE,False,0.0
2025,12,11,4374302,Amon-Ra St. Brown,WR,4,WR,True,29.9
2025,12,11,3043078,Derrick Henry,RB,2,RB,True,22.799999999999997
2025,12,11,4430878,Jaxon Smith-Njigba,WR,4,WR,True,40.099999999999994
2025,12,11,4038941,Justin Herbert,QB,20,BE,False,0.0
2025,12,11,4697815,Rachaad White,RB,20,BE,False,5.200000000000001
2025,12,11,15835,Zach Ertz,TE,20,BE,False,0.0
2025,12,11,4371733,Kenneth Gainwell,RB,2,RB,True,18.200000000000003
2025,12,11,4243331,Cade Otton,TE,6,TE,True,6.1
2025,12,11,4360438,Brandon Aiyuk,WR,21,IR,False,0.0
2025,12,11,4576297,AJ Barner,TE,23,FLEX,True,3.8
2025,12,11,4431280,Troy Franklin,WR,20,BE,False,0.0
2025,12,11,4429022,Kayshon Boutte,WR,20,BE,False,3.5
2025,12,11,2473037,Jason Myers,K,17,K,True,13.0
2025,12,11,4361741,Brock Purdy,QB,0,QB,True,9.32
2025,12,11,4426385,Zach Charbonnet,RB,23,FLEX,True,9.5
2025,12,11,-16030,Jaguars D/ST,D/ST,16,D/ST,True,6.0
2025,12,11,3915411,Ty Johnson,RB,20,BE,False,8.2
2025,12,4,4047646,A.J. Brown,WR,23,FLEX,True,25.0
2025,12,4,4040715,Jalen Hurts,QB,0,QB,True,32.86
2025,12,4,4047650,DK Metcalf,WR,4,WR,True,14.399999999999999
2025,12,4,4241416,Chuba Hubbard,RB,20,BE,False,8.3
2025,12,4,4035538,David Montgomery,RB,2,RB,True,6.7
2025,12,4,3042519,Aaron Jones Sr.,RB,23,FLEX,True,8.700000000000001
2025,12,4,3123076,David Njoku,TE,20,BE,False,0.0
2025,12,4,4428209,Ricky Pearsall,WR,20,BE,False,2.8000000000000003
2025,12,4,2976212,Stefon Diggs,WR,4,WR,True,4.0
2025,12,4,4241985,J.K. Dobbins,RB,20,BE,False,0.0
2025,12,4,4373678,Khalil Shakir,WR,20,BE,False,17.0
2025,12,4,4362081,Cameron Dicker,K,20,BE,False,0.0
2025,12,4,4038815,Rico Dowdle,RB,2,RB,True,11.4
2025,12,4,3117256,Dalton Schultz,TE,6,TE,True,1.8
2025,12,4,3050478,Jake Elliott,K,17,K,True,2.0
2025,12,4,-16009,Packers D/ST,D/ST,16,D/ST,True,19.0
2025,13,3,4430807,Bijan Robinson,RB,2,RB,True,30.300000000000004
2025,13,3,4262921,Justin Jefferson,WR,4,WR,True,2.4
2025,13,3,4372016,Jaylen Waddle,WR,4,WR,True,7.0
2025,13,3,4385690,Dalton Kincaid,TE,20,BE,False,0.0
2025,13,3,3929645,Juwan Johnson,TE,6,TE,True,8.9
2025,13,3,4361432,Romeo Doubs,WR,23,FLEX,True,12.0
2025,13,3,4430968,Kimani Vidal,RB,20,BE,False,23.700000000000003
2025,13,3,11252,Joe Flacco,QB,0,QB,True,0.0
2025,13,3,4360310,Trevor Lawrence,QB,20,BE,False,25.66
2025,13,3,4432620,Parker Washington,WR,20,BE,False,3.6
2025,13,3,4723086,Colston Loveland,TE,20,BE,False,5.800000000000001
2025,13,3,4360234,Evan McPherson,K,17,K,True,24.0
2025,13,3,4429025,Quentin Johnston,WR,23,FLEX,True,11.3
2025,13,3,-16025,49ers D/ST,D/ST,16,D/ST,True,12.0
2025,13,3,4430871,Sean Tucker,RB,20,BE,False,0.0
2025,13,3,4427728,Bam Knight,RB,2,RB,True,16.8
2025,13,2,4426515,Puka Nacua,WR,4,WR,True,13.2
2025,13,2,4242335,Jonathan Taylor,RB,2,RB,True,15.1
2025,13,2,4047365,Josh Jacobs,RB,23,FLEX,True,10.100000000000001
2025,13,2,3915511,Joe Burrow,QB,21,IR,False,23.240000000000002
2025,13,2,3925357,Calvin Ridley,WR,20,BE,False,0.0
2025,13,2,3051876,Evan Engram,TE,20,BE,False,13.9
2025,13,2,4362249,Jayden Reed,WR,20,BE,False,0.0
2025,13,2,4032473,Rashid Shaheed,WR,4,WR,True,2.6
2025,13,2,4429275,Trey Benson,RB,20,BE,False,0.0
2025,13,2,-16011,Colts D/ST,D/ST,16,D/ST,True,4.0
2025,13,2,4697745,Tyler Loop,K,17,K,True,2.0
2025,13,2,12483,Matthew Stafford,QB,0,QB,True,15.620000000000001
2025,13,2,4808766,Mason Taylor,TE,6,TE,True,4.1
2025,13,2,4373626,Tyler Allgeier,RB,2,RB,True,13.5
2025,13,2,4432577,C.J. Stroud,QB,20,BE,False,9.040000000000001
2025,13,2,4242392,Brock Wright,TE,23,FLEX,True,0.0
2025,13,2,3149687,Chris Brooks,RB,20,BE,False,2.9
2025,13,10,4429160,De'Von Achane,RB,2,RB,True,19.4
2025,13,10,4426502,Drake London,WR,20,BE,False,0.0
2025,13,10,4361307,Trey McBride,TE,6,TE,True,22.200000000000003
2025,13,10,4596448,Bucky Irving,RB,2,RB,True,16.1
2025,13,10,3128429,Courtland Sutton,WR,23,FLEX,True,17.2
2025,13,10,4567750,Emeka Egbuka,WR,4,WR,True,8.2
2025,13,10,4429205,Jordan Addison,WR,23,FLEX,True,8.6
2025,13,10,4882093,Bhayshul Tuten,RB,20,BE,False,8.899999999999999
2025,13,10,-16008,Lions D/ST,D/ST,16,D/ST,True,-1.0
2025,13,10,17427,Cairo Santos,K,17,K,True,6.0
2025,13,10,4569587,Wan'Dale Robinson,WR,4,WR,True,10.4
2025,13,10,3912547,Sam Darnold,QB,20,BE,False,3.12
2025,13,10,3917792,Daniel Jones,QB,0,QB,True,20.14
2025,13,10,10621,Nick Folk,K,20,BE,False,10.0
2025,13,10,4040761,Devin Singletary,RB,20,BE,False,19.200000000000003
2025,13,10,4240657,Michael Carter,RB,20,BE,False,11.4
2025,13,12,4432708,Marvin Harrison Jr.,WR,21,IR,False,12.9
2025,13,12,16800,Davante Adams,WR,4,WR,True,21.8
2025,13,12,4432665,Brock Bowers,TE,23,FLEX,True,22.3
2025,13,12,4430737,Kyren Williams,RB,2,RB,True,13.2
2025,13,12,3040151,George Kittle,TE,6,TE,True,10.7
2025,13,12,4612826,Ladd McConkey,WR,23,FLEX,True,13.9
2025,13,12,4360516,Tyrone Tracy Jr.,RB,20,BE,False,4.3
2025,13,12,4036378,Jordan Love,QB,0,QB,True,36.76
2025,13,12,3953687,Brandon Aubrey,K,17,K,True,12.0
2025,13,12,4877706,Jayden Higgins,WR,20,BE,False,11.5
2025,13,12,4685702,Quinshon Judkins,RB,2,RB,True,15.9
2025,13,12,4428557,Tyjae Spears,RB,20,BE,False,8.4
2025,13,12,4429059,Woody Marks,RB,20,BE,False,7.7
2025,13,12,4361411,Pat Freiermuth,TE,20,BE,False,0.0
2025,13,12,-16007,Broncos D/ST,D/ST,16,D/ST,True,2.0
2025,13,12,4360761,Michael Wilson,WR,4,WR,True,6.6
2025,13,12,-16013,Raiders D/ST,D/ST,20,BE,False,4.0
2025,13,8,3117251,Christian McCaffrey,RB,2,RB,True,17.400000000000002
2025,13,8,4432773,Brian Thomas Jr.,WR,21,IR,False,4.800000000000001
2025,13,8,4379399,James Cook III,RB,2,RB,True,18.7
2025,13,8,4259545,D'Andre Swift,RB,20,BE,False,20.8
2025,13,8,4426354,George Pickens,WR,4,WR,True,16.8
2025,13,8,4035687,Michael Pittman Jr.,WR,23,FLEX,True,2.3
2025,13,8,2577417,Dak Prescott,QB,0,QB,True,24.6
2025,13,8,15818,Keenan Allen,WR,23,FLEX,True,7.0
2025,13,8,3121023,Dallas Goedert,TE,20,BE,False,4.7
2025,13,8,3055899,Harrison Butker,K,17,K,True,4.0
2025,13,8,4428331,Rashee Rice,WR,4,WR,True,29.4
2025,13,8,4689114,Jaxson Dart,QB,20,BE,False,15.56
2025,13,8,4431459,Tyler Warren,TE,6,TE,True,11.2
2025,13,8,3916945,Darius Slayton,WR,20,BE,False,14.100000000000001
2025,13,8,-16027,Buccaneers D/ST,D/ST,16,D/ST,True,7.0
2025,13,8,4241474,Brian Robinson Jr.,RB,20,BE,False,2.6
2025,13,8,-16033,Ravens D/ST,D/ST,20,BE,False,2.0
2025,13,5,4890973,Ashton Jeanty,RB,23,FLEX,True,12.1
2025,13,5,4362238,Chase Brown,RB,2,RB,True,18.3
2025,13,5,3045147,James Conner,RB,21,IR,False,0.0
2025,13,5,4432710,TreVeyon Henderson,RB,2,RB,True,11.6
2025,13,5,3915416,DJ Moore,WR,20,BE,False,4.7
2025,13,5,3052587,Baker Mayfield,QB,20,BE,False,16.46
2025,13,5,3886598,Jauan Jennings,WR,4,WR,True,13.9
2025,13,5,4688813,Josh Downs,WR,4,WR,True,6.4
2025,13,5,-16026,Seahawks D/ST,D/ST,16,D/ST,True,29.0
2025,13,5,3046439,Hunter Henry,TE,20,BE,False,11.3
2025,13,5,-16012,Chiefs D/ST,D/ST,20,BE,False,-3.0
2025,13,5,4683062,Xavier Worthy,WR,20,BE,False,11.4
2025,13,5,4239996,Travis Etienne Jr.,RB,23,FLEX,True,5.1000000000000005
2025,13,5,5083076,Harold Fannin Jr.,TE,6,TE,True,11.3
2025,13,5,4608810,Tez Johnson,WR,20,BE,False,1.5
2025,13,5,4689936,Jake Bates,K,17,K,True,6.0
2025,13,5,2578570,Jacoby Brissett,QB,0,QB,True,23.64
2025,13,7,4362628,Ja'Marr Chase,WR,4,WR,True,18.0
2025,13,7,3929630,Saquon Barkley,RB,2,RB,True,5.6000000000000005
2025,13,7,3918298,Josh Allen,QB,0,QB,True,18.72
2025,13,7,4569618,Garrett Wilson,WR,21,IR,False,0.0
2025,13,7,4431299,Rome Odunze,WR,4,WR,True,2.8
2025,13,7,4361579,Javonte Williams,RB,2,RB,True,17.0
2025,13,7,3116365,Mark Andrews,TE,6,TE,True,8.7
2025,13,7,-16021,Eagles D/ST,D/ST,20,BE,False,2.0
2025,13,7,-16017,Patriots D/ST,D/ST,16,D/ST,True,13.0
2025,13,7,4608686,Kyle Monangai,RB,20,BE,False,19.0
2025,13,7,4685382,Omarion Hampton,RB,20,BE,False,0.0
2025,13,7,3916433,Jakobi Meyers,WR,23,FLEX,True,21.3
2025,13,7,4887558,Emanuel Wilson,RB,20,BE,False,1.4000000000000001
2025,13,7,4248528,Christian Watson,WR,20,BE,False,21.3
2025,13,7,4040655,Darnell Mooney,WR,23,FLEX,True,4.5
2025,13,7,17372,Chris Boswell,K,17,K,True,1.0
2025,13,7,4430539,Brenton Strange,TE,20,BE,False,13.5
2025,13,9,4258173,Nico Collins,WR,4,WR,True,21.5
2025,13,9,4567048,Kenneth Walker III,RB,2,RB,True,10.400000000000002
2025,13,9,4685472,Tetairoa McMillan,WR,4,WR,True,12.3
2025,13,9,4427366,Breece Hall,RB,20,BE,False,15.600000000000001
2025,13,9,4241463,Jerry Jeudy,WR,23,FLEX,True,5.6
2025,13,9,4685415,Travis Hunter,WR,20,BE,False,0.0
2025,13,9,4036133,T.J. Hockenson,TE,6,TE,True,11.9
2025,13,9,4569987,Jaylen Warren,RB,2,RB,True,12.4
2025,13,9,4431611,Caleb Williams,QB,20,BE,False,11.46
2025,13,9,4569173,Rhamondre Stevenson,RB,20,BE,False,11.0
2025,13,9,-16023,Steelers D/ST,D/ST,20,BE,False,4.0
2025,13,9,4431452,Drake Maye,QB,0,QB,True,24.48
2025,13,9,4686361,Cam Little,K,17,K,True,6.0
2025,13,9,-16005,Browns D/ST,D/ST,16,D/ST,True,3.0
2025,13,9,4429148,Theo Johnson,TE,23,FLEX,True,5.9
2025,13,9,2985659,Wil Lutz,K,20,BE,False,9.0
2025,13,6,3916387,Lamar Jackson,QB,0,QB,True,6.539999999999999
2025,13,6,4426338,Bo Nix,QB,20,BE,False,18.439999999999998
2025,13,6,4429615,Zay Flowers,WR,4,WR,True,0.6000000000000001
2025,13,6,3916148,Tony Pollard,RB,20,BE,False,5.3
2025,13,6,3059915,Kareem Hunt,RB,2,RB,True,9.0
2025,13,6,3126486,Deebo Samuel,WR,4,WR,True,11.100000000000001
2025,13,6,4242355,Jake Ferguson,TE,6,TE,True,8.6
2025,13,6,4428718,Tre Tucker,WR,23,FLEX,True,5.0
2025,13,6,-16014,Rams D/ST,D/ST,16,D/ST,True,2.0
2025,13,6,4239993,Tee Higgins,WR,21,IR,False,0.0
2025,13,6,4360078,Alec Pierce,WR,20,BE,False,17.8
2025,13,6,4569923,Andy Borregales,K,17,K,True,14.0
2025,13,6,3121422,Terry McLaurin,WR,20,BE,False,22.6
2025,13,6,4682652,Devin Neal,RB,2,RB,True,9.9
2025,13,6,4362619,Chris Rodriguez Jr.,RB,20,BE,False,10.100000000000001
2025,13,6,2576925,Darren Waller,TE,20,BE,False,6.7
2025,13,6,4595342,Oronde Gadsden,TE,23,FLEX,True,3.7
2025,13,11,4374302,Amon-Ra St. Brown,WR,4,WR,True,0.0
2025,13,11,3043078,Derrick Henry,RB,2,RB,True,17.4
2025,13,11,4430878,Jaxon Smith-Njigba,WR,4,WR,True,4.300000000000001
2025,13,11,4038941,Justin Herbert,QB,0,QB,True,16.84
2025,13,11,4697815,Rachaad White,RB,20,BE,False,5.9
2025,13,11,15835,Zach Ertz,TE,20,BE,False,20.6
2025,13,11,4371733,Kenneth Gainwell,RB,2,RB,True,6.5
2025,13,11,4243331,Cade Otton,TE,6,TE,True,2.9
2025,13,11,4360438,Brandon Aiyuk,WR,21,IR,False,0.0
2025,13,11,4576297,AJ Barner,TE,23,FLEX,True,7.7
2025,13,11,4431280,Troy Franklin,WR,23,FLEX,True,4.1
2025,13,11,4429022,Kayshon Boutte,WR,20,BE,False,13.5
2025,13,11,2473037,Jason Myers,K,17,K,True,19.0
2025,13,11,4361741,Brock Purdy,QB,20,BE,False,19.12
2025,13,11,4426385,Zach Charbonnet,RB,20,BE,False,11.2
2025,13,11,-16030,Jaguars D/ST,D/ST,16,D/ST,True,15.0
2025,13,11,3915411,Ty Johnson,RB,20,BE,False,5.5
2025,13,1,4429795,Jahmyr Gibbs,RB,2,RB,True,11.600000000000001
2025,13,1,4241389,CeeDee Lamb,WR,4,WR,True,24.200000000000003
2025,13,1,3054850,Alvin Kamara,RB,20,BE,False,0.0
2025,13,1,3139477,Patrick Mahomes,QB,0,QB,True,37.44
2025,13,1,4241478,DeVonta Smith,WR,23,FLEX,True,9.8
2025,13,1,4426388,Jameson Williams,WR,4,WR,True,26.9
2025,13,1,15847,Travis Kelce,TE,6,TE,True,15.5
2025,13,1,4568490,RJ Harvey,RB,2,RB,True,21.2
2025,13,1,4361370,Chris Olave,WR,23,FLEX,True,14.7
2025,13,1,2977187,Cooper Kupp,WR,20,BE,False,5.4
2025,13,1,-16034,Texans D/ST,D/ST,16,D/ST,True,4.0
2025,13,1,3150744,Chase McLaughlin,K,17,K,True,10.0
2025,13,1,3046779,Jared Goff,QB,20,BE,False,24.64
2025,13,1,4360248,Kyle Pitts Sr.,TE,20,BE,False,15.200000000000001
2025,13,1,4575131,Jacory Croskey-Merritt,RB,20,BE,False,2.0
2025,13,1,4361529,Isiah Pacheco,RB,20,BE,False,5.300000000000001
2025,13,4,4047646,A.J. Brown,WR,23,FLEX,True,35.2
2025,13,4,4040715,Jalen Hurts,QB,0,QB,True,20.3
2025,13,4,4047650,DK Metcalf,WR,4,WR,True,6.2
2025,13,4,4241416,Chuba Hubbard,RB,20,BE,False,20.400000000000002
2025,13,4,4035538,David Montgomery,RB,2,RB,True,12.799999999999999
2025,13,4,3042519,Aaron Jones Sr.,RB,23,FLEX,True,4.5
2025,13,4,3123076,David Njoku,TE,20,BE,False,2.4
2025,13,4,4428209,Ricky Pearsall,WR,20,BE,False,3.4000000000000004
2025,13,4,2976212,Stefon Diggs,WR,4,WR,True,5.6
2025,13,4,4241985,J.K. Dobbins,RB,20,BE,False,0.0
2025,13,4,4373678,Khalil Shakir,WR,20,BE,False,1.5
2025,13,4,4362081,Cameron Dicker,K,17,K,True,9.0
2025,13,4,4038815,Rico Dowdle,RB,2,RB,True,9.9
2025,13,4,3117256,Dalton Schultz,TE,6,TE,True,12.5
2025,13,4,3050478,Jake Elliott,K,20,BE,False,2.0
2025,13,4,-16009,Packers D/ST,D/ST,16,D/ST,True,3.0
2025,14,2,4426515,Puka Nacua,WR,4,WR,True,35.7
2025,14,2,4242335,Jonathan Taylor,RB,2,RB,True,11.4
2025,14,2,4047365,Josh Jacobs,RB,23,FLEX,True,17.200000000000003
2025,14,2,3915511,Joe Burrow,QB,0,QB,True,31.36
2025,14,2,3925357,Calvin Ridley,WR,20,BE,False,0.0
2025,14,2,3051876,Evan Engram,TE,23,FLEX,True,2.8
2025,14,2,4362249,Jayden Reed,WR,20,BE,False,9.3
2025,14,2,4032473,Rashid Shaheed,WR,4,WR,True,16.7
2025,14,2,4429275,Trey Benson,RB,20,BE,False,0.0
2025,14,2,-16011,Colts D/ST,D/ST,16,D/ST,True,1.0
2025,14,2,4697745,Tyler Loop,K,17,K,True,9.0
2025,14,2,12483,Matthew Stafford,QB,20,BE,False,29.240000000000002
2025,14,2,4808766,Mason Taylor,TE,6,TE,True,10.100000000000001
2025,14,2,4373626,Tyler Allgeier,RB,2,RB,True,8.700000000000001
2025,14,2,4242392,Brock Wright,TE,20,BE,False,0.0
2025,14,2,3149687,Chris Brooks,RB,20,BE,False,1.6
2025,14,12,4432708,Marvin Harrison Jr.,WR,21,IR,False,0.0
2025,14,12,16800,Davante Adams,WR,4,WR,True,6.9
2025,14,12,4432665,Brock Bowers,TE,6,TE,True,14.600000000000001
2025,14,12,4430737,Kyren Williams,RB,2,RB,True,17.7
2025,14,12,3040151,George Kittle,TE,20,BE,False,0.0
2025,14,12,4612826,Ladd McConkey,WR,23,FLEX,True,2.2
2025,14,12,4360516,Tyrone Tracy Jr.,RB,20,BE,False,0.0
2025,14,12,4036378,Jordan Love,QB,0,QB,True,27.259999999999998
2025,14,12,3953687,Brandon Aubrey,K,17,K,True,24.0
2025,14,12,4877706,Jayden Higgins,WR,23,FLEX,True,6.4
2025,14,12,4685702,Quinshon Judkins,RB,2,RB,True,9.4
2025,14,12,4428557,Tyjae Spears,RB,20,BE,False,6.700000000000001
2025,14,12,4429059,Woody Marks,RB,20,BE,False,15.600000000000001
2025,14,12,4361411,Pat Freiermuth,TE,20,BE,False,2.9
2025,14,12,-16007,Broncos D/ST,D/ST,16,D/ST,True,13.0
2025,14,12,4360761,Michael Wilson,WR,4,WR,True,37.2
2025,14,12,-16013,Raiders D/ST,D/ST,20,BE,False,3.0
2025,14,5,4890973,Ashton Jeanty,RB,23,FLEX,True,5.8
2025,14,5,4362238,Chase Brown,RB,2,RB,True,18.5
2025,14,5,3045147,James Conner,RB,21,IR,False,0.0
2025,14,5,4432710,TreVeyon Henderson,RB,20,BE,False,0.0
2025,14,5,3915416,DJ Moore,WR,4,WR,True,0.6
2025,14,5,3052587,Baker Mayfield,QB,0,QB,True,13.08
2025,14,5,3886598,Jauan Jennings,WR,20,BE,False,0.0
2025,14,5,4688813,Josh Downs,WR,4,WR,True,6.300000000000001
2025,14,5,-16026,Seahawks D/ST,D/ST,16,D/ST,True,20.0
2025,14,5,3046439,Hunter Henry,TE,20,BE,False,0.0
2025,14,5,-16012,Chiefs D/ST,D/ST,20,BE,False,5.0
2025,14,5,4683062,Xavier Worthy,WR,23,FLEX,True,8.5
2025,14,5,4239996,Travis Etienne Jr.,RB,2,RB,True,21.2
2025,14,5,5083076,Harold Fannin Jr.,TE,6,TE,True,25.4
2025,14,5,4608810,Tez Johnson,WR,20,BE,False,0.0
2025,14,5,4689936,Jake Bates,K,17,K,True,15.0
2025,14,5,2578570,Jacoby Brissett,QB,20,BE,False,23.04
2025,14,3,4430807,Bijan Robinson,RB,2,RB,True,9.4
2025,14,3,4262921,Justin Jefferson,WR,4,WR,True,3.1
2025,14,3,4372016,Jaylen Waddle,WR,4,WR,True,18.1
2025,14,3,4385690,Dalton Kincaid,TE,20,BE,False,14.100000000000001
2025,14,3,3929645,Juwan Johnson,TE,6,TE,True,7.800000000000001
2025,14,3,4361432,Romeo Doubs,WR,20,BE,False,0.0
2025,14,3,4430968,Kimani Vidal,RB,20,BE,False,11.4
2025,14,3,4360310,Trevor Lawrence,QB,0,QB,True,23.36
2025,14,3,4432620,Parker Washington,WR,20,BE,False,0.0
2025,14,3,4360234,Evan McPherson,K,17,K,True,4.0
2025,14,3,4427728,Bam Knight,RB,23,FLEX,True,6.3999999999999995
2025,14,3,4360569,Jordan Mason,RB,2,RB,True,11.2
2025,14,3,-16002,Bills D/ST,D/ST,16,D/ST,True,10.0
2025,14,3,16737,Mike Evans,WR,21,IR,False,0.0
2025,14,3,4597500,Adonai Mitchell,WR,23,FLEX,True,3.4000000000000004
2025,14,3,-16010,Titans D/ST,D/ST,20,BE,False,5.0
2025,14,9,4258173,Nico Collins,WR,4,WR,True,16.1
2025,14,9,4567048,Kenneth Walker III,RB,2,RB,True,3.8000000000000003
2025,14,9,4685472,Tetairoa McMillan,WR,4,WR,True,0.0
2025,14,9,4427366,Breece Hall,RB,20,BE,False,4.3
2025,14,9,4241463,Jerry Jeudy,WR,23,FLEX,True,19.6
2025,14,9,4685415,Travis Hunter,WR,20,BE,False,0.0
2025,14,9,4036133,T.J. Hockenson,TE,6,TE,True,9.2
2025,14,9,4569987,Jaylen Warren,RB,2,RB,True,15.200000000000001
2025,14,9,4431611,Caleb Williams,QB,20,BE,False,18.94
2025,14,9,4569173,Rhamondre Stevenson,RB,20,BE,False,0.0
2025,14,9,-16023,Steelers D/ST,D/ST,20,BE,False,2.0
2025,14,9,4431452,Drake Maye,QB,0,QB,True,0.0
2025,14,9,4686361,Cam Little,K,17,K,True,11.0
2025,14,9,-16005,Browns D/ST,D/ST,16,D/ST,True,4.0
2025,14,9,4429148,Theo Johnson,TE,23,FLEX,True,0.0
2025,14,9,2985659,Wil Lutz,K,20,BE,False,6.0
2025,14,10,4429160,De'Von Achane,RB,2,RB,True,17.500000000000004
2025,14,10,4426502,Drake London,WR,20,BE,False,0.0
2025,14,10,4361307,Trey McBride,TE,6,TE,True,10.8
2025,14,10,4596448,Bucky Irving,RB,2,RB,True,16.1
2025,14,10,3128429,Courtland Sutton,WR,4,WR,True,12.2
2025,14,10,4567750,Emeka Egbuka,WR,4,WR,True,3.5
2025,14,10,4429205,Jordan Addison,WR,23,FLEX,True,10.2
2025,14,10,4882093,Bhayshul Tuten,RB,23,FLEX,True,-1.5
2025,14,10,-16008,Lions D/ST,D/ST,16,D/ST,True,8.0
2025,14,10,17427,Cairo Santos,K,17,K,True,8.0
2025,14,10,4569587,Wan'Dale Robinson,WR,20,BE,False,0.0
2025,14,10,3912547,Sam Darnold,QB,20,BE,False,28.26
2025,14,10,3917792,Daniel Jones,QB,0,QB,True,0.7999999999999998
2025,14,10,10621,Nick Folk,K,20,BE,False,4.0
2025,14,10,4040761,Devin Singletary,RB,20,BE,False,0.0
2025,14,10,4240657,Michael Carter,RB,20,BE,False,5.1
2025,14,11,4374302,Amon-Ra St. Brown,WR,4,WR,True,15.200000000000001
2025,14,11,3043078,Derrick Henry,RB,2,RB,True,11.200000000000001
2025,14,11,4430878,Jaxon Smith-Njigba,WR,4,WR,True,28.1
2025,14,11,4038941,Justin Herbert,QB,0,QB,True,14.16
2025,14,11,4697815,Rachaad White,RB,20,BE,False,6.500000000000001
2025,14,11,15835,Zach Ertz,TE,6,TE,True,2.1
2025,14,11,4371733,Kenneth Gainwell,RB,2,RB,True,16.2
2025,14,11,4243331,Cade Otton,TE,20,BE,False,4.9
2025,14,11,4360438,Brandon Aiyuk,WR,21,IR,False,0.0
2025,14,11,4576297,AJ Barner,TE,20,BE,False,5.7
2025,14,11,4431280,Troy Franklin,WR,23,FLEX,True,4.1
2025,14,11,2473037,Jason Myers,K,17,K,True,14.0
2025,14,11,4426385,Zach Charbonnet,RB,23,FLEX,True,8.600000000000001
2025,14,11,3915411,Ty Johnson,RB,20,BE,False,5.9
2025,14,11,2576980,Marcus Mariota,QB,20,BE,False,-2.0999999999999996
2025,14,11,-16028,Commanders D/ST,D/ST,16,D/ST,True,3.0
2025,14,11,4432773,Brian Thomas Jr.,WR,20,BE,False,11.700000000000001
2025,14,8,3117251,Christian McCaffrey,RB,20,BE,False,0.0
2025,14,8,4379399,James Cook III,RB,2,RB,True,11.1
2025,14,8,4259545,D'Andre Swift,RB,2,RB,True,11.200000000000001
2025,14,8,4426354,George Pickens,WR,4,WR,True,8.7
2025,14,8,4035687,Michael Pittman Jr.,WR,23,FLEX,True,16.9
2025,14,8,2577417,Dak Prescott,QB,0,QB,True,21.44
2025,14,8,3121023,Dallas Goedert,TE,20,BE,False,15.8
2025,14,8,3055899,Harrison Butker,K,17,K,True,3.0
2025,14,8,4428331,Rashee Rice,WR,4,WR,True,7.4
2025,14,8,4689114,Jaxson Dart,QB,20,BE,False,0.0
2025,14,8,4431459,Tyler Warren,TE,6,TE,True,3.7
2025,14,8,-16027,Buccaneers D/ST,D/ST,16,D/ST,True,7.0
2025,14,8,4241474,Brian Robinson Jr.,RB,20,BE,False,0.0
2025,14,8,-16033,Ravens D/ST,D/ST,20,BE,False,0.0
2025,14,8,4360078,Alec Pierce,WR,23,FLEX,True,13.0
2025,14,8,4429025,Quentin Johnston,WR,20,BE,False,2.8
2025,14,4,4047646,A.J. Brown,WR,23,FLEX,True,16.0
2025,14,4,4040715,Jalen Hurts,QB,0,QB,True,0.40000000000000036
2025,14,4,4047650,DK Metcalf,WR,4,WR,True,21.8
2025,14,4,4035538,David Montgomery,RB,2,RB,True,14.3
2025,14,4,3042519,Aaron Jones Sr.,RB,2,RB,True,7.6000000000000005
2025,14,4,4428209,Ricky Pearsall,WR,20,BE,False,0.0
2025,14,4,2976212,Stefon Diggs,WR,20,BE,False,0.0
2025,14,4,4241985,J.K. Dobbins,RB,21,IR,False,0.0
2025,14,4,4373678,Khalil Shakir,WR,4,WR,True,9.6
2025,14,4,4362081,Cameron Dicker,K,17,K,True,20.0
2025,14,4,4038815,Rico Dowdle,RB,20,BE,False,0.0
2025,14,4,3117256,Dalton Schultz,TE,6,TE,True,5.2
2025,14,4,3050478,Jake Elliott,K,20,BE,False,16.0
2025,14,4,-16009,Packers D/ST,D/ST,20,BE,False,3.0
2025,14,4,-16015,Dolphins D/ST,D/ST,16,D/ST,True,17.0
2025,14,4,4682652,Devin Neal,RB,23,FLEX,True,15.4
2025,14,4,4595342,Oronde Gadsden,TE,20,BE,False,1.7000000000000002
2025,14,7,4362628,Ja'Marr Chase,WR,4,WR,True,10.2
2025,14,7,3929630,Saquon Barkley,RB,2,RB,True,21.200000000000003
2025,14,7,3918298,Josh Allen,QB,0,QB,True,44.84
2025,14,7,4569618,Garrett Wilson,WR,21,IR,False,0.0
2025,14,7,4431299,Rome Odunze,WR,20,BE,False,0.0
2025,14,7,4361579,Javonte Williams,RB,2,RB,True,14.7
2025,14,7,3116365,Mark Andrews,TE,6,TE,True,1.9
2025,14,7,-16021,Eagles D/ST,D/ST,16,D/ST,True,13.0
2025,14,7,-16017,Patriots D/ST,D/ST,20,BE,False,0.0
2025,14,7,4608686,Kyle Monangai,RB,20,BE,False,8.7
2025,14,7,4685382,Omarion Hampton,RB,20,BE,False,14.700000000000001
2025,14,7,3916433,Jakobi Meyers,WR,23,FLEX,True,14.8
2025,14,7,4887558,Emanuel Wilson,RB,20,BE,False,1.0
2025,14,7,4248528,Christian Watson,WR,23,FLEX,True,25.9
2025,14,7,17372,Chris Boswell,K,17,K,True,9.0
2025,14,7,4430539,Brenton Strange,TE,20,BE,False,5.7
2025,14,7,15818,Keenan Allen,WR,4,WR,True,5.2
2025,14,1,4429795,Jahmyr Gibbs,RB,2,RB,True,37.0
2025,14,1,4241389,CeeDee Lamb,WR,4,WR,True,18.1
2025,14,1,3054850,Alvin Kamara,RB,20,BE,False,0.0
2025,14,1,3139477,Patrick Mahomes,QB,20,BE,False,6.300000000000001
2025,14,1,4241478,DeVonta Smith,WR,23,FLEX,True,7.7
2025,14,1,4426388,Jameson Williams,WR,4,WR,True,17.3
2025,14,1,15847,Travis Kelce,TE,6,TE,True,1.8
2025,14,1,4568490,RJ Harvey,RB,2,RB,True,22.0
2025,14,1,4361370,Chris Olave,WR,23,FLEX,True,6.0
2025,14,1,2977187,Cooper Kupp,WR,20,BE,False,11.5
2025,14,1,-16034,Texans D/ST,D/ST,16,D/ST,True,13.0
2025,14,1,3150744,Chase McLaughlin,K,17,K,True,9.0
2025,14,1,3046779,Jared Goff,QB,0,QB,True,18.16
2025,14,1,4360248,Kyle Pitts Sr.,TE,20,BE,False,15.0
2025,14,1,4575131,Jacory Croskey-Merritt,RB,20,BE,False,3.2
2025,14,1,4361529,Isiah Pacheco,RB,20,BE,False,3.0
2025,14,6,3916387,Lamar Jackson,QB,20,BE,False,23.060000000000002
2025,14,6,4426338,Bo Nix,QB,0,QB,True,15.98
2025,14,6,4429615,Zay Flowers,WR,4,WR,True,20.6
2025,14,6,3916148,Tony Pollard,RB,2,RB,True,31.1
2025,14,6,3059915,Kareem Hunt,RB,2,RB,True,9.0
2025,14,6,3126486,Deebo Samuel,WR,4,WR,True,6.7
2025,14,6,4242355,Jake Ferguson,TE,6,TE,True,10.8
2025,14,6,-16014,Rams D/ST,D/ST,16,D/ST,True,6.0
2025,14,6,4239993,Tee Higgins,WR,23,FLEX,True,27.200000000000003
2025,14,6,3121422,Terry McLaurin,WR,23,FLEX,True,7.1000000000000005
2025,14,6,4362619,Chris Rodriguez Jr.,RB,20,BE,False,5.2
2025,14,6,2576925,Darren Waller,TE,20,BE,False,2.7
2025,14,6,3116165,Chris Godwin Jr.,WR,20,BE,False,10.5
2025,14,6,11122,Matt Prater,K,17,K,True,7.0
2025,14,6,4429096,Blake Corum,RB,20,BE,False,27.1
2025,14,6,3127586,Jeremy McNichols,RB,20,BE,False,1.2
2025,15,8,3117251,Christian McCaffrey,RB,2,RB,True,15.700000000000001
2025,15,8,4379399,James Cook III,RB,2,RB,True,31.1
2025,15,8,4259545,D'Andre Swift,RB,23,FLEX,True,22.6
2025,15,8,4426354,George Pickens,WR,4,WR,True,6.300000000000001
2025,15,8,4035687,Michael Pittman Jr.,WR,23,FLEX,True,5.6
2025,15,8,2577417,Dak Prescott,QB,20,BE,False,11.959999999999999
2025,15,8,3121023,Dallas Goedert,TE,6,TE,True,25.0
2025,15,8,3055899,Harrison Butker,K,17,K,True,8.0
2025,15,8,4428331,Rashee Rice,WR,4,WR,True,12.100000000000001
2025,15,8,4689114,Jaxson Dart,QB,0,QB,True,26.14
2025,15,8,4431459,Tyler Warren,TE,20,BE,False,4.9
2025,15,8,-16027,Buccaneers D/ST,D/ST,20,BE,False,-2.0
2025,15,8,4241474,Brian Robinson Jr.,RB,20,BE,False,2.1
2025,15,8,4429025,Quentin Johnston,WR,20,BE,False,0.0
2025,15,8,4429022,Kayshon Boutte,WR,20,BE,False,4.0
2025,15,8,-16018,Saints D/ST,D/ST,16,D/ST,True,6.0
2025,15,10,4429160,De'Von Achane,RB,2,RB,True,18.7
2025,15,10,4426502,Drake London,WR,20,BE,False,0.0
2025,15,10,4361307,Trey McBride,TE,6,TE,True,37.4
2025,15,10,4596448,Bucky Irving,RB,2,RB,True,8.1
2025,15,10,3128429,Courtland Sutton,WR,4,WR,True,24.3
2025,15,10,4567750,Emeka Egbuka,WR,4,WR,True,10.4
2025,15,10,4429205,Jordan Addison,WR,23,FLEX,True,8.600000000000001
2025,15,10,4882093,Bhayshul Tuten,RB,20,BE,False,9.3
2025,15,10,-16008,Lions D/ST,D/ST,20,BE,False,-5.0
2025,15,10,17427,Cairo Santos,K,17,K,True,7.0
2025,15,10,4569587,Wan'Dale Robinson,WR,23,FLEX,True,16.4
2025,15,10,3912547,Sam Darnold,QB,0,QB,True,11.34
2025,15,10,10621,Nick Folk,K,20,BE,False,11.0
2025,15,10,4040761,Devin Singletary,RB,20,BE,False,2.4
2025,15,10,4240657,Michael Carter,RB,20,BE,False,13.400000000000002
2025,15,10,-16006,Cowboys D/ST,D/ST,16,D/ST,True,1.0
2025,15,12,4432708,Marvin Harrison Jr.,WR,21,IR,False,0.0
2025,15,12,16800,Davante Adams,WR,4,WR,True,11.100000000000001
2025,15,12,4432665,Brock Bowers,TE,6,TE,True,8.8
2025,15,12,4430737,Kyren Williams,RB,2,RB,True,21.8
2025,15,12,3040151,George Kittle,TE,23,FLEX,True,22.8
2025,15,12,4612826,Ladd McConkey,WR,20,BE,False,4.0
2025,15,12,4360516,Tyrone Tracy Jr.,RB,20,BE,False,24.7
2025,15,12,4036378,Jordan Love,QB,0,QB,True,15.940000000000001
2025,15,12,3953687,Brandon Aubrey,K,17,K,True,14.6
2025,15,12,4877706,Jayden Higgins,WR,20,BE,False,1.4
2025,15,12,4685702,Quinshon Judkins,RB,2,RB,True,4.699999999999999
2025,15,12,4428557,Tyjae Spears,RB,20,BE,False,5.6000000000000005
2025,15,12,4429059,Woody Marks,RB,23,FLEX,True,10.8
2025,15,12,4361411,Pat Freiermuth,TE,20,BE,False,7.5
2025,15,12,-16007,Broncos D/ST,D/ST,20,BE,False,7.0
2025,15,12,4360761,Michael Wilson,WR,4,WR,True,16.4
2025,15,12,-16003,Bears D/ST,D/ST,16,D/ST,True,19.0
2025,15,7,4362628,Ja'Marr Chase,WR,4,WR,True,23.200000000000003
2025,15,7,3929630,Saquon Barkley,RB,2,RB,True,17.2
2025,15,7,3918298,Josh Allen,QB,0,QB,True,30.52
2025,15,7,4569618,Garrett Wilson,WR,21,IR,False,0.0
2025,15,7,4431299,Rome Odunze,WR,4,WR,True,0.0
2025,15,7,4361579,Javonte Williams,RB,2,RB,True,15.1
2025,15,7,3116365,Mark Andrews,TE,6,TE,True,3.8
2025,15,7,-16021,Eagles D/ST,D/ST,16,D/ST,True,17.0
2025,15,7,-16017,Patriots D/ST,D/ST,20,BE,False,-1.0
2025,15,7,4608686,Kyle Monangai,RB,20,BE,False,3.3000000000000003
2025,15,7,4685382,Omarion Hampton,RB,20,BE,False,7.500000000000001
2025,15,7,3916433,Jakobi Meyers,WR,23,FLEX,True,12.100000000000001
2025,15,7,4248528,Christian Watson,WR,23,FLEX,True,5.9
2025,15,7,17372,Chris Boswell,K,17,K,True,4.0
2025,15,7,4430539,Brenton Strange,TE,20,BE,False,3.6
2025,15,7,15818,Keenan Allen,WR,20,BE,False,8.6
2025,15,7,4241416,Chuba Hubbard,RB,20,BE,False,4.800000000000001
2025,15,11,4374302,Amon-Ra St. Brown,WR,4,WR,True,41.400000000000006
2025,15,11,3043078,Derrick Henry,RB,2,RB,True,10.0
2025,15,11,4430878,Jaxon Smith-Njigba,WR,4,WR,True,18.3
2025,15,11,4038941,Justin Herbert,QB,20,BE,False,12.4
2025,15,11,4697815,Rachaad White,RB,20,BE,False,3.6
2025,15,11,4371733,Kenneth Gainwell,RB,2,RB,True,19.6
2025,15,11,4243331,Cade Otton,TE,20,BE,False,0.0
2025,15,11,4360438,Brandon Aiyuk,WR,21,IR,False,0.0
2025,15,11,4576297,AJ Barner,TE,6,TE,True,5.7
2025,15,11,4431280,Troy Franklin,WR,23,FLEX,True,20.8
2025,15,11,2473037,Jason Myers,K,17,K,True,24.0
2025,15,11,4426385,Zach Charbonnet,RB,20,BE,False,3.1
2025,15,11,3915411,Ty Johnson,RB,20,BE,False,5.8
2025,15,11,4432773,Brian Thomas Jr.,WR,23,FLEX,True,17.1
2025,15,11,4361741,Brock Purdy,QB,0,QB,True,32.2
2025,15,11,4723086,Colston Loveland,TE,20,BE,False,10.100000000000001
2025,15,11,-16025,49ers D/ST,D/ST,16,D/ST,True,0.0
2025,15,1,4429795,Jahmyr Gibbs,RB,2,RB,True,9.8
2025,15,1,4241389,CeeDee Lamb,WR,20,BE,False,17.1
2025,15,1,3054850,Alvin Kamara,RB,20,BE,False,0.0
2025,15,1,3139477,Patrick Mahomes,QB,0,QB,True,13.06
2025,15,1,4241478,DeVonta Smith,WR,4,WR,True,7.0
2025,15,1,4426388,Jameson Williams,WR,4,WR,True,26.4
2025,15,1,15847,Travis Kelce,TE,6,TE,True,14.0
2025,15,1,4568490,RJ Harvey,RB,2,RB,True,10.5
2025,15,1,4361370,Chris Olave,WR,23,FLEX,True,20.5
2025,15,1,2977187,Cooper Kupp,WR,23,FLEX,True,9.600000000000001
2025,15,1,-16034,Texans D/ST,D/ST,16,D/ST,True,6.0
2025,15,1,3046779,Jared Goff,QB,20,BE,False,31.52
2025,15,1,4360248,Kyle Pitts Sr.,TE,20,BE,False,45.6
2025,15,1,4575131,Jacory Croskey-Merritt,RB,20,BE,False,15.600000000000001
2025,15,1,4361529,Isiah Pacheco,RB,20,BE,False,2.1
2025,15,1,2971573,Ka'imi Fairbairn,K,17,K,True,17.0
2025,15,3,4430807,Bijan Robinson,RB,2,RB,True,29.5
2025,15,3,4262921,Justin Jefferson,WR,4,WR,True,4.2
2025,15,3,4372016,Jaylen Waddle,WR,4,WR,True,4.6
2025,15,3,4385690,Dalton Kincaid,TE,20,BE,False,6.4
2025,15,3,3929645,Juwan Johnson,TE,6,TE,True,7.0
2025,15,3,4361432,Romeo Doubs,WR,20,BE,False,5.6
2025,15,3,4430968,Kimani Vidal,RB,20,BE,False,5.800000000000001
2025,15,3,4360310,Trevor Lawrence,QB,0,QB,True,55.300000000000004
2025,15,3,4432620,Parker Washington,WR,20,BE,False,8.3
2025,15,3,4360234,Evan McPherson,K,17,K,True,0.0
2025,15,3,4427728,Bam Knight,RB,23,FLEX,True,-0.2
2025,15,3,4360569,Jordan Mason,RB,2,RB,True,2.9000000000000004
2025,15,3,-16002,Bills D/ST,D/ST,16,D/ST,True,4.0
2025,15,3,16737,Mike Evans,WR,21,IR,False,19.200000000000003
2025,15,3,4597500,Adonai Mitchell,WR,23,FLEX,True,17.4
2025,15,3,-16010,Titans D/ST,D/ST,20,BE,False,-1.0
2025,15,4,4047646,A.J. Brown,WR,23,FLEX,True,12.100000000000001
2025,15,4,4040715,Jalen Hurts,QB,0,QB,True,28.9
2025,15,4,4047650,DK Metcalf,WR,4,WR,True,14.5
2025,15,4,4035538,David Montgomery,RB,2,RB,True,9.2
2025,15,4,3042519,Aaron Jones Sr.,RB,2,RB,True,9.5
2025,15,4,4428209,Ricky Pearsall,WR,20,BE,False,15.600000000000001
2025,15,4,2976212,Stefon Diggs,WR,4,WR,True,5.6
2025,15,4,4241985,J.K. Dobbins,RB,21,IR,False,0.0
2025,15,4,4373678,Khalil Shakir,WR,20,BE,False,11.5
2025,15,4,4362081,Cameron Dicker,K,17,K,True,12.0
2025,15,4,4038815,Rico Dowdle,RB,20,BE,False,12.4
2025,15,4,3117256,Dalton Schultz,TE,6,TE,True,21.6
2025,15,4,3050478,Jake Elliott,K,20,BE,False,7.0
2025,15,4,-16009,Packers D/ST,D/ST,20,BE,False,1.0
2025,15,4,-16015,Dolphins D/ST,D/ST,16,D/ST,True,2.0
2025,15,4,4682652,Devin Neal,RB,23,FLEX,True,10.200000000000001
2025,15,4,4595342,Oronde Gadsden,TE,20,BE,False,10.100000000000001
2025,15,5,4890973,Ashton Jeanty,RB,23,FLEX,True,8.2
2025,15,5,4362238,Chase Brown,RB,2,RB,True,16.0
2025,15,5,3045147,James Conner,RB,21,IR,False,0.0
2025,15,5,4432710,TreVeyon Henderson,RB,23,FLEX,True,36.1
2025,15,5,3915416,DJ Moore,WR,20,BE,False,22.9
2025,15,5,3052587,Baker Mayfield,QB,0,QB,True,23.18
2025,15,5,3886598,Jauan Jennings,WR,4,WR,True,18.7
2025,15,5,4688813,Josh Downs,WR,20,BE,False,10.3
2025,15,5,-16026,Seahawks D/ST,D/ST,16,D/ST,True,6.0
2025,15,5,3046439,Hunter Henry,TE,20,BE,False,2.8
2025,15,5,-16012,Chiefs D/ST,D/ST,20,BE,False,9.0
2025,15,5,4683062,Xavier Worthy,WR,4,WR,True,5.5
2025,15,5,4239996,Travis Etienne Jr.,RB,2,RB,True,32.5
2025,15,5,5083076,Harold Fannin Jr.,TE,6,TE,True,12.0
2025,15,5,4608810,Tez Johnson,WR,20,BE,False,0.0
2025,15,5,4689936,Jake Bates,K,17,K,True,10.0
2025,15,5,2578570,Jacoby Brissett,QB,20,BE,False,26.560000000000002
2025,15,2,4426515,Puka Nacua,WR,4,WR,True,27.900000000000002
2025,15,2,4242335,Jonathan Taylor,RB,2,RB,True,13.100000000000001
2025,15,2,4047365,Josh Jacobs,RB,23,FLEX,True,24.2
2025,15,2,3915511,Joe Burrow,QB,20,BE,False,5.5
2025,15,2,3925357,Calvin Ridley,WR,20,BE,False,0.0
2025,15,2,3051876,Evan Engram,TE,20,BE,False,2.2
2025,15,2,4362249,Jayden Reed,WR,23,FLEX,True,10.5
2025,15,2,4032473,Rashid Shaheed,WR,4,WR,True,12.100000000000001
2025,15,2,4429275,Trey Benson,RB,20,BE,False,0.0
2025,15,2,-16011,Colts D/ST,D/ST,16,D/ST,True,1.0
2025,15,2,4697745,Tyler Loop,K,17,K,True,6.0
2025,15,2,12483,Matthew Stafford,QB,0,QB,True,24.92
2025,15,2,4808766,Mason Taylor,TE,6,TE,True,0.0
2025,15,2,4373626,Tyler Allgeier,RB,2,RB,True,1.8
2025,15,2,4242392,Brock Wright,TE,20,BE,False,0.0
2025,15,2,3149687,Chris Brooks,RB,20,BE,False,2.6
2025,15,6,3916387,Lamar Jackson,QB,0,QB,True,18.6
2025,15,6,4426338,Bo Nix,QB,20,BE,False,37.08
2025,15,6,4429615,Zay Flowers,WR,4,WR,True,15.8
2025,15,6,3916148,Tony Pollard,RB,2,RB,True,18.2
2025,15,6,3059915,Kareem Hunt,RB,20,BE,False,3.0
2025,15,6,3126486,Deebo Samuel,WR,23,FLEX,True,7.3
2025,15,6,4242355,Jake Ferguson,TE,20,BE,False,3.6
2025,15,6,4239993,Tee Higgins,WR,20,BE,False,0.0
2025,15,6,3121422,Terry McLaurin,WR,4,WR,True,18.9
2025,15,6,4362619,Chris Rodriguez Jr.,RB,20,BE,False,0.0
2025,15,6,3116165,Chris Godwin Jr.,WR,23,FLEX,True,14.0
2025,15,6,11122,Matt Prater,K,17,K,True,5.0
2025,15,6,4429096,Blake Corum,RB,20,BE,False,13.100000000000001
2025,15,6,-16030,Jaguars D/ST,D/ST,16,D/ST,True,11.0
2025,15,6,4682745,Jaylen Wright,RB,2,RB,True,2.1
2025,15,6,4361050,Isaiah Likely,TE,6,TE,True,0.0
2025,15,9,4258173,Nico Collins,WR,4,WR,True,26.5
2025,15,9,4567048,Kenneth Walker III,RB,23,FLEX,True,2.9000000000000004
2025,15,9,4685472,Tetairoa McMillan,WR,4,WR,True,4.5
2025,15,9,4427366,Breece Hall,RB,2,RB,True,5.700000000000001
2025,15,9,4241463,Jerry Jeudy,WR,20,BE,False,4.2
2025,15,9,4685415,Travis Hunter,WR,20,BE,False,0.0
2025,15,9,4036133,T.J. Hockenson,TE,20,BE,False,10.600000000000001
2025,15,9,4569987,Jaylen Warren,RB,23,FLEX,True,7.800000000000001
2025,15,9,4431611,Caleb Williams,QB,20,BE,False,22.98
2025,15,9,4569173,Rhamondre Stevenson,RB,2,RB,True,10.7
2025,15,9,-16023,Steelers D/ST,D/ST,16,D/ST,True,9.0
2025,15,9,4431452,Drake Maye,QB,0,QB,True,20.5
2025,15,9,4686361,Cam Little,K,17,K,True,12.0
2025,15,9,-16005,Browns D/ST,D/ST,20,BE,False,2.0
2025,15,9,4429148,Theo Johnson,TE,6,TE,True,10.2
2025,15,9,2985659,Wil Lutz,K,20,BE,False,4.0
2025,16,8,3117251,Christian McCaffrey,RB,2,RB,True,32.6
2025,16,8,4379399,James Cook III,RB,2,RB,True,27.400000000000002
2025,16,8,4259545,D'Andre Swift,RB,23,FLEX,True,9.0
2025,16,8,4426354,George Pickens,WR,4,WR,True,26.0
2025,16,8,4035687,Michael Pittman Jr.,WR,4,WR,True,7.2
2025,16,8,2577417,Dak Prescott,QB,0,QB,True,23.16
2025,16,8,3121023,Dallas Goedert,TE,6,TE,True,12.2
2025,16,8,3055899,Harrison Butker,K,17,K,True,11.0
2025,16,8,4428331,Rashee Rice,WR,20,BE,False,0.0
2025,16,8,4689114,Jaxson Dart,QB,20,BE,False,0.020000000000000018
2025,16,8,4431459,Tyler Warren,TE,20,BE,False,6.0
2025,16,8,4241474,Brian Robinson Jr.,RB,20,BE,False,2.0
2025,16,8,4429025,Quentin Johnston,WR,20,BE,False,20.4
2025,16,8,4429022,Kayshon Boutte,WR,20,BE,False,2.6
2025,16,8,-16018,Saints D/ST,D/ST,16,D/ST,True,20.0
2025,16,8,4569682,Audric Estime,RB,23,FLEX,True,6.6000000000000005
2025,16,12,4432708,Marvin Harrison Jr.,WR,4,WR,True,2.4000000000000004
2025,16,12,16800,Davante Adams,WR,20,BE,False,0.0
2025,16,12,4432665,Brock Bowers,TE,6,TE,True,14.3
2025,16,12,4430737,Kyren Williams,RB,2,RB,True,11.5
2025,16,12,3040151,George Kittle,TE,23,FLEX,True,24.5
2025,16,12,4612826,Ladd McConkey,WR,20,BE,False,14.3
2025,16,12,4360516,Tyrone Tracy Jr.,RB,20,BE,False,9.8
2025,16,12,4036378,Jordan Love,QB,0,QB,True,3.7800000000000002
2025,16,12,3953687,Brandon Aubrey,K,17,K,True,5.0
2025,16,12,4877706,Jayden Higgins,WR,20,BE,False,2.7
2025,16,12,4685702,Quinshon Judkins,RB,2,RB,True,10.100000000000001
2025,16,12,4428557,Tyjae Spears,RB,20,BE,False,21.5
2025,16,12,4429059,Woody Marks,RB,23,FLEX,True,0.0
2025,16,12,4361411,Pat Freiermuth,TE,20,BE,False,6.0
2025,16,12,-16007,Broncos D/ST,D/ST,16,D/ST,True,4.0
2025,16,12,4360761,Michael Wilson,WR,4,WR,True,13.2
2025,16,1,4429795,Jahmyr Gibbs,RB,2,RB,True,22.8
2025,16,1,4241389,CeeDee Lamb,WR,23,FLEX,True,11.100000000000001
2025,16,1,3054850,Alvin Kamara,RB,20,BE,False,0.0
2025,16,1,4241478,DeVonta Smith,WR,4,WR,True,16.2
2025,16,1,4426388,Jameson Williams,WR,4,WR,True,12.0
2025,16,1,15847,Travis Kelce,TE,20,BE,False,1.6
2025,16,1,4568490,RJ Harvey,RB,2,RB,True,22.1
2025,16,1,4361370,Chris Olave,WR,23,FLEX,True,36.8
2025,16,1,2977187,Cooper Kupp,WR,20,BE,False,6.9
2025,16,1,-16034,Texans D/ST,D/ST,16,D/ST,True,11.0
2025,16,1,3046779,Jared Goff,QB,0,QB,True,32.46
2025,16,1,4360248,Kyle Pitts Sr.,TE,6,TE,True,18.7
2025,16,1,4575131,Jacory Croskey-Merritt,RB,20,BE,False,8.5
2025,16,1,4361529,Isiah Pacheco,RB,20,BE,False,13.5
2025,16,1,2971573,Ka'imi Fairbairn,K,17,K,True,16.0
2025,16,1,4432577,C.J. Stroud,QB,20,BE,False,13.48
2025,16,11,4374302,Amon-Ra St. Brown,WR,4,WR,True,9.4
2025,16,11,3043078,Derrick Henry,RB,2,RB,True,22.8
2025,16,11,4430878,Jaxon Smith-Njigba,WR,4,WR,True,23.6
2025,16,11,4038941,Justin Herbert,QB,20,BE,False,34.2
2025,16,11,4697815,Rachaad White,RB,20,BE,False,8.0
2025,16,11,4371733,Kenneth Gainwell,RB,2,RB,True,24.8
2025,16,11,4576297,AJ Barner,TE,20,BE,False,15.0
2025,16,11,4431280,Troy Franklin,WR,20,BE,False,10.600000000000001
2025,16,11,2473037,Jason Myers,K,17,K,True,2.0
2025,16,11,4426385,Zach Charbonnet,RB,20,BE,False,17.4
2025,16,11,3915411,Ty Johnson,RB,20,BE,False,7.6
2025,16,11,4432773,Brian Thomas Jr.,WR,23,FLEX,True,3.8
2025,16,11,4361741,Brock Purdy,QB,0,QB,True,40.9
2025,16,11,4723086,Colston Loveland,TE,6,TE,True,6.0
2025,16,11,4242557,Colby Parkinson,TE,23,FLEX,True,4.1
2025,16,11,-16001,Falcons D/ST,D/ST,16,D/ST,True,4.0
2025,16,7,4362628,Ja'Marr Chase,WR,4,WR,True,19.9
2025,16,7,3929630,Saquon Barkley,RB,2,RB,True,21.200000000000003
2025,16,7,3918298,Josh Allen,QB,0,QB,True,6.9
2025,16,7,4569618,Garrett Wilson,WR,21,IR,False,0.0
2025,16,7,4431299,Rome Odunze,WR,20,BE,False,0.0
2025,16,7,4361579,Javonte Williams,RB,2,RB,True,6.300000000000001
2025,16,7,3116365,Mark Andrews,TE,6,TE,True,4.4
2025,16,7,-16021,Eagles D/ST,D/ST,16,D/ST,True,6.0
2025,16,7,-16017,Patriots D/ST,D/ST,20,BE,False,5.0
2025,16,7,4608686,Kyle Monangai,RB,20,BE,False,12.3
2025,16,7,4685382,Omarion Hampton,RB,23,FLEX,True,16.5
2025,16,7,3916433,Jakobi Meyers,WR,4,WR,True,8.6
2025,16,7,4248528,Christian Watson,WR,20,BE,False,3.7
2025,16,7,17372,Chris Boswell,K,17,K,True,10.0
2025,16,7,4430539,Brenton Strange,TE,20,BE,False,14.9
2025,16,7,15818,Keenan Allen,WR,23,FLEX,True,9.4
2025,16,7,4241416,Chuba Hubbard,RB,20,BE,False,4.4
2025,16,10,4429160,De'Von Achane,RB,2,RB,True,19.0
2025,16,10,4426502,Drake London,WR,20,BE,False,5.7
2025,16,10,4361307,Trey McBride,TE,6,TE,True,6.7
2025,16,10,4596448,Bucky Irving,RB,2,RB,True,7.1000000000000005
2025,16,10,3128429,Courtland Sutton,WR,4,WR,True,20.6
2025,16,10,4567750,Emeka Egbuka,WR,4,WR,True,5.0
2025,16,10,4429205,Jordan Addison,WR,23,FLEX,True,4.6
2025,16,10,4882093,Bhayshul Tuten,RB,20,BE,False,0.0
2025,16,10,-16008,Lions D/ST,D/ST,20,BE,False,0.0
2025,16,10,17427,Cairo Santos,K,17,K,True,14.0
2025,16,10,4569587,Wan'Dale Robinson,WR,23,FLEX,True,5.2
2025,16,10,3912547,Sam Darnold,QB,0,QB,True,23.5
2025,16,10,10621,Nick Folk,K,20,BE,False,6.0
2025,16,10,4040761,Devin Singletary,RB,20,BE,False,5.6000000000000005
2025,16,10,4240657,Michael Carter,RB,20,BE,False,6.5
2025,16,10,-16006,Cowboys D/ST,D/ST,16,D/ST,True,-5.0
2025,16,4,4047646,A.J. Brown,WR,23,FLEX,True,18.5
2025,16,4,4040715,Jalen Hurts,QB,0,QB,True,23.4
2025,16,4,4047650,DK Metcalf,WR,4,WR,True,8.2
2025,16,4,4035538,David Montgomery,RB,2,RB,True,1.4000000000000001
2025,16,4,3042519,Aaron Jones Sr.,RB,2,RB,True,11.3
2025,16,4,4428209,Ricky Pearsall,WR,20,BE,False,0.0
2025,16,4,2976212,Stefon Diggs,WR,4,WR,True,22.8
2025,16,4,4241985,J.K. Dobbins,RB,21,IR,False,0.0
2025,16,4,4373678,Khalil Shakir,WR,20,BE,False,7.4
2025,16,4,4362081,Cameron Dicker,K,17,K,True,10.0
2025,16,4,4038815,Rico Dowdle,RB,23,FLEX,True,8.3
2025,16,4,3117256,Dalton Schultz,TE,6,TE,True,14.5
2025,16,4,3050478,Jake Elliott,K,20,BE,False,1.0
2025,16,4,-16009,Packers D/ST,D/ST,20,BE,False,-2.0
2025,16,4,-16015,Dolphins D/ST,D/ST,16,D/ST,True,-3.0
2025,16,4,4682652,Devin Neal,RB,20,BE,False,0.0
2025,16,4,4595342,Oronde Gadsden,TE,20,BE,False,1.7000000000000002
2025,16,5,4890973,Ashton Jeanty,RB,23,FLEX,True,37.8
2025,16,5,4362238,Chase Brown,RB,2,RB,True,32.9
2025,16,5,3045147,James Conner,RB,21,IR,False,0.0
2025,16,5,4432710,TreVeyon Henderson,RB,23,FLEX,True,2.2
2025,16,5,3915416,DJ Moore,WR,4,WR,True,22.9
2025,16,5,3052587,Baker Mayfield,QB,20,BE,False,14.7
2025,16,5,3886598,Jauan Jennings,WR,4,WR,True,18.1
2025,16,5,4688813,Josh Downs,WR,20,BE,False,11.8
2025,16,5,-16026,Seahawks D/ST,D/ST,20,BE,False,-5.0
2025,16,5,3046439,Hunter Henry,TE,20,BE,False,15.5
2025,16,5,-16012,Chiefs D/ST,D/ST,16,D/ST,True,2.0
2025,16,5,4683062,Xavier Worthy,WR,20,BE,False,6.1000000000000005
2025,16,5,4239996,Travis Etienne Jr.,RB,2,RB,True,16.6
2025,16,5,5083076,Harold Fannin Jr.,TE,6,TE,True,19.5
2025,16,5,4608810,Tez Johnson,WR,20,BE,False,0.9
2025,16,5,4689936,Jake Bates,K,17,K,True,6.0
2025,16,5,2578570,Jacoby Brissett,QB,0,QB,True,12.620000000000001
2025,16,3,4430807,Bijan Robinson,RB,2,RB,True,29.800000000000004
2025,16,3,4262921,Justin Jefferson,WR,4,WR,True,14.5
2025,16,3,4372016,Jaylen Waddle,WR,4,WR,True,12.2
2025,16,3,4385690,Dalton Kincaid,TE,20,BE,False,0.0
2025,16,3,3929645,Juwan Johnson,TE,6,TE,True,16.9
2025,16,3,4361432,Romeo Doubs,WR,20,BE,False,19.4
2025,16,3,4430968,Kimani Vidal,RB,20,BE,False,1.1
2025,16,3,4360310,Trevor Lawrence,QB,0,QB,True,37.16
2025,16,3,4432620,Parker Washington,WR,20,BE,False,26.5
2025,16,3,4360234,Evan McPherson,K,17,K,True,10.0
2025,16,3,4427728,Bam Knight,RB,23,FLEX,True,0.0
2025,16,3,4360569,Jordan Mason,RB,2,RB,True,2.1
2025,16,3,-16002,Bills D/ST,D/ST,16,D/ST,True,9.0
2025,16,3,16737,Mike Evans,WR,21,IR,False,14.1
2025,16,3,4597500,Adonai Mitchell,WR,23,FLEX,True,7.3
2025,16,3,-16010,Titans D/ST,D/ST,20,BE,False,13.0
2025,16,6,3916387,Lamar Jackson,QB,0,QB,True,4.74
2025,16,6,4426338,Bo Nix,QB,20,BE,False,17.18
2025,16,6,4429615,Zay Flowers,WR,4,WR,True,21.200000000000003
2025,16,6,3916148,Tony Pollard,RB,2,RB,True,10.200000000000001
2025,16,6,3059915,Kareem Hunt,RB,20,BE,False,0.2
2025,16,6,3126486,Deebo Samuel,WR,23,FLEX,True,6.5
2025,16,6,4242355,Jake Ferguson,TE,6,TE,True,4.9
2025,16,6,4239993,Tee Higgins,WR,23,FLEX,True,14.3
2025,16,6,3121422,Terry McLaurin,WR,4,WR,True,8.3
2025,16,6,4362619,Chris Rodriguez Jr.,RB,20,BE,False,13.9
2025,16,6,3116165,Chris Godwin Jr.,WR,20,BE,False,8.0
2025,16,6,4429096,Blake Corum,RB,2,RB,True,13.100000000000001
2025,16,6,4361050,Isaiah Likely,TE,20,BE,False,0.0
2025,16,6,4034949,Eddy Pineiro,K,17,K,True,11.0
2025,16,6,-16016,Vikings D/ST,D/ST,16,D/ST,True,14.0
2025,16,6,4362478,Emari Demercado,RB,20,BE,False,3.0
2025,16,2,4426515,Puka Nacua,WR,4,WR,True,49.5
2025,16,2,4242335,Jonathan Taylor,RB,2,RB,True,16.900000000000002
2025,16,2,4047365,Josh Jacobs,RB,23,FLEX,True,4.800000000000001
2025,16,2,3915511,Joe Burrow,QB,20,BE,False,36.96
2025,16,2,3925357,Calvin Ridley,WR,20,BE,False,0.0
2025,16,2,3051876,Evan Engram,TE,20,BE,False,5.6
2025,16,2,4362249,Jayden Reed,WR,23,FLEX,True,7.1
2025,16,2,4032473,Rashid Shaheed,WR,4,WR,True,9.1
2025,16,2,4429275,Trey Benson,RB,20,BE,False,0.0
2025,16,2,-16011,Colts D/ST,D/ST,16,D/ST,True,-2.0
2025,16,2,4697745,Tyler Loop,K,17,K,True,5.0
2025,16,2,12483,Matthew Stafford,QB,0,QB,True,39.88
2025,16,2,4808766,Mason Taylor,TE,6,TE,True,0.0
2025,16,2,4373626,Tyler Allgeier,RB,2,RB,True,8.3
2025,16,2,4242392,Brock Wright,TE,20,BE,False,0.0
2025,16,2,3149687,Chris Brooks,RB,20,BE,False,0.4
2025,16,9,4258173,Nico Collins,WR,4,WR,True,9.9
2025,16,9,4567048,Kenneth Walker III,RB,2,RB,True,28.4
2025,16,9,4685472,Tetairoa McMillan,WR,4,WR,True,19.3
2025,16,9,4427366,Breece Hall,RB,2,RB,True,8.3
2025,16,9,4241463,Jerry Jeudy,WR,20,BE,False,4.2
2025,16,9,4685415,Travis Hunter,WR,20,BE,False,0.0
2025,16,9,4036133,T.J. Hockenson,TE,20,BE,False,1.2
2025,16,9,4569987,Jaylen Warren,RB,23,FLEX,True,31.1
2025,16,9,4431611,Caleb Williams,QB,20,BE,False,26.0
2025,16,9,4569173,Rhamondre Stevenson,RB,23,FLEX,True,17.8
2025,16,9,-16023,Steelers D/ST,D/ST,20,BE,False,5.0
2025,16,9,4431452,Drake Maye,QB,0,QB,True,27.700000000000003
2025,16,9,4686361,Cam Little,K,17,K,True,11.0
2025,16,9,-16005,Browns D/ST,D/ST,16,D/ST,True,4.0
2025,16,9,4429148,Theo Johnson,TE,6,TE,True,0.0
2025,16,9,2985659,Wil Lutz,K,20,BE,False,9.0
2025,17,8,3117251,Christian McCaffrey,RB,2,RB,True,28.1
2025,17,8,4379399,James Cook III,RB,2,RB,True,8.700000000000001
2025,17,8,4259545,D'Andre Swift,RB,23,FLEX,True,21.9
2025,17,8,4426354,George Pickens,WR,4,WR,True,11.8
2025,17,8,4035687,Michael Pittman Jr.,WR,20,BE,False,3.6
2025,17,8,2577417,Dak Prescott,QB,0,QB,True,29.68
2025,17,8,3121023,Dallas Goedert,TE,6,TE,True,9.8
2025,17,8,4428331,Rashee Rice,WR,21,IR,False,0.0
2025,17,8,4689114,Jaxson Dart,QB,20,BE,False,25.08
2025,17,8,4431459,Tyler Warren,TE,20,BE,False,9.3
2025,17,8,4241474,Brian Robinson Jr.,RB,20,BE,False,3.8000000000000003
2025,17,8,4429025,Quentin Johnston,WR,23,FLEX,True,14.8
2025,17,8,-16018,Saints D/ST,D/ST,16,D/ST,True,12.0
2025,17,8,4360078,Alec Pierce,WR,4,WR,True,0.0
2025,17,8,4887558,Emanuel Wilson,RB,20,BE,False,3.4000000000000004
2025,17,8,4569923,Andy Borregales,K,17,K,True,5.0
2025,17,8,4428718,Tre Tucker,WR,20,BE,False,9.9
2025,17,1,4429795,Jahmyr Gibbs,RB,2,RB,True,6.4
2025,17,1,4241389,CeeDee Lamb,WR,23,FLEX,True,9.600000000000001
2025,17,1,3054850,Alvin Kamara,RB,20,BE,False,0.0
2025,17,1,4241478,DeVonta Smith,WR,4,WR,True,4.5
2025,17,1,4426388,Jameson Williams,WR,4,WR,True,5.7
2025,17,1,15847,Travis Kelce,TE,20,BE,False,8.6
2025,17,1,4568490,RJ Harvey,RB,2,RB,True,18.6
2025,17,1,4361370,Chris Olave,WR,23,FLEX,True,25.9
2025,17,1,2977187,Cooper Kupp,WR,20,BE,False,1.6
2025,17,1,-16034,Texans D/ST,D/ST,16,D/ST,True,10.0
2025,17,1,3046779,Jared Goff,QB,0,QB,True,4.08
2025,17,1,4360248,Kyle Pitts Sr.,TE,6,TE,True,3.6
2025,17,1,4575131,Jacory Croskey-Merritt,RB,20,BE,False,25.5
2025,17,1,4361529,Isiah Pacheco,RB,20,BE,False,3.2
2025,17,1,2971573,Ka'imi Fairbairn,K,17,K,True,10.0
2025,17,1,4432577,C.J. Stroud,QB,20,BE,False,21.759999999999998
2025,17,12,4432708,Marvin Harrison Jr.,WR,4,WR,True,0.0
2025,17,12,16800,Davante Adams,WR,20,BE,False,0.0
2025,17,12,4430737,Kyren Williams,RB,2,RB,True,16.0
2025,17,12,3040151,George Kittle,TE,6,TE,True,0.0
2025,17,12,4612826,Ladd McConkey,WR,20,BE,False,4.1
2025,17,12,4360516,Tyrone Tracy Jr.,RB,2,RB,True,6.7
2025,17,12,4036378,Jordan Love,QB,20,BE,False,0.0
2025,17,12,3953687,Brandon Aubrey,K,17,K,True,16.0
2025,17,12,4877706,Jayden Higgins,WR,20,BE,False,19.8
2025,17,12,4428557,Tyjae Spears,RB,20,BE,False,1.0999999999999999
2025,17,12,4429059,Woody Marks,RB,23,FLEX,True,8.500000000000002
2025,17,12,4361411,Pat Freiermuth,TE,20,BE,False,9.3
2025,17,12,-16007,Broncos D/ST,D/ST,16,D/ST,True,8.0
2025,17,12,4360761,Michael Wilson,WR,4,WR,True,19.9
2025,17,12,2468609,Taysom Hill,TE,23,FLEX,True,0.0
2025,17,12,4360689,Tyler Shough,QB,0,QB,True,25.92
2025,17,11,4374302,Amon-Ra St. Brown,WR,4,WR,True,14.8
2025,17,11,3043078,Derrick Henry,RB,2,RB,True,47.6
2025,17,11,4430878,Jaxon Smith-Njigba,WR,4,WR,True,16.2
2025,17,11,4038941,Justin Herbert,QB,20,BE,False,17.14
2025,17,11,4697815,Rachaad White,RB,20,BE,False,3.7
2025,17,11,4371733,Kenneth Gainwell,RB,2,RB,True,6.8
2025,17,11,4576297,AJ Barner,TE,6,TE,True,13.3
2025,17,11,4431280,Troy Franklin,WR,23,FLEX,True,5.7
2025,17,11,2473037,Jason Myers,K,17,K,True,10.0
2025,17,11,4426385,Zach Charbonnet,RB,20,BE,False,26.2
2025,17,11,3915411,Ty Johnson,RB,20,BE,False,7.800000000000001
2025,17,11,4432773,Brian Thomas Jr.,WR,23,FLEX,True,7.9
2025,17,11,4361741,Brock Purdy,QB,0,QB,True,42.92
2025,17,11,4723086,Colston Loveland,TE,20,BE,False,21.4
2025,17,11,4242557,Colby Parkinson,TE,20,BE,False,11.3
2025,17,11,-16019,Giants D/ST,D/ST,16,D/ST,True,19.0
2025,17,7,4362628,Ja'Marr Chase,WR,4,WR,True,25.0
2025,17,7,3929630,Saquon Barkley,RB,2,RB,True,6.800000000000001
2025,17,7,3918298,Josh Allen,QB,0,QB,True,23.18
2025,17,7,4569618,Garrett Wilson,WR,21,IR,False,0.0
2025,17,7,4431299,Rome Odunze,WR,20,BE,False,0.0
2025,17,7,4361579,Javonte Williams,RB,2,RB,True,11.4
2025,17,7,3116365,Mark Andrews,TE,20,BE,False,6.800000000000001
2025,17,7,-16021,Eagles D/ST,D/ST,16,D/ST,True,12.0
2025,17,7,-16017,Patriots D/ST,D/ST,20,BE,False,6.0
2025,17,7,4608686,Kyle Monangai,RB,20,BE,False,7.700000000000001
2025,17,7,4685382,Omarion Hampton,RB,23,FLEX,True,20.0
2025,17,7,3916433,Jakobi Meyers,WR,4,WR,True,7.9
2025,17,7,4248528,Christian Watson,WR,20,BE,False,22.3
2025,17,7,17372,Chris Boswell,K,17,K,True,7.0
2025,17,7,4430539,Brenton Strange,TE,6,TE,True,8.4
2025,17,7,4241416,Chuba Hubbard,RB,20,BE,False,2.8000000000000003
2025,17,7,4685278,Luther Burden III,WR,23,FLEX,True,27.8
2025,17,10,4429160,De'Von Achane,RB,2,RB,True,14.200000000000001
2025,17,10,4426502,Drake London,WR,20,BE,False,1.4
2025,17,10,4361307,Trey McBride,TE,6,TE,True,23.6
2025,17,10,4596448,Bucky Irving,RB,2,RB,True,8.3
2025,17,10,3128429,Courtland Sutton,WR,4,WR,True,8.0
2025,17,10,4567750,Emeka Egbuka,WR,4,WR,True,5.0
2025,17,10,4429205,Jordan Addison,WR,23,FLEX,True,15.5
2025,17,10,4882093,Bhayshul Tuten,RB,20,BE,False,0.0
2025,17,10,-16008,Lions D/ST,D/ST,20,BE,False,11.0
2025,17,10,17427,Cairo Santos,K,17,K,True,8.0
2025,17,10,4569587,Wan'Dale Robinson,WR,23,FLEX,True,22.3
2025,17,10,3912547,Sam Darnold,QB,0,QB,True,8.08
2025,17,10,10621,Nick Folk,K,20,BE,False,4.0
2025,17,10,4040761,Devin Singletary,RB,20,BE,False,17.0
2025,17,10,4240657,Michael Carter,RB,20,BE,False,6.300000000000001
2025,17,10,-16006,Cowboys D/ST,D/ST,16,D/ST,True,2.0
2025,17,3,4430807,Bijan Robinson,RB,2,RB,True,42.9
2025,17,3,4262921,Justin Jefferson,WR,4,WR,True,7.0
2025,17,3,4372016,Jaylen Waddle,WR,4,WR,True,0.7000000000000001
2025,17,3,4385690,Dalton Kincaid,TE,20,BE,False,0.0
2025,17,3,3929645,Juwan Johnson,TE,6,TE,True,13.5
2025,17,3,4361432,Romeo Doubs,WR,20,BE,False,9.2
2025,17,3,4430968,Kimani Vidal,RB,20,BE,False,0.0
2025,17,3,4360310,Trevor Lawrence,QB,0,QB,True,23.119999999999997
2025,17,3,4432620,Parker Washington,WR,20,BE,False,19.0
2025,17,3,4360234,Evan McPherson,K,17,K,True,8.0
2025,17,3,4427728,Bam Knight,RB,23,FLEX,True,0.0
2025,17,3,4360569,Jordan Mason,RB,2,RB,True,0.0
2025,17,3,-16002,Bills D/ST,D/ST,16,D/ST,True,8.0
2025,17,3,16737,Mike Evans,WR,21,IR,False,12.1
2025,17,3,4597500,Adonai Mitchell,WR,23,FLEX,True,5.2
2025,17,3,-16010,Titans D/ST,D/ST,20,BE,False,1.0
2025,17,5,4890973,Ashton Jeanty,RB,23,FLEX,True,9.3
2025,17,5,4362238,Chase Brown,RB,2,RB,True,29.1
2025,17,5,3045147,James Conner,RB,21,IR,False,0.0
2025,17,5,4432710,TreVeyon Henderson,RB,23,FLEX,True,8.200000000000001
2025,17,5,3915416,DJ Moore,WR,4,WR,True,1.7000000000000002
2025,17,5,3052587,Baker Mayfield,QB,20,BE,False,21.439999999999998
2025,17,5,3886598,Jauan Jennings,WR,4,WR,True,12.2
2025,17,5,4688813,Josh Downs,WR,20,BE,False,5.4
2025,17,5,-16026,Seahawks D/ST,D/ST,20,BE,False,13.0
2025,17,5,3046439,Hunter Henry,TE,20,BE,False,13.9
2025,17,5,-16012,Chiefs D/ST,D/ST,16,D/ST,True,3.0
2025,17,5,4683062,Xavier Worthy,WR,20,BE,False,0.1
2025,17,5,4239996,Travis Etienne Jr.,RB,2,RB,True,11.200000000000001
2025,17,5,5083076,Harold Fannin Jr.,TE,6,TE,True,11.0
2025,17,5,4608810,Tez Johnson,WR,20,BE,False,3.9000000000000004
2025,17,5,4689936,Jake Bates,K,17,K,True,5.0
2025,17,5,2578570,Jacoby Brissett,QB,0,QB,True,20.48
2025,17,4,4047646,A.J. Brown,WR,23,FLEX,True,11.8
2025,17,4,4040715,Jalen Hurts,QB,0,QB,True,10.9
2025,17,4,4047650,DK Metcalf,WR,20,BE,False,0.0
2025,17,4,4035538,David Montgomery,RB,2,RB,True,6.0
2025,17,4,3042519,Aaron Jones Sr.,RB,2,RB,True,15.3
2025,17,4,4428209,Ricky Pearsall,WR,20,BE,False,13.5
2025,17,4,2976212,Stefon Diggs,WR,4,WR,True,22.1
2025,17,4,4241985,J.K. Dobbins,RB,21,IR,False,0.0
2025,17,4,4373678,Khalil Shakir,WR,4,WR,True,9.5
2025,17,4,4362081,Cameron Dicker,K,17,K,True,2.0
2025,17,4,4038815,Rico Dowdle,RB,23,FLEX,True,9.3
2025,17,4,3117256,Dalton Schultz,TE,6,TE,True,4.9
2025,17,4,3050478,Jake Elliott,K,20,BE,False,8.0
2025,17,4,-16009,Packers D/ST,D/ST,20,BE,False,-4.0
2025,17,4,-16015,Dolphins D/ST,D/ST,16,D/ST,True,12.0
2025,17,4,4682652,Devin Neal,RB,20,BE,False,0.0
2025,17,4,4595342,Oronde Gadsden,TE,20,BE,False,12.2
2025,17,9,4258173,Nico Collins,WR,4,WR,True,8.7
2025,17,9,4567048,Kenneth Walker III,RB,2,RB,True,7.700000000000001
2025,17,9,4685472,Tetairoa McMillan,WR,4,WR,True,1.5
2025,17,9,4427366,Breece Hall,RB,2,RB,True,23.900000000000002
2025,17,9,4241463,Jerry Jeudy,WR,20,BE,False,10.4
2025,17,9,4685415,Travis Hunter,WR,20,BE,False,0.0
2025,17,9,4036133,T.J. Hockenson,TE,20,BE,False,0.0
2025,17,9,4569987,Jaylen Warren,RB,23,FLEX,True,6.4
2025,17,9,4431611,Caleb Williams,QB,20,BE,False,27.0
2025,17,9,4569173,Rhamondre Stevenson,RB,23,FLEX,True,27.2
2025,17,9,-16023,Steelers D/ST,D/ST,20,BE,False,11.0
2025,17,9,4431452,Drake Maye,QB,0,QB,True,42.44
2025,17,9,4686361,Cam Little,K,17,K,True,14.0
2025,17,9,-16005,Browns D/ST,D/ST,16,D/ST,True,8.0
2025,17,9,4429148,Theo Johnson,TE,6,TE,True,0.0
2025,17,9,2985659,Wil Lutz,K,20,BE,False,8.0
2025,17,2,4426515,Puka Nacua,WR,4,WR,True,15.7
2025,17,2,4242335,Jonathan Taylor,RB,2,RB,True,17.4
2025,17,2,4047365,Josh Jacobs,RB,23,FLEX,True,1.3
2025,17,2,3915511,Joe Burrow,QB,20,BE,False,24.4
2025,17,2,3925357,Calvin Ridley,WR,20,BE,False,0.0
2025,17,2,3051876,Evan Engram,TE,20,BE,False,6.1
2025,17,2,4362249,Jayden Reed,WR,23,FLEX,True,8.100000000000001
2025,17,2,4032473,Rashid Shaheed,WR,4,WR,True,1.8
2025,17,2,4429275,Trey Benson,RB,20,BE,False,0.0
2025,17,2,-16011,Colts D/ST,D/ST,16,D/ST,True,6.0
2025,17,2,4697745,Tyler Loop,K,17,K,True,11.0
2025,17,2,12483,Matthew Stafford,QB,0,QB,True,16.759999999999998
2025,17,2,4808766,Mason Taylor,TE,6,TE,True,0.0
2025,17,2,4373626,Tyler Allgeier,RB,2,RB,True,2.3000000000000003
2025,17,2,4242392,Brock Wright,TE,20,BE,False,0.0
2025,17,2,3149687,Chris Brooks,RB,20,BE,False,2.1
2025,17,6,3916387,Lamar Jackson,QB,20,BE,False,0.0
2025,17,6,4426338,Bo Nix,QB,0,QB,True,21.48
2025,17,6,4429615,Zay Flowers,WR,4,WR,True,13.0
2025,17,6,3916148,Tony Pollard,RB,2,RB,True,11.5
2025,17,6,3126486,Deebo Samuel,WR,20,BE,False,11.3
2025,17,6,4242355,Jake Ferguson,TE,6,TE,True,7.6
2025,17,6,4239993,Tee Higgins,WR,23,FLEX,True,9.9
2025,17,6,3121422,Terry McLaurin,WR,4,WR,True,11.3
2025,17,6,4362619,Chris Rodriguez Jr.,RB,20,BE,False,0.0
2025,17,6,3116165,Chris Godwin Jr.,WR,23,FLEX,True,23.8
2025,17,6,4429096,Blake Corum,RB,2,RB,True,1.8
2025,17,6,4361050,Isaiah Likely,TE,20,BE,False,5.7
2025,17,6,4034949,Eddy Pineiro,K,17,K,True,6.0
2025,17,6,4362478,Emari Demercado,RB,20,BE,False,4.0
2025,17,6,-16030,Jaguars D/ST,D/ST,16,D/ST,True,9.0
2025,17,6,5081397,Dylan Sampson,RB,20,BE,False,5.7
